id,nazwa,kategoria,producent,cena,waluta,dostepnosc,stan,ocena,liczba_opinii,gwarancja,gwarancja_miesiace,data_dodania,darmowa_dostawa,sku,ean,kolor,waga_kg,wymiary,material,kraj_pochodzenia,zasilanie,certyfikaty,zawartosc_zestawu,specyfikacja_ukryta,opis,link,zrodlo_listy,strona_listy
1,Dell Xiaomi 14 #1,Smartfony,Dell,1201.35,PLN,Dostępny w salonie,Odnowiony przez producenta,,0,Dożywotnia producenta,,2026-04-03,True,SKU-10001,590000000001,Czarny mat,2.59,32 x 30 x 9 cm,Stop magnezu i aluminium,Japonia,Baterie AAA / Akumulator,"CE, RoHS, ISO 9001, Energy Star","Urządzenie Dell Xiaomi 14, kabel zasilający, instrukcja obsługi w j. polskim, karta gwarancyjna",Taktowanie magistrali: 4128 MHz; Poziom emisji hałasu: 19 dB; Pobór mocy znamionowy: 18 W; Architektura procesora: x86_64 / ARMv9; Wersja oprogramowania układowego (Firmware): v1.3.39,"Oryginalny produkt marki Dell z serii Xiaomi 14. Wysoka jakość wykonania, znakomita wydajność oraz energooszczędność. Gwarancja pełnej kompatybilności & wsparcie techniczne producenta w standardzie.",http://localhost:8000/detail.html?id=1,karta,1
2,Dell XS2000 2TB #2,Dyski SSD,Dell,5614.3,EUR,Dostępny w salonie,Nowy,3.5,391,12 miesięcy,12,2026-08-08,True,SKU-10002,590000000002,Biały perłowy,0.49,19 x 30 x 10 cm,Szkło hartowane i metal,Tajwan,Akumulator Li-Ion,"CE, RoHS, ISO 9001, Energy Star","Urządzenie Dell XS2000 2TB, kabel zasilający, instrukcja obsługi w j. polskim, karta gwarancyjna",Taktowanie magistrali: 3870 MHz; Poziom emisji hałasu: 29 dB; Pobór mocy znamionowy: 92 W; Architektura procesora: x86_64 / ARMv9; Wersja oprogramowania układowego (Firmware): v3.0.68,"Oryginalny produkt marki Dell z serii XS2000 2TB. Wysoka jakość wykonania, znakomita wydajność oraz energooszczędność. Gwarancja pełnej kompatybilności & wsparcie techniczne producenta w standardzie.",http://localhost:8000/detail.html?id=2,karta,1
3,Dell Edge 50 Ultra #3,Smartfony,Dell,7882.25,PLN,Ostatnie 3 sztuki,Odnowiony przez producenta,4.8,195,36 miesięcy,36,2026-05-30,True,SKU-10003,590000000003,Gwiezdna szarość,0.86,22 x 18 x 9 cm,Tworzywo ABS wzmocnione,Niemcy,Sieciowe 230V,"CE, RoHS, ISO 9001, Energy Star","Urządzenie Dell Edge 50 Ultra, kabel zasilający, instrukcja obsługi w j. polskim, karta gwarancyjna",Taktowanie magistrali: 3855 MHz; Poziom emisji hałasu: 24 dB; Pobór mocy znamionowy: 100 W; Architektura procesora: x86_64 / ARMv9; Wersja oprogramowania układowego (Firmware): v3.1.87,"Oryginalny produkt marki Dell z serii Edge 50 Ultra. Wysoka jakość wykonania, znakomita wydajność oraz energooszczędność. Gwarancja pełnej kompatybilności & wsparcie techniczne producenta w standardzie.",http://localhost:8000/detail.html?id=3,karta,1
4,Dell Ergo K860 #4,Klawiatury i Myszy,Dell,2214.15,PLN,Ostatnie 3 sztuki,Odnowiony przez producenta,4.9,449,24 miesiące,24,2026-05-23,True,SKU-10004,590000000004,Granatowy metalik,2.49,33 x 28 x 7 cm,Polikarbonat i aluminium,Korea Południowa,USB-C Power Delivery 65W,"CE, RoHS, ISO 9001, Energy Star","Urządzenie Dell Ergo K860, kabel zasilający, instrukcja obsługi w j. polskim, karta gwarancyjna",Taktowanie magistrali: 6023 MHz; Poziom emisji hałasu: 38 dB; Pobór mocy znamionowy: 73 W; Architektura procesora: x86_64 / ARMv9; Wersja oprogramowania układowego (Firmware): v2.4.27,"Oryginalny produkt marki Dell z serii Ergo K860. Wysoka jakość wykonania, znakomita wydajność oraz energooszczędność. Gwarancja pełnej kompatybilności & wsparcie techniczne producenta w standardzie.",http://localhost:8000/detail.html?id=4,karta,1
5,HP DeathAdder V3 #5,Klawiatury i Myszy,HP,6069.68,PLN,W magazynie,Odnowiony przez producenta,3.5,82,48 miesięcy,48,2026-05-26,True,SKU-10005,590000000005,Granatowy metalik,3.42,34 x 30 x 6 cm,Tworzywo ABS wzmocnione,Polska,Baterie AAA / Akumulator,"CE, RoHS, ISO 9001, Energy Star","Urządzenie HP DeathAdder V3, kabel zasilający, instrukcja obsługi w j. polskim, karta gwarancyjna",Taktowanie magistrali: 3963 MHz; Poziom emisji hałasu: 37 dB; Pobór mocy znamionowy: 74 W; Architektura procesora: x86_64 / ARMv9; Wersja oprogramowania układowego (Firmware): v3.8.11,"Oryginalny produkt marki HP z serii DeathAdder V3. Wysoka jakość wykonania, znakomita wydajność oraz energooszczędność. Gwarancja pełnej kompatybilności & wsparcie techniczne producenta w standardzie.",http://localhost:8000/detail.html?id=5,karta,1
6,Logitech UltraSharp U2724D #6,Monitory,Logitech,7018.24,USD,W magazynie,Odnowiony przez producenta,4.1,92,12 miesięcy,12,2026-10-06,True,SKU-10006,590000000006,Srebrny,2.28,13 x 21 x 5 cm,Aluminium szczotkowane,Niemcy,Akumulator Li-Ion,"CE, RoHS, ISO 9001, Energy Star","Urządzenie Logitech UltraSharp U2724D, kabel zasilający, instrukcja obsługi w j. polskim, karta gwarancyjna",Taktowanie magistrali: 3026 MHz; Poziom emisji hałasu: 29 dB; Pobór mocy znamionowy: 112 W; Architektura procesora: x86_64 / ARMv9; Wersja oprogramowania układowego (Firmware): v2.8.77,"Oryginalny produkt marki Logitech z serii UltraSharp U2724D. Wysoka jakość wykonania, znakomita wydajność oraz energooszczędność. Gwarancja pełnej kompatybilności & wsparcie techniczne producenta w standardzie.",http://localhost:8000/detail.html?id=6,karta,1
7,Lenovo Nova 12 #7,Smartfony,Lenovo,7825.08,EUR,Ostatnie 3 sztuki,Odnowiony przez producenta,3.4,338,Dożywotnia producenta,,2026-06-26,True,SKU-10007,590000000007,Srebrny,1.89,31 x 30 x 6 cm,Szkło hartowane i metal,Japonia,Baterie AAA / Akumulator,"CE, RoHS, ISO 9001, Energy Star","Urządzenie Lenovo Nova 12, kabel zasilający, instrukcja obsługi w j. polskim, karta gwarancyjna",Taktowanie magistrali: 4561 MHz; Poziom emisji hałasu: 37 dB; Pobór mocy znamionowy: 69 W; Architektura procesora: x86_64 / ARMv9; Wersja oprogramowania układowego (Firmware): v2.8.98,"Oryginalny produkt marki Lenovo z serii Nova 12. Wysoka jakość wykonania, znakomita wydajność oraz energooszczędność. Gwarancja pełnej kompatybilności & wsparcie techniczne producenta w standardzie.",http://localhost:8000/detail.html?id=7,karta,1
8,Samsung Edge 50 Ultra #8,Smartfony,Samsung,265.17,PLN,Dostępny na zamówienie,Odnowiony przez producenta,4.3,4,,,2026-07-05,False,SKU-10008,590000000008,Biały perłowy,1.08,14 x 28 x 10 cm,Stop magnezu i aluminium,Japonia,Baterie AAA / Akumulator,"CE, RoHS, ISO 9001, Energy Star","Urządzenie Samsung Edge 50 Ultra, kabel zasilający, instrukcja obsługi w j. polskim, karta gwarancyjna",Taktowanie magistrali: 2676 MHz; Poziom emisji hałasu: 19 dB; Pobór mocy znamionowy: 57 W; Architektura procesora: x86_64 / ARMv9; Wersja oprogramowania układowego (Firmware): v1.8.40,"Oryginalny produkt marki Samsung z serii Edge 50 Ultra. Wysoka jakość wykonania, znakomita wydajność oraz energooszczędność. Gwarancja pełnej kompatybilności & wsparcie techniczne producenta w standardzie.",http://localhost:8000/detail.html?id=8,karta,1
9,Samsung WH-1000XM5 #9,Audio i Słuchawki,Samsung,3504.3,PLN,Ostatnie 3 sztuki,Odnowiony przez producenta,4.0,374,,,2026-08-17,True,SKU-10009,590000000009,Biały perłowy,0.76,15 x 18 x 8 cm,Aluminium szczotkowane,Niemcy,Baterie AAA / Akumulator,"CE, RoHS, ISO 9001, Energy Star","Urządzenie Samsung WH-1000XM5, kabel zasilający, instrukcja obsługi w j. polskim, karta gwarancyjna",Taktowanie magistrali: 4049 MHz; Poziom emisji hałasu: 28 dB; Pobór mocy znamionowy: 117 W; Architektura procesora: x86_64 / ARMv9; Wersja oprogramowania układowego (Firmware): v1.3.34,"Oryginalny produkt marki Samsung z serii WH-1000XM5. Wysoka jakość wykonania, znakomita wydajność oraz energooszczędność. Gwarancja pełnej kompatybilności & wsparcie techniczne producenta w standardzie.",http://localhost:8000/detail.html?id=9,karta,1
10,Dell Galaxy S24 Ultra #10,Smartfony,Dell,7417.3,USD,Wysyłka w 24h,Odnowiony przez producenta,3.5,249,48 miesięcy,48,2026-07-21,True,SKU-10010,590000000010,Granatowy metalik,3.03,25 x 14 x 4 cm,Stop magnezu i aluminium,Tajwan,Sieciowe 230V,"CE, RoHS, ISO 9001, Energy Star","Urządzenie Dell Galaxy S24 Ultra, kabel zasilający, instrukcja obsługi w j. polskim, karta gwarancyjna",Taktowanie magistrali: 3952 MHz; Poziom emisji hałasu: 18 dB; Pobór mocy znamionowy: 64 W; Architektura procesora: x86_64 / ARMv9; Wersja oprogramowania układowego (Firmware): v3.7.46,"Oryginalny produkt marki Dell z serii Galaxy S24 Ultra. Wysoka jakość wykonania, znakomita wydajność oraz energooszczędność. Gwarancja pełnej kompatybilności & wsparcie techniczne producenta w standardzie.",http://localhost:8000/detail.html?id=10,karta,1
11,Sony ThinkPad T14 #11,Laptopy,Sony,3865.63,PLN,Dostępny w salonie,Nowy,4.2,30,12 miesięcy,12,2026-08-15,True,SKU-10011,590000000011,Granatowy metalik,2.74,29 x 12 x 7 cm,Szkło hartowane i metal,Chiny,USB-C Power Delivery 65W,"CE, RoHS, ISO 9001, Energy Star","Urządzenie Sony ThinkPad T14, kabel zasilający, instrukcja obsługi w j. polskim, karta gwarancyjna",Taktowanie magistrali: 4837 MHz; Poziom emisji hałasu: 20 dB; Pobór mocy znamionowy: 101 W; Architektura procesora: x86_64 / ARMv9; Wersja oprogramowania układowego (Firmware): v2.6.25,"Oryginalny produkt marki Sony z serii ThinkPad T14. Wysoka jakość wykonania, znakomita wydajność oraz energooszczędność. Gwarancja pełnej kompatybilności & wsparcie techniczne producenta w standardzie.",http://localhost:8000/detail.html?id=11,karta,1
12,Samsung Crucial T700 1TB #12,Dyski SSD,Samsung,1984.62,PLN,Dostępny w salonie,Powystawowy,4.4,154,12 miesięcy,12,2026-05-07,True,SKU-10012,590000000012,Gwiezdna szarość,4.21,38 x 12 x 4 cm,Tworzywo ABS wzmocnione,Tajwan,Akumulator Li-Ion,"CE, RoHS, ISO 9001, Energy Star","Urządzenie Samsung Crucial T700 1TB, kabel zasilający, instrukcja obsługi w j. polskim, karta gwarancyjna",Taktowanie magistrali: 4944 MHz; Poziom emisji hałasu: 36 dB; Pobór mocy znamionowy: 27 W; Architektura procesora: x86_64 / ARMv9; Wersja oprogramowania układowego (Firmware): v1.8.37,"Oryginalny produkt marki Samsung z serii Crucial T700 1TB. Wysoka jakość wykonania, znakomita wydajność oraz energooszczędność. Gwarancja pełnej kompatybilności & wsparcie techniczne producenta w standardzie.",http://localhost:8000/detail.html?id=12,karta,1
13,LG Fritz!Box 7590 AX #13,Akcesoria sieciowe,LG,7871.44,PLN,Dostępny w salonie,Nowy,4.2,342,36 miesięcy,36,2026-07-29,True,SKU-10013,590000000013,Srebrny,1.04,30 x 18 x 9 cm,Tworzywo ABS wzmocnione,Japonia,Sieciowe 230V,"CE, RoHS, ISO 9001, Energy Star","Urządzenie LG Fritz!Box 7590 AX, kabel zasilający, instrukcja obsługi w j. polskim, karta gwarancyjna",Taktowanie magistrali: 3483 MHz; Poziom emisji hałasu: 21 dB; Pobór mocy znamionowy: 28 W; Architektura procesora: x86_64 / ARMv9; Wersja oprogramowania układowego (Firmware): v2.4.46,"Oryginalny produkt marki LG z serii Fritz!Box 7590 AX. Wysoka jakość wykonania, znakomita wydajność oraz energooszczędność. Gwarancja pełnej kompatybilności & wsparcie techniczne producenta w standardzie.",http://localhost:8000/detail.html?id=13,karta,1
14,ASUS Xiaomi 14 #14,Smartfony,ASUS,2734.1,PLN,Ostatnie 3 sztuki,Odnowiony przez producenta,,0,24 miesiące,24,2026-04-13,True,SKU-10014,590000000014,Czarny mat,3.78,28 x 27 x 3 cm,Stop magnezu i aluminium,Japonia,Sieciowe 230V,"CE, RoHS, ISO 9001, Energy Star","Urządzenie ASUS Xiaomi 14, kabel zasilający, instrukcja obsługi w j. polskim, karta gwarancyjna",Taktowanie magistrali: 5290 MHz; Poziom emisji hałasu: 31 dB; Pobór mocy znamionowy: 86 W; Architektura procesora: x86_64 / ARMv9; Wersja oprogramowania układowego (Firmware): v1.1.19,"Oryginalny produkt marki ASUS z serii Xiaomi 14. Wysoka jakość wykonania, znakomita wydajność oraz energooszczędność. Gwarancja pełnej kompatybilności & wsparcie techniczne producenta w standardzie.",http://localhost:8000/detail.html?id=14,karta,1
15,Sony XS2000 2TB #15,Dyski SSD,Sony,414.17,USD,W magazynie,Nowy,4.4,342,,,2026-03-27,True,SKU-10015,590000000015,Srebrny,3.55,23 x 17 x 5 cm,Aluminium szczotkowane,Niemcy,Baterie AAA / Akumulator,"CE, RoHS, ISO 9001, Energy Star","Urządzenie Sony XS2000 2TB, kabel zasilający, instrukcja obsługi w j. polskim, karta gwarancyjna",Taktowanie magistrali: 5469 MHz; Poziom emisji hałasu: 22 dB; Pobór mocy znamionowy: 45 W; Architektura procesora: x86_64 / ARMv9; Wersja oprogramowania układowego (Firmware): v2.2.62,"Oryginalny produkt marki Sony z serii XS2000 2TB. Wysoka jakość wykonania, znakomita wydajność oraz energooszczędność. Gwarancja pełnej kompatybilności & wsparcie techniczne producenta w standardzie.",http://localhost:8000/detail.html?id=15,karta,1
16,Logitech MacBook Air M3 #16,Laptopy,Logitech,7354.77,PLN,Dostępny w salonie,Powystawowy,4.7,447,12 miesięcy,12,2026-05-22,True,SKU-10016,590000000016,Granatowy metalik,1.59,10 x 13 x 5 cm,Szkło hartowane i metal,Niemcy,USB-C Power Delivery 65W,"CE, RoHS, ISO 9001, Energy Star","Urządzenie Logitech MacBook Air M3, kabel zasilający, instrukcja obsługi w j. polskim, karta gwarancyjna",Taktowanie magistrali: 3744 MHz; Poziom emisji hałasu: 26 dB; Pobór mocy znamionowy: 23 W; Architektura procesora: x86_64 / ARMv9; Wersja oprogramowania układowego (Firmware): v3.5.92,"Oryginalny produkt marki Logitech z serii MacBook Air M3. Wysoka jakość wykonania, znakomita wydajność oraz energooszczędność. Gwarancja pełnej kompatybilności & wsparcie techniczne producenta w standardzie.",http://localhost:8000/detail.html?id=16,karta,1
17,Lenovo Latitude 5540 #17,Laptopy,Lenovo,6311.78,PLN,W magazynie,Odnowiony przez producenta,5.0,60,Dożywotnia producenta,,2026-06-28,True,SKU-10017,590000000017,Srebrny,2.86,31 x 13 x 5 cm,Tworzywo ABS wzmocnione,Korea Południowa,Baterie AAA / Akumulator,"CE, RoHS, ISO 9001, Energy Star","Urządzenie Lenovo Latitude 5540, kabel zasilający, instrukcja obsługi w j. polskim, karta gwarancyjna",Taktowanie magistrali: 2581 MHz; Poziom emisji hałasu: 31 dB; Pobór mocy znamionowy: 15 W; Architektura procesora: x86_64 / ARMv9; Wersja oprogramowania układowego (Firmware): v2.5.65,"Oryginalny produkt marki Lenovo z serii Latitude 5540. Wysoka jakość wykonania, znakomita wydajność oraz energooszczędność. Gwarancja pełnej kompatybilności & wsparcie techniczne producenta w standardzie.",http://localhost:8000/detail.html?id=17,karta,1
18,ASUS Lenovo Tab P12 #18,Tablety,ASUS,1104.57,PLN,Dostępny na zamówienie,Powystawowy,4.9,347,24 miesiące,24,2026-10-07,True,SKU-10018,590000000018,Biały perłowy,2.07,16 x 26 x 8 cm,Stop magnezu i aluminium,Chiny,Sieciowe 230V,"CE, RoHS, ISO 9001, Energy Star","Urządzenie ASUS Lenovo Tab P12, kabel zasilający, instrukcja obsługi w j. polskim, karta gwarancyjna",Taktowanie magistrali: 3644 MHz; Poziom emisji hałasu: 27 dB; Pobór mocy znamionowy: 41 W; Architektura procesora: x86_64 / ARMv9; Wersja oprogramowania układowego (Firmware): v4.9.87,"Oryginalny produkt marki ASUS z serii Lenovo Tab P12. Wysoka jakość wykonania, znakomita wydajność oraz energooszczędność. Gwarancja pełnej kompatybilności & wsparcie techniczne producenta w standardzie.",http://localhost:8000/detail.html?id=18,karta,1
19,LG Crucial T700 1TB #19,Dyski SSD,LG,2746.99,PLN,Dostępny w salonie,Nowy,4.6,345,24 miesiące,24,2026-08-26,True,SKU-10019,590000000019,Biały perłowy,2.3,17 x 14 x 1 cm,Polikarbonat i aluminium,Polska,Akumulator Li-Ion,"CE, RoHS, ISO 9001, Energy Star","Urządzenie LG Crucial T700 1TB, kabel zasilający, instrukcja obsługi w j. polskim, karta gwarancyjna",Taktowanie magistrali: 2589 MHz; Poziom emisji hałasu: 25 dB; Pobór mocy znamionowy: 75 W; Architektura procesora: x86_64 / ARMv9; Wersja oprogramowania układowego (Firmware): v1.7.63,"Oryginalny produkt marki LG z serii Crucial T700 1TB. Wysoka jakość wykonania, znakomita wydajność oraz energooszczędność. Gwarancja pełnej kompatybilności & wsparcie techniczne producenta w standardzie.",http://localhost:8000/detail.html?id=19,karta,1
20,LG UltraGear 27GR95QE #20,Monitory,LG,2067.67,PLN,Dostępny na zamówienie,Nowy,4.0,411,Dożywotnia producenta,,2026-10-04,True,SKU-10020,590000000020,Srebrny,3.48,26 x 25 x 4 cm,Polikarbonat i aluminium,Tajwan,Sieciowe 230V,"CE, RoHS, ISO 9001, Energy Star","Urządzenie LG UltraGear 27GR95QE, kabel zasilający, instrukcja obsługi w j. polskim, karta gwarancyjna",Taktowanie magistrali: 5802 MHz; Poziom emisji hałasu: 35 dB; Pobór mocy znamionowy: 72 W; Architektura procesora: x86_64 / ARMv9; Wersja oprogramowania układowego (Firmware): v2.7.67,"Oryginalny produkt marki LG z serii UltraGear 27GR95QE. Wysoka jakość wykonania, znakomita wydajność oraz energooszczędność. Gwarancja pełnej kompatybilności & wsparcie techniczne producenta w standardzie.",http://localhost:8000/detail.html?id=20,karta,1
21,Samsung FireCuda 530 2TB #21,Dyski SSD,Samsung,7153.91,PLN,Dostępny w salonie,Powystawowy,,0,,,2026-03-08,True,SKU-10021,590000000021,Biały perłowy,0.42,36 x 23 x 7 cm,Aluminium szczotkowane,Korea Południowa,Baterie AAA / Akumulator,"CE, RoHS, ISO 9001, Energy Star","Urządzenie Samsung FireCuda 530 2TB, kabel zasilający, instrukcja obsługi w j. polskim, karta gwarancyjna",Taktowanie magistrali: 3025 MHz; Poziom emisji hałasu: 24 dB; Pobór mocy znamionowy: 23 W; Architektura procesora: x86_64 / ARMv9; Wersja oprogramowania układowego (Firmware): v4.6.52,"Oryginalny produkt marki Samsung z serii FireCuda 530 2TB. Wysoka jakość wykonania, znakomita wydajność oraz energooszczędność. Gwarancja pełnej kompatybilności & wsparcie techniczne producenta w standardzie.",http://localhost:8000/detail.html?id=21,karta,1
22,Dell UniFi U6 Pro #22,Akcesoria sieciowe,Dell,3179.89,PLN,Dostępny na zamówienie,Odnowiony przez producenta,4.7,276,Dożywotnia producenta,,2026-04-30,True,SKU-10022,590000000022,Biały perłowy,3.3,36 x 24 x 3 cm,Szkło hartowane i metal,Korea Południowa,Sieciowe 230V,"CE, RoHS, ISO 9001, Energy Star","Urządzenie Dell UniFi U6 Pro, kabel zasilający, instrukcja obsługi w j. polskim, karta gwarancyjna",Taktowanie magistrali: 3298 MHz; Poziom emisji hałasu: 26 dB; Pobór mocy znamionowy: 70 W; Architektura procesora: x86_64 / ARMv9; Wersja oprogramowania układowego (Firmware): v4.0.59,"Oryginalny produkt marki Dell z serii UniFi U6 Pro. Wysoka jakość wykonania, znakomita wydajność oraz energooszczędność. Gwarancja pełnej kompatybilności & wsparcie techniczne producenta w standardzie.",http://localhost:8000/detail.html?id=22,karta,1
23,Kingston WF-1000XM5 #23,Audio i Słuchawki,Kingston,762.18,PLN,Wysyłka w 24h,Powystawowy,4.8,94,,,2026-06-10,True,SKU-10023,590000000023,Czarny mat,2.2,33 x 27 x 1 cm,Stop magnezu i aluminium,Tajwan,Sieciowe 230V,"CE, RoHS, ISO 9001, Energy Star","Urządzenie Kingston WF-1000XM5, kabel zasilający, instrukcja obsługi w j. polskim, karta gwarancyjna",Taktowanie magistrali: 3266 MHz; Poziom emisji hałasu: 32 dB; Pobór mocy znamionowy: 56 W; Architektura procesora: x86_64 / ARMv9; Wersja oprogramowania układowego (Firmware): v3.6.45,"Oryginalny produkt marki Kingston z serii WF-1000XM5. Wysoka jakość wykonania, znakomita wydajność oraz energooszczędność. Gwarancja pełnej kompatybilności & wsparcie techniczne producenta w standardzie.",http://localhost:8000/detail.html?id=23,karta,1
24,Dell MacBook Air M3 #24,Laptopy,Dell,260.0,PLN,Dostępny w salonie,Odnowiony przez producenta,,0,,,2026-04-10,False,SKU-10024,590000000024,Czarny mat,3.53,15 x 19 x 2 cm,Aluminium szczotkowane,Korea Południowa,USB-C Power Delivery 65W,"CE, RoHS, ISO 9001, Energy Star","Urządzenie Dell MacBook Air M3, kabel zasilający, instrukcja obsługi w j. polskim, karta gwarancyjna",Taktowanie magistrali: 6282 MHz; Poziom emisji hałasu: 24 dB; Pobór mocy znamionowy: 74 W; Architektura procesora: x86_64 / ARMv9; Wersja oprogramowania układowego (Firmware): v3.5.31,"Oryginalny produkt marki Dell z serii MacBook Air M3. Wysoka jakość wykonania, znakomita wydajność oraz energooszczędność. Gwarancja pełnej kompatybilności & wsparcie techniczne producenta w standardzie.",http://localhost:8000/detail.html?id=24,karta,1
25,ASUS Buds 2 Pro #25,Audio i Słuchawki,ASUS,4776.57,PLN,Dostępny w salonie,Odnowiony przez producenta,3.6,357,Dożywotnia producenta,,2026-04-10,True,SKU-10025,590000000025,Srebrny,0.21,23 x 25 x 2 cm,Tworzywo ABS wzmocnione,Japonia,Baterie AAA / Akumulator,"CE, RoHS, ISO 9001, Energy Star","Urządzenie ASUS Buds 2 Pro, kabel zasilający, instrukcja obsługi w j. polskim, karta gwarancyjna",Taktowanie magistrali: 5605 MHz; Poziom emisji hałasu: 19 dB; Pobór mocy znamionowy: 59 W; Architektura procesora: x86_64 / ARMv9; Wersja oprogramowania układowego (Firmware): v4.5.18,"Oryginalny produkt marki ASUS z serii Buds 2 Pro. Wysoka jakość wykonania, znakomita wydajność oraz energooszczędność. Gwarancja pełnej kompatybilności & wsparcie techniczne producenta w standardzie.",http://localhost:8000/detail.html?id=25,karta,1
26,ASUS Odyssey G7 #26,Monitory,ASUS,7726.24,PLN,Ostatnie 3 sztuki,Powystawowy,4.7,276,48 miesięcy,48,2026-04-03,True,SKU-10026,590000000026,Granatowy metalik,2.8,22 x 20 x 1 cm,Tworzywo ABS wzmocnione,Japonia,Akumulator Li-Ion,"CE, RoHS, ISO 9001, Energy Star","Urządzenie ASUS Odyssey G7, kabel zasilający, instrukcja obsługi w j. polskim, karta gwarancyjna",Taktowanie magistrali: 3499 MHz; Poziom emisji hałasu: 28 dB; Pobór mocy znamionowy: 46 W; Architektura procesora: x86_64 / ARMv9; Wersja oprogramowania układowego (Firmware): v1.4.67,"Oryginalny produkt marki ASUS z serii Odyssey G7. Wysoka jakość wykonania, znakomita wydajność oraz energooszczędność. Gwarancja pełnej kompatybilności & wsparcie techniczne producenta w standardzie.",http://localhost:8000/detail.html?id=26,tabela,1
27,Samsung UniFi U6 Pro #27,Akcesoria sieciowe,Samsung,2787.68,PLN,Wysyłka w 24h,Powystawowy,4.5,142,Dożywotnia producenta,,2026-08-11,True,SKU-10027,590000000027,Czarny mat,0.55,17 x 22 x 4 cm,Szkło hartowane i metal,Tajwan,USB-C Power Delivery 65W,"CE, RoHS, ISO 9001, Energy Star","Urządzenie Samsung UniFi U6 Pro, kabel zasilający, instrukcja obsługi w j. polskim, karta gwarancyjna",Taktowanie magistrali: 3388 MHz; Poziom emisji hałasu: 31 dB; Pobór mocy znamionowy: 77 W; Architektura procesora: x86_64 / ARMv9; Wersja oprogramowania układowego (Firmware): v2.7.92,"Oryginalny produkt marki Samsung z serii UniFi U6 Pro. Wysoka jakość wykonania, znakomita wydajność oraz energooszczędność. Gwarancja pełnej kompatybilności & wsparcie techniczne producenta w standardzie.",http://localhost:8000/detail.html?id=27,tabela,1
28,LG RT-AX88U Pro #28,Akcesoria sieciowe,LG,7972.39,PLN,Ostatnie 3 sztuki,Nowy,3.8,233,36 miesięcy,36,2026-08-02,True,SKU-10028,590000000028,Gwiezdna szarość,3.36,18 x 28 x 9 cm,Tworzywo ABS wzmocnione,Korea Południowa,Sieciowe 230V,"CE, RoHS, ISO 9001, Energy Star","Urządzenie LG RT-AX88U Pro, kabel zasilający, instrukcja obsługi w j. polskim, karta gwarancyjna",Taktowanie magistrali: 5354 MHz; Poziom emisji hałasu: 24 dB; Pobór mocy znamionowy: 55 W; Architektura procesora: x86_64 / ARMv9; Wersja oprogramowania układowego (Firmware): v1.8.98,"Oryginalny produkt marki LG z serii RT-AX88U Pro. Wysoka jakość wykonania, znakomita wydajność oraz energooszczędność. Gwarancja pełnej kompatybilności & wsparcie techniczne producenta w standardzie.",http://localhost:8000/detail.html?id=28,tabela,1
29,Apple MX Keys Mini #29,Klawiatury i Myszy,Apple,2486.91,PLN,Wysyłka w 24h,Powystawowy,3.4,24,Dożywotnia producenta,,2026-10-06,True,SKU-10029,590000000029,Biały perłowy,1.63,40 x 11 x 5 cm,Aluminium szczotkowane,Japonia,Sieciowe 230V,"CE, RoHS, ISO 9001, Energy Star","Urządzenie Apple MX Keys Mini, kabel zasilający, instrukcja obsługi w j. polskim, karta gwarancyjna",Taktowanie magistrali: 5012 MHz; Poziom emisji hałasu: 33 dB; Pobór mocy znamionowy: 28 W; Architektura procesora: x86_64 / ARMv9; Wersja oprogramowania układowego (Firmware): v1.9.46,"Oryginalny produkt marki Apple z serii MX Keys Mini. Wysoka jakość wykonania, znakomita wydajność oraz energooszczędność. Gwarancja pełnej kompatybilności & wsparcie techniczne producenta w standardzie.",http://localhost:8000/detail.html?id=29,tabela,1
30,Logitech WH-1000XM5 #30,Audio i Słuchawki,Logitech,5521.96,PLN,Dostępny w salonie,Nowy,,0,36 miesięcy,36,2026-06-30,True,SKU-10030,590000000030,Granatowy metalik,1.8,39 x 24 x 5 cm,Polikarbonat i aluminium,Korea Południowa,USB-C Power Delivery 65W,"CE, RoHS, ISO 9001, Energy Star","Urządzenie Logitech WH-1000XM5, kabel zasilający, instrukcja obsługi w j. polskim, karta gwarancyjna",Taktowanie magistrali: 2885 MHz; Poziom emisji hałasu: 35 dB; Pobór mocy znamionowy: 112 W; Architektura procesora: x86_64 / ARMv9; Wersja oprogramowania układowego (Firmware): v4.9.86,"Oryginalny produkt marki Logitech z serii WH-1000XM5. Wysoka jakość wykonania, znakomita wydajność oraz energooszczędność. Gwarancja pełnej kompatybilności & wsparcie techniczne producenta w standardzie.",http://localhost:8000/detail.html?id=30,tabela,1
31,Kingston XPS 15 #31,Laptopy,Kingston,1740.52,USD,Ostatnie 3 sztuki,Powystawowy,4.4,81,Dożywotnia producenta,,2026-07-23,True,SKU-10031,590000000031,Srebrny,3.21,24 x 12 x 4 cm,Szkło hartowane i metal,Tajwan,Akumulator Li-Ion,"CE, RoHS, ISO 9001, Energy Star","Urządzenie Kingston XPS 15, kabel zasilający, instrukcja obsługi w j. polskim, karta gwarancyjna",Taktowanie magistrali: 2410 MHz; Poziom emisji hałasu: 31 dB; Pobór mocy znamionowy: 72 W; Architektura procesora: x86_64 / ARMv9; Wersja oprogramowania układowego (Firmware): v4.4.14,"Oryginalny produkt marki Kingston z serii XPS 15. Wysoka jakość wykonania, znakomita wydajność oraz energooszczędność. Gwarancja pełnej kompatybilności & wsparcie techniczne producenta w standardzie.",http://localhost:8000/detail.html?id=31,tabela,1
32,Lenovo WF-1000XM5 #32,Audio i Słuchawki,Lenovo,1276.02,PLN,Dostępny w salonie,Odnowiony przez producenta,3.5,31,,,2026-10-05,True,SKU-10032,590000000032,Biały perłowy,2.05,29 x 11 x 7 cm,Tworzywo ABS wzmocnione,Chiny,USB-C Power Delivery 65W,"CE, RoHS, ISO 9001, Energy Star","Urządzenie Lenovo WF-1000XM5, kabel zasilający, instrukcja obsługi w j. polskim, karta gwarancyjna",Taktowanie magistrali: 4198 MHz; Poziom emisji hałasu: 21 dB; Pobór mocy znamionowy: 74 W; Architektura procesora: x86_64 / ARMv9; Wersja oprogramowania układowego (Firmware): v3.6.44,"Oryginalny produkt marki Lenovo z serii WF-1000XM5. Wysoka jakość wykonania, znakomita wydajność oraz energooszczędność. Gwarancja pełnej kompatybilności & wsparcie techniczne producenta w standardzie.",http://localhost:8000/detail.html?id=32,tabela,1
33,Lenovo MacBook Air M3 #33,Laptopy,Lenovo,6703.07,USD,Dostępny w salonie,Powystawowy,4.9,392,36 miesięcy,36,2026-07-19,True,SKU-10033,590000000033,Biały perłowy,4.37,25 x 21 x 7 cm,Tworzywo ABS wzmocnione,Tajwan,Sieciowe 230V,"CE, RoHS, ISO 9001, Energy Star","Urządzenie Lenovo MacBook Air M3, kabel zasilający, instrukcja obsługi w j. polskim, karta gwarancyjna",Taktowanie magistrali: 4327 MHz; Poziom emisji hałasu: 34 dB; Pobór mocy znamionowy: 98 W; Architektura procesora: x86_64 / ARMv9; Wersja oprogramowania układowego (Firmware): v4.4.33,"Oryginalny produkt marki Lenovo z serii MacBook Air M3. Wysoka jakość wykonania, znakomita wydajność oraz energooszczędność. Gwarancja pełnej kompatybilności & wsparcie techniczne producenta w standardzie.",http://localhost:8000/detail.html?id=33,tabela,1
34,Sony UltraGear 27GR95QE #34,Monitory,Sony,2375.92,PLN,Dostępny w salonie,Powystawowy,4.7,282,,,2026-06-13,True,SKU-10034,590000000034,Biały perłowy,0.39,26 x 21 x 10 cm,Polikarbonat i aluminium,Japonia,Sieciowe 230V,"CE, RoHS, ISO 9001, Energy Star","Urządzenie Sony UltraGear 27GR95QE, kabel zasilający, instrukcja obsługi w j. polskim, karta gwarancyjna",Taktowanie magistrali: 3433 MHz; Poziom emisji hałasu: 28 dB; Pobór mocy znamionowy: 29 W; Architektura procesora: x86_64 / ARMv9; Wersja oprogramowania układowego (Firmware): v4.8.10,"Oryginalny produkt marki Sony z serii UltraGear 27GR95QE. Wysoka jakość wykonania, znakomita wydajność oraz energooszczędność. Gwarancja pełnej kompatybilności & wsparcie techniczne producenta w standardzie.",http://localhost:8000/detail.html?id=34,tabela,1
35,Apple DeathAdder V3 #35,Klawiatury i Myszy,Apple,2374.43,PLN,W magazynie,Powystawowy,4.1,15,Dożywotnia producenta,,2026-07-23,True,SKU-10035,590000000035,Czarny mat,2.97,14 x 25 x 5 cm,Tworzywo ABS wzmocnione,Korea Południowa,Baterie AAA / Akumulator,"CE, RoHS, ISO 9001, Energy Star","Urządzenie Apple DeathAdder V3, kabel zasilający, instrukcja obsługi w j. polskim, karta gwarancyjna",Taktowanie magistrali: 3672 MHz; Poziom emisji hałasu: 35 dB; Pobór mocy znamionowy: 16 W; Architektura procesora: x86_64 / ARMv9; Wersja oprogramowania układowego (Firmware): v4.1.38,"Oryginalny produkt marki Apple z serii DeathAdder V3. Wysoka jakość wykonania, znakomita wydajność oraz energooszczędność. Gwarancja pełnej kompatybilności & wsparcie techniczne producenta w standardzie.",http://localhost:8000/detail.html?id=35,tabela,1
36,Logitech Deco X50 #36,Akcesoria sieciowe,Logitech,1241.67,PLN,Dostępny w salonie,Odnowiony przez producenta,4.3,383,12 miesięcy,12,2026-10-05,True,SKU-10036,590000000036,Biały perłowy,3.91,24 x 27 x 8 cm,Tworzywo ABS wzmocnione,Tajwan,Baterie AAA / Akumulator,"CE, RoHS, ISO 9001, Energy Star","Urządzenie Logitech Deco X50, kabel zasilający, instrukcja obsługi w j. polskim, karta gwarancyjna",Taktowanie magistrali: 6226 MHz; Poziom emisji hałasu: 34 dB; Pobór mocy znamionowy: 49 W; Architektura procesora: x86_64 / ARMv9; Wersja oprogramowania układowego (Firmware): v1.4.48,"Oryginalny produkt marki Logitech z serii Deco X50. Wysoka jakość wykonania, znakomita wydajność oraz energooszczędność. Gwarancja pełnej kompatybilności & wsparcie techniczne producenta w standardzie.",http://localhost:8000/detail.html?id=36,tabela,1
37,Sony MikroTik hAP ax3 #37,Akcesoria sieciowe,Sony,5609.24,PLN,Ostatnie 3 sztuki,Odnowiony przez producenta,3.6,398,36 miesięcy,36,2026-03-05,True,SKU-10037,590000000037,Granatowy metalik,1.59,13 x 24 x 2 cm,Polikarbonat i aluminium,Korea Południowa,Sieciowe 230V,"CE, RoHS, ISO 9001, Energy Star","Urządzenie Sony MikroTik hAP ax3, kabel zasilający, instrukcja obsługi w j. polskim, karta gwarancyjna",Taktowanie magistrali: 6141 MHz; Poziom emisji hałasu: 30 dB; Pobór mocy znamionowy: 64 W; Architektura procesora: x86_64 / ARMv9; Wersja oprogramowania układowego (Firmware): v2.7.14,"Oryginalny produkt marki Sony z serii MikroTik hAP ax3. Wysoka jakość wykonania, znakomita wydajność oraz energooszczędność. Gwarancja pełnej kompatybilności & wsparcie techniczne producenta w standardzie.",http://localhost:8000/detail.html?id=37,tabela,1
38,ASUS Modern MD271 #38,Monitory,ASUS,1318.45,PLN,W magazynie,Odnowiony przez producenta,4.9,174,48 miesięcy,48,2026-06-09,True,SKU-10038,590000000038,Czarny mat,1.17,31 x 19 x 4 cm,Aluminium szczotkowane,Chiny,Baterie AAA / Akumulator,"CE, RoHS, ISO 9001, Energy Star","Urządzenie ASUS Modern MD271, kabel zasilający, instrukcja obsługi w j. polskim, karta gwarancyjna",Taktowanie magistrali: 5891 MHz; Poziom emisji hałasu: 35 dB; Pobór mocy znamionowy: 63 W; Architektura procesora: x86_64 / ARMv9; Wersja oprogramowania układowego (Firmware): v3.7.79,"Oryginalny produkt marki ASUS z serii Modern MD271. Wysoka jakość wykonania, znakomita wydajność oraz energooszczędność. Gwarancja pełnej kompatybilności & wsparcie techniczne producenta w standardzie.",http://localhost:8000/detail.html?id=38,tabela,1
39,Lenovo Nova 12 #39,Smartfony,Lenovo,2464.78,PLN,Ostatnie 3 sztuki,Nowy,,0,12 miesięcy,12,2026-10-05,True,SKU-10039,590000000039,Gwiezdna szarość,0.49,37 x 22 x 10 cm,Stop magnezu i aluminium,Chiny,Baterie AAA / Akumulator,"CE, RoHS, ISO 9001, Energy Star","Urządzenie Lenovo Nova 12, kabel zasilający, instrukcja obsługi w j. polskim, karta gwarancyjna",Taktowanie magistrali: 4164 MHz; Poziom emisji hałasu: 22 dB; Pobór mocy znamionowy: 46 W; Architektura procesora: x86_64 / ARMv9; Wersja oprogramowania układowego (Firmware): v4.9.97,"Oryginalny produkt marki Lenovo z serii Nova 12. Wysoka jakość wykonania, znakomita wydajność oraz energooszczędność. Gwarancja pełnej kompatybilności & wsparcie techniczne producenta w standardzie.",http://localhost:8000/detail.html?id=39,tabela,1
40,Samsung UltraGear 27GR95QE #40,Monitory,Samsung,3729.61,PLN,Dostępny na zamówienie,Powystawowy,4.8,239,Dożywotnia producenta,,2026-08-14,True,SKU-10040,590000000040,Srebrny,1.02,22 x 25 x 2 cm,Polikarbonat i aluminium,Niemcy,USB-C Power Delivery 65W,"CE, RoHS, ISO 9001, Energy Star","Urządzenie Samsung UltraGear 27GR95QE, kabel zasilający, instrukcja obsługi w j. polskim, karta gwarancyjna",Taktowanie magistrali: 4209 MHz; Poziom emisji hałasu: 29 dB; Pobór mocy znamionowy: 90 W; Architektura procesora: x86_64 / ARMv9; Wersja oprogramowania układowego (Firmware): v3.6.98,"Oryginalny produkt marki Samsung z serii UltraGear 27GR95QE. Wysoka jakość wykonania, znakomita wydajność oraz energooszczędność. Gwarancja pełnej kompatybilności & wsparcie techniczne producenta w standardzie.",http://localhost:8000/detail.html?id=40,tabela,1
41,Apple 990 PRO 2TB #41,Dyski SSD,Apple,5299.02,USD,Ostatnie 3 sztuki,Odnowiony przez producenta,4.2,352,12 miesięcy,12,2026-06-20,True,SKU-10041,590000000041,Srebrny,3.1,33 x 14 x 2 cm,Aluminium szczotkowane,Chiny,USB-C Power Delivery 65W,"CE, RoHS, ISO 9001, Energy Star","Urządzenie Apple 990 PRO 2TB, kabel zasilający, instrukcja obsługi w j. polskim, karta gwarancyjna",Taktowanie magistrali: 5577 MHz; Poziom emisji hałasu: 25 dB; Pobór mocy znamionowy: 92 W; Architektura procesora: x86_64 / ARMv9; Wersja oprogramowania układowego (Firmware): v3.3.91,"Oryginalny produkt marki Apple z serii 990 PRO 2TB. Wysoka jakość wykonania, znakomita wydajność oraz energooszczędność. Gwarancja pełnej kompatybilności & wsparcie techniczne producenta w standardzie.",http://localhost:8000/detail.html?id=41,tabela,1
42,Dell RT-AX88U Pro #42,Akcesoria sieciowe,Dell,1137.15,PLN,Wysyłka w 24h,Powystawowy,3.8,213,,,2026-04-16,True,SKU-10042,590000000042,Srebrny,3.65,24 x 12 x 3 cm,Polikarbonat i aluminium,Niemcy,USB-C Power Delivery 65W,"CE, RoHS, ISO 9001, Energy Star","Urządzenie Dell RT-AX88U Pro, kabel zasilający, instrukcja obsługi w j. polskim, karta gwarancyjna",Taktowanie magistrali: 5989 MHz; Poziom emisji hałasu: 29 dB; Pobór mocy znamionowy: 82 W; Architektura procesora: x86_64 / ARMv9; Wersja oprogramowania układowego (Firmware): v3.2.42,"Oryginalny produkt marki Dell z serii RT-AX88U Pro. Wysoka jakość wykonania, znakomita wydajność oraz energooszczędność. Gwarancja pełnej kompatybilności & wsparcie techniczne producenta w standardzie.",http://localhost:8000/detail.html?id=42,tabela,1
43,ASUS Galaxy S24 Ultra #43,Smartfony,ASUS,1075.35,PLN,W magazynie,Odnowiony przez producenta,4.5,135,36 miesięcy,36,2026-03-13,True,SKU-10043,590000000043,Biały perłowy,4.11,19 x 30 x 7 cm,Stop magnezu i aluminium,Polska,Sieciowe 230V,"CE, RoHS, ISO 9001, Energy Star","Urządzenie ASUS Galaxy S24 Ultra, kabel zasilający, instrukcja obsługi w j. polskim, karta gwarancyjna",Taktowanie magistrali: 3357 MHz; Poziom emisji hałasu: 33 dB; Pobór mocy znamionowy: 18 W; Architektura procesora: x86_64 / ARMv9; Wersja oprogramowania układowego (Firmware): v3.9.38,"Oryginalny produkt marki ASUS z serii Galaxy S24 Ultra. Wysoka jakość wykonania, znakomita wydajność oraz energooszczędność. Gwarancja pełnej kompatybilności & wsparcie techniczne producenta w standardzie.",http://localhost:8000/detail.html?id=43,tabela,1
44,Apple ExpertBook B9 #44,Laptopy,Apple,1953.92,PLN,Wysyłka w 24h,Powystawowy,3.9,190,Dożywotnia producenta,,2026-04-04,True,SKU-10044,590000000044,Czarny mat,3.15,16 x 24 x 8 cm,Tworzywo ABS wzmocnione,Niemcy,Sieciowe 230V,"CE, RoHS, ISO 9001, Energy Star","Urządzenie Apple ExpertBook B9, kabel zasilający, instrukcja obsługi w j. polskim, karta gwarancyjna",Taktowanie magistrali: 5440 MHz; Poziom emisji hałasu: 22 dB; Pobór mocy znamionowy: 68 W; Architektura procesora: x86_64 / ARMv9; Wersja oprogramowania układowego (Firmware): v1.7.88,"Oryginalny produkt marki Apple z serii ExpertBook B9. Wysoka jakość wykonania, znakomita wydajność oraz energooszczędność. Gwarancja pełnej kompatybilności & wsparcie techniczne producenta w standardzie.",http://localhost:8000/detail.html?id=44,tabela,1
45,LG Lenovo Tab P12 #45,Tablety,LG,3244.3,PLN,Ostatnie 3 sztuki,Odnowiony przez producenta,3.4,435,12 miesięcy,12,2026-03-21,True,SKU-10045,590000000045,Gwiezdna szarość,0.45,34 x 27 x 4 cm,Stop magnezu i aluminium,Korea Południowa,Akumulator Li-Ion,"CE, RoHS, ISO 9001, Energy Star","Urządzenie LG Lenovo Tab P12, kabel zasilający, instrukcja obsługi w j. polskim, karta gwarancyjna",Taktowanie magistrali: 5019 MHz; Poziom emisji hałasu: 37 dB; Pobór mocy znamionowy: 17 W; Architektura procesora: x86_64 / ARMv9; Wersja oprogramowania układowego (Firmware): v1.5.41,"Oryginalny produkt marki LG z serii Lenovo Tab P12. Wysoka jakość wykonania, znakomita wydajność oraz energooszczędność. Gwarancja pełnej kompatybilności & wsparcie techniczne producenta w standardzie.",http://localhost:8000/detail.html?id=45,tabela,1
46,HP OnePlus Pad 2 #46,Tablety,HP,121.4,USD,Dostępny w salonie,Powystawowy,3.5,67,24 miesiące,24,2026-03-16,False,SKU-10046,590000000046,Czarny mat,0.91,11 x 14 x 7 cm,Aluminium szczotkowane,Korea Południowa,Sieciowe 230V,"CE, RoHS, ISO 9001, Energy Star","Urządzenie HP OnePlus Pad 2, kabel zasilający, instrukcja obsługi w j. polskim, karta gwarancyjna",Taktowanie magistrali: 5948 MHz; Poziom emisji hałasu: 18 dB; Pobór mocy znamionowy: 31 W; Architektura procesora: x86_64 / ARMv9; Wersja oprogramowania układowego (Firmware): v1.5.40,"Oryginalny produkt marki HP z serii OnePlus Pad 2. Wysoka jakość wykonania, znakomita wydajność oraz energooszczędność. Gwarancja pełnej kompatybilności & wsparcie techniczne producenta w standardzie.",http://localhost:8000/detail.html?id=46,tabela,1
47,Logitech MikroTik hAP ax3 #47,Akcesoria sieciowe,Logitech,4788.96,PLN,Wysyłka w 24h,Nowy,3.6,315,,,2026-10-07,True,SKU-10047,590000000047,Czarny mat,1.55,14 x 12 x 3 cm,Szkło hartowane i metal,Tajwan,USB-C Power Delivery 65W,"CE, RoHS, ISO 9001, Energy Star","Urządzenie Logitech MikroTik hAP ax3, kabel zasilający, instrukcja obsługi w j. polskim, karta gwarancyjna",Taktowanie magistrali: 2649 MHz; Poziom emisji hałasu: 33 dB; Pobór mocy znamionowy: 66 W; Architektura procesora: x86_64 / ARMv9; Wersja oprogramowania układowego (Firmware): v4.1.72,"Oryginalny produkt marki Logitech z serii MikroTik hAP ax3. Wysoka jakość wykonania, znakomita wydajność oraz energooszczędność. Gwarancja pełnej kompatybilności & wsparcie techniczne producenta w standardzie.",http://localhost:8000/detail.html?id=47,tabela,1
48,Kingston WF-1000XM5 #48,Audio i Słuchawki,Kingston,4092.85,PLN,Wysyłka w 24h,Odnowiony przez producenta,4.6,59,Dożywotnia producenta,,2026-05-14,True,SKU-10048,590000000048,Czarny mat,1.51,20 x 18 x 6 cm,Polikarbonat i aluminium,Niemcy,Sieciowe 230V,"CE, RoHS, ISO 9001, Energy Star","Urządzenie Kingston WF-1000XM5, kabel zasilający, instrukcja obsługi w j. polskim, karta gwarancyjna",Taktowanie magistrali: 4249 MHz; Poziom emisji hałasu: 25 dB; Pobór mocy znamionowy: 67 W; Architektura procesora: x86_64 / ARMv9; Wersja oprogramowania układowego (Firmware): v3.7.61,"Oryginalny produkt marki Kingston z serii WF-1000XM5. Wysoka jakość wykonania, znakomita wydajność oraz energooszczędność. Gwarancja pełnej kompatybilności & wsparcie techniczne producenta w standardzie.",http://localhost:8000/detail.html?id=48,tabela,1
49,Lenovo iPhone 15 Pro #49,Smartfony,Lenovo,5981.25,PLN,Dostępny w salonie,Powystawowy,3.4,31,Dożywotnia producenta,,2026-10-07,True,SKU-10049,590000000049,Srebrny,0.6,26 x 16 x 3 cm,Polikarbonat i aluminium,Chiny,Akumulator Li-Ion,"CE, RoHS, ISO 9001, Energy Star","Urządzenie Lenovo iPhone 15 Pro, kabel zasilający, instrukcja obsługi w j. polskim, karta gwarancyjna",Taktowanie magistrali: 4082 MHz; Poziom emisji hałasu: 29 dB; Pobór mocy znamionowy: 100 W; Architektura procesora: x86_64 / ARMv9; Wersja oprogramowania układowego (Firmware): v4.0.46,"Oryginalny produkt marki Lenovo z serii iPhone 15 Pro. Wysoka jakość wykonania, znakomita wydajność oraz energooszczędność. Gwarancja pełnej kompatybilności & wsparcie techniczne producenta w standardzie.",http://localhost:8000/detail.html?id=49,tabela,1
50,Sony Xperia 1 VI #50,Smartfony,Sony,2299.69,PLN,Dostępny na zamówienie,Powystawowy,4.0,288,Dożywotnia producenta,,2026-03-30,True,SKU-10050,590000000050,Srebrny,0.18,37 x 14 x 10 cm,Polikarbonat i aluminium,Chiny,Sieciowe 230V,"CE, RoHS, ISO 9001, Energy Star","Urządzenie Sony Xperia 1 VI, kabel zasilający, instrukcja obsługi w j. polskim, karta gwarancyjna",Taktowanie magistrali: 6205 MHz; Poziom emisji hałasu: 26 dB; Pobór mocy znamionowy: 18 W; Architektura procesora: x86_64 / ARMv9; Wersja oprogramowania układowego (Firmware): v2.4.99,"Oryginalny produkt marki Sony z serii Xperia 1 VI. Wysoka jakość wykonania, znakomita wydajność oraz energooszczędność. Gwarancja pełnej kompatybilności & wsparcie techniczne producenta w standardzie.",http://localhost:8000/detail.html?id=50,tabela,1
51,Dell UltraSharp U2724D #51,Monitory,Dell,1798.55,PLN,Wysyłka w 24h,Odnowiony przez producenta,3.8,190,36 miesięcy,36,2026-08-19,True,SKU-10051,590000000051,Biały perłowy,2.26,24 x 23 x 5 cm,Szkło hartowane i metal,Niemcy,Sieciowe 230V,"CE, RoHS, ISO 9001, Energy Star","Urządzenie Dell UltraSharp U2724D, kabel zasilający, instrukcja obsługi w j. polskim, karta gwarancyjna",Taktowanie magistrali: 3037 MHz; Poziom emisji hałasu: 23 dB; Pobór mocy znamionowy: 111 W; Architektura procesora: x86_64 / ARMv9; Wersja oprogramowania układowego (Firmware): v1.1.44,"Oryginalny produkt marki Dell z serii UltraSharp U2724D. Wysoka jakość wykonania, znakomita wydajność oraz energooszczędność. Gwarancja pełnej kompatybilności & wsparcie techniczne producenta w standardzie.",http://localhost:8000/detail.html?id=51,karta,2
52,ASUS Galaxy Tab S9 #52,Tablety,ASUS,5459.04,PLN,Dostępny na zamówienie,Nowy,4.4,24,Dożywotnia producenta,,2026-08-31,True,SKU-10052,590000000052,Czarny mat,2.31,23 x 15 x 3 cm,Szkło hartowane i metal,Japonia,Akumulator Li-Ion,"CE, RoHS, ISO 9001, Energy Star","Urządzenie ASUS Galaxy Tab S9, kabel zasilający, instrukcja obsługi w j. polskim, karta gwarancyjna",Taktowanie magistrali: 3237 MHz; Poziom emisji hałasu: 27 dB; Pobór mocy znamionowy: 42 W; Architektura procesora: x86_64 / ARMv9; Wersja oprogramowania układowego (Firmware): v2.4.47,"Oryginalny produkt marki ASUS z serii Galaxy Tab S9. Wysoka jakość wykonania, znakomita wydajność oraz energooszczędność. Gwarancja pełnej kompatybilności & wsparcie techniczne producenta w standardzie.",http://localhost:8000/detail.html?id=52,karta,2
53,Lenovo Surface Pro 9 #53,Tablety,Lenovo,433.19,EUR,W magazynie,Powystawowy,,0,36 miesięcy,36,2026-04-08,True,SKU-10053,590000000053,Gwiezdna szarość,3.64,29 x 24 x 6 cm,Polikarbonat i aluminium,Polska,Sieciowe 230V,"CE, RoHS, ISO 9001, Energy Star","Urządzenie Lenovo Surface Pro 9, kabel zasilający, instrukcja obsługi w j. polskim, karta gwarancyjna",Taktowanie magistrali: 4056 MHz; Poziom emisji hałasu: 38 dB; Pobór mocy znamionowy: 68 W; Architektura procesora: x86_64 / ARMv9; Wersja oprogramowania układowego (Firmware): v3.1.61,"Oryginalny produkt marki Lenovo z serii Surface Pro 9. Wysoka jakość wykonania, znakomita wydajność oraz energooszczędność. Gwarancja pełnej kompatybilności & wsparcie techniczne producenta w standardzie.",http://localhost:8000/detail.html?id=53,karta,2
54,ASUS DeathAdder V3 #54,Klawiatury i Myszy,ASUS,720.31,PLN,Ostatnie 3 sztuki,Nowy,4.5,114,24 miesiące,24,2026-04-24,True,SKU-10054,590000000054,Czarny mat,0.79,16 x 15 x 10 cm,Aluminium szczotkowane,Niemcy,Akumulator Li-Ion,"CE, RoHS, ISO 9001, Energy Star","Urządzenie ASUS DeathAdder V3, kabel zasilający, instrukcja obsługi w j. polskim, karta gwarancyjna",Taktowanie magistrali: 4993 MHz; Poziom emisji hałasu: 21 dB; Pobór mocy znamionowy: 82 W; Architektura procesora: x86_64 / ARMv9; Wersja oprogramowania układowego (Firmware): v2.5.54,"Oryginalny produkt marki ASUS z serii DeathAdder V3. Wysoka jakość wykonania, znakomita wydajność oraz energooszczędność. Gwarancja pełnej kompatybilności & wsparcie techniczne producenta w standardzie.",http://localhost:8000/detail.html?id=54,karta,2
55,Logitech MikroTik hAP ax3 #55,Akcesoria sieciowe,Logitech,4676.8,PLN,Dostępny na zamówienie,Powystawowy,4.8,330,Dożywotnia producenta,,2026-10-05,True,SKU-10055,590000000055,Granatowy metalik,0.39,26 x 12 x 5 cm,Polikarbonat i aluminium,Japonia,Sieciowe 230V,"CE, RoHS, ISO 9001, Energy Star","Urządzenie Logitech MikroTik hAP ax3, kabel zasilający, instrukcja obsługi w j. polskim, karta gwarancyjna",Taktowanie magistrali: 3018 MHz; Poziom emisji hałasu: 32 dB; Pobór mocy znamionowy: 23 W; Architektura procesora: x86_64 / ARMv9; Wersja oprogramowania układowego (Firmware): v4.7.90,"Oryginalny produkt marki Logitech z serii MikroTik hAP ax3. Wysoka jakość wykonania, znakomita wydajność oraz energooszczędność. Gwarancja pełnej kompatybilności & wsparcie techniczne producenta w standardzie.",http://localhost:8000/detail.html?id=55,karta,2
56,Sony Pavilion Gaming #56,Laptopy,Sony,6926.58,PLN,Wysyłka w 24h,Odnowiony przez producenta,4.3,260,Dożywotnia producenta,,2026-05-09,True,SKU-10056,590000000056,Gwiezdna szarość,4.32,24 x 13 x 6 cm,Aluminium szczotkowane,Chiny,Akumulator Li-Ion,"CE, RoHS, ISO 9001, Energy Star","Urządzenie Sony Pavilion Gaming, kabel zasilający, instrukcja obsługi w j. polskim, karta gwarancyjna",Taktowanie magistrali: 6123 MHz; Poziom emisji hałasu: 36 dB; Pobór mocy znamionowy: 98 W; Architektura procesora: x86_64 / ARMv9; Wersja oprogramowania układowego (Firmware): v2.5.87,"Oryginalny produkt marki Sony z serii Pavilion Gaming. Wysoka jakość wykonania, znakomita wydajność oraz energooszczędność. Gwarancja pełnej kompatybilności & wsparcie techniczne producenta w standardzie.",http://localhost:8000/detail.html?id=56,karta,2
57,Samsung ExpertBook B9 #57,Laptopy,Samsung,4239.14,USD,Wysyłka w 24h,Powystawowy,3.9,145,36 miesięcy,36,2026-03-24,True,SKU-10057,590000000057,Srebrny,3.3,31 x 29 x 3 cm,Aluminium szczotkowane,Tajwan,Akumulator Li-Ion,"CE, RoHS, ISO 9001, Energy Star","Urządzenie Samsung ExpertBook B9, kabel zasilający, instrukcja obsługi w j. polskim, karta gwarancyjna",Taktowanie magistrali: 5051 MHz; Poziom emisji hałasu: 28 dB; Pobór mocy znamionowy: 23 W; Architektura procesora: x86_64 / ARMv9; Wersja oprogramowania układowego (Firmware): v3.1.81,"Oryginalny produkt marki Samsung z serii ExpertBook B9. Wysoka jakość wykonania, znakomita wydajność oraz energooszczędność. Gwarancja pełnej kompatybilności & wsparcie techniczne producenta w standardzie.",http://localhost:8000/detail.html?id=57,karta,2
58,Apple Lenovo Tab P12 #58,Tablety,Apple,3195.47,PLN,W magazynie,Powystawowy,4.9,159,36 miesięcy,36,2026-03-14,True,SKU-10058,590000000058,Srebrny,0.93,16 x 20 x 8 cm,Stop magnezu i aluminium,Niemcy,Akumulator Li-Ion,"CE, RoHS, ISO 9001, Energy Star","Urządzenie Apple Lenovo Tab P12, kabel zasilający, instrukcja obsługi w j. polskim, karta gwarancyjna",Taktowanie magistrali: 5278 MHz; Poziom emisji hałasu: 34 dB; Pobór mocy znamionowy: 26 W; Architektura procesora: x86_64 / ARMv9; Wersja oprogramowania układowego (Firmware): v4.8.56,"Oryginalny produkt marki Apple z serii Lenovo Tab P12. Wysoka jakość wykonania, znakomita wydajność oraz energooszczędność. Gwarancja pełnej kompatybilności & wsparcie techniczne producenta w standardzie.",http://localhost:8000/detail.html?id=58,karta,2
59,Lenovo ProArt PA278CV #59,Monitory,Lenovo,898.01,EUR,Dostępny w salonie,Nowy,4.7,270,,,2026-10-06,True,SKU-10059,590000000059,Biały perłowy,0.34,21 x 17 x 8 cm,Tworzywo ABS wzmocnione,Korea Południowa,Baterie AAA / Akumulator,"CE, RoHS, ISO 9001, Energy Star","Urządzenie Lenovo ProArt PA278CV, kabel zasilający, instrukcja obsługi w j. polskim, karta gwarancyjna",Taktowanie magistrali: 4846 MHz; Poziom emisji hałasu: 30 dB; Pobór mocy znamionowy: 34 W; Architektura procesora: x86_64 / ARMv9; Wersja oprogramowania układowego (Firmware): v2.2.98,"Oryginalny produkt marki Lenovo z serii ProArt PA278CV. Wysoka jakość wykonania, znakomita wydajność oraz energooszczędność. Gwarancja pełnej kompatybilności & wsparcie techniczne producenta w standardzie.",http://localhost:8000/detail.html?id=59,karta,2
60,LG MX Keys Mini #60,Klawiatury i Myszy,LG,6487.13,PLN,Wysyłka w 24h,Nowy,4.7,189,Dożywotnia producenta,,2026-05-06,True,SKU-10060,590000000060,Gwiezdna szarość,3.64,14 x 18 x 1 cm,Polikarbonat i aluminium,Chiny,USB-C Power Delivery 65W,"CE, RoHS, ISO 9001, Energy Star","Urządzenie LG MX Keys Mini, kabel zasilający, instrukcja obsługi w j. polskim, karta gwarancyjna",Taktowanie magistrali: 5551 MHz; Poziom emisji hałasu: 27 dB; Pobór mocy znamionowy: 114 W; Architektura procesora: x86_64 / ARMv9; Wersja oprogramowania układowego (Firmware): v4.8.77,"Oryginalny produkt marki LG z serii MX Keys Mini. Wysoka jakość wykonania, znakomita wydajność oraz energooszczędność. Gwarancja pełnej kompatybilności & wsparcie techniczne producenta w standardzie.",http://localhost:8000/detail.html?id=60,karta,2
61,LG iPhone 15 Pro #61,Smartfony,LG,6127.62,PLN,Dostępny w salonie,Powystawowy,4.8,76,12 miesięcy,12,2026-05-09,True,SKU-10061,590000000061,Gwiezdna szarość,1.83,12 x 21 x 4 cm,Tworzywo ABS wzmocnione,Polska,Sieciowe 230V,"CE, RoHS, ISO 9001, Energy Star","Urządzenie LG iPhone 15 Pro, kabel zasilający, instrukcja obsługi w j. polskim, karta gwarancyjna",Taktowanie magistrali: 6023 MHz; Poziom emisji hałasu: 29 dB; Pobór mocy znamionowy: 18 W; Architektura procesora: x86_64 / ARMv9; Wersja oprogramowania układowego (Firmware): v4.0.60,"Oryginalny produkt marki LG z serii iPhone 15 Pro. Wysoka jakość wykonania, znakomita wydajność oraz energooszczędność. Gwarancja pełnej kompatybilności & wsparcie techniczne producenta w standardzie.",http://localhost:8000/detail.html?id=61,karta,2
62,"HP iPad Air 11"" #62",Tablety,HP,7346.43,PLN,Dostępny w salonie,Powystawowy,4.7,389,48 miesięcy,48,2026-08-12,True,SKU-10062,590000000062,Czarny mat,3.53,17 x 19 x 2 cm,Stop magnezu i aluminium,Polska,Baterie AAA / Akumulator,"CE, RoHS, ISO 9001, Energy Star","Urządzenie HP iPad Air 11"", kabel zasilający, instrukcja obsługi w j. polskim, karta gwarancyjna",Taktowanie magistrali: 2477 MHz; Poziom emisji hałasu: 26 dB; Pobór mocy znamionowy: 42 W; Architektura procesora: x86_64 / ARMv9; Wersja oprogramowania układowego (Firmware): v2.8.87,"Oryginalny produkt marki HP z serii iPad Air 11"". Wysoka jakość wykonania, znakomita wydajność oraz energooszczędność. Gwarancja pełnej kompatybilności & wsparcie techniczne producenta w standardzie.",http://localhost:8000/detail.html?id=62,karta,2
63,Lenovo Archer AXE75 #63,Akcesoria sieciowe,Lenovo,4047.65,EUR,W magazynie,Odnowiony przez producenta,4.3,295,24 miesiące,24,2026-10-07,True,SKU-10063,590000000063,Srebrny,0.44,26 x 27 x 9 cm,Szkło hartowane i metal,Korea Południowa,Sieciowe 230V,"CE, RoHS, ISO 9001, Energy Star","Urządzenie Lenovo Archer AXE75, kabel zasilający, instrukcja obsługi w j. polskim, karta gwarancyjna",Taktowanie magistrali: 4918 MHz; Poziom emisji hałasu: 29 dB; Pobór mocy znamionowy: 45 W; Architektura procesora: x86_64 / ARMv9; Wersja oprogramowania układowego (Firmware): v4.2.95,"Oryginalny produkt marki Lenovo z serii Archer AXE75. Wysoka jakość wykonania, znakomita wydajność oraz energooszczędność. Gwarancja pełnej kompatybilności & wsparcie techniczne producenta w standardzie.",http://localhost:8000/detail.html?id=63,karta,2
64,Logitech WH-1000XM5 #64,Audio i Słuchawki,Logitech,7849.21,PLN,Dostępny na zamówienie,Odnowiony przez producenta,3.2,404,,,2026-03-17,True,SKU-10064,590000000064,Srebrny,3.69,15 x 24 x 8 cm,Stop magnezu i aluminium,Chiny,Akumulator Li-Ion,"CE, RoHS, ISO 9001, Energy Star","Urządzenie Logitech WH-1000XM5, kabel zasilający, instrukcja obsługi w j. polskim, karta gwarancyjna",Taktowanie magistrali: 4973 MHz; Poziom emisji hałasu: 21 dB; Pobór mocy znamionowy: 113 W; Architektura procesora: x86_64 / ARMv9; Wersja oprogramowania układowego (Firmware): v3.2.15,"Oryginalny produkt marki Logitech z serii WH-1000XM5. Wysoka jakość wykonania, znakomita wydajność oraz energooszczędność. Gwarancja pełnej kompatybilności & wsparcie techniczne producenta w standardzie.",http://localhost:8000/detail.html?id=64,karta,2
65,Logitech Galaxy S24 Ultra #65,Smartfony,Logitech,445.07,PLN,Dostępny na zamówienie,Powystawowy,3.3,159,Dożywotnia producenta,,2026-06-29,True,SKU-10065,590000000065,Czarny mat,3.63,23 x 22 x 8 cm,Tworzywo ABS wzmocnione,Japonia,Akumulator Li-Ion,"CE, RoHS, ISO 9001, Energy Star","Urządzenie Logitech Galaxy S24 Ultra, kabel zasilający, instrukcja obsługi w j. polskim, karta gwarancyjna",Taktowanie magistrali: 2549 MHz; Poziom emisji hałasu: 38 dB; Pobór mocy znamionowy: 39 W; Architektura procesora: x86_64 / ARMv9; Wersja oprogramowania układowego (Firmware): v3.5.16,"Oryginalny produkt marki Logitech z serii Galaxy S24 Ultra. Wysoka jakość wykonania, znakomita wydajność oraz energooszczędność. Gwarancja pełnej kompatybilności & wsparcie techniczne producenta w standardzie.",http://localhost:8000/detail.html?id=65,karta,2
66,Logitech UniFi U6 Pro #66,Akcesoria sieciowe,Logitech,4201.28,USD,Dostępny w salonie,Odnowiony przez producenta,4.5,41,24 miesiące,24,2026-10-07,True,SKU-10066,590000000066,Biały perłowy,0.87,24 x 21 x 8 cm,Tworzywo ABS wzmocnione,Polska,Baterie AAA / Akumulator,"CE, RoHS, ISO 9001, Energy Star","Urządzenie Logitech UniFi U6 Pro, kabel zasilający, instrukcja obsługi w j. polskim, karta gwarancyjna",Taktowanie magistrali: 2727 MHz; Poziom emisji hałasu: 28 dB; Pobór mocy znamionowy: 99 W; Architektura procesora: x86_64 / ARMv9; Wersja oprogramowania układowego (Firmware): v3.4.67,"Oryginalny produkt marki Logitech z serii UniFi U6 Pro. Wysoka jakość wykonania, znakomita wydajność oraz energooszczędność. Gwarancja pełnej kompatybilności & wsparcie techniczne producenta w standardzie.",http://localhost:8000/detail.html?id=66,karta,2
67,Dell 990 PRO 2TB #67,Dyski SSD,Dell,3308.06,PLN,Dostępny w salonie,Nowy,4.5,82,24 miesiące,24,2026-08-24,True,SKU-10067,590000000067,Granatowy metalik,0.82,24 x 21 x 6 cm,Aluminium szczotkowane,Japonia,Akumulator Li-Ion,"CE, RoHS, ISO 9001, Energy Star","Urządzenie Dell 990 PRO 2TB, kabel zasilający, instrukcja obsługi w j. polskim, karta gwarancyjna",Taktowanie magistrali: 2917 MHz; Poziom emisji hałasu: 20 dB; Pobór mocy znamionowy: 45 W; Architektura procesora: x86_64 / ARMv9; Wersja oprogramowania układowego (Firmware): v3.5.59,"Oryginalny produkt marki Dell z serii 990 PRO 2TB. Wysoka jakość wykonania, znakomita wydajność oraz energooszczędność. Gwarancja pełnej kompatybilności & wsparcie techniczne producenta w standardzie.",http://localhost:8000/detail.html?id=67,karta,2
68,ASUS MatePad Pro 13.2 #68,Tablety,ASUS,2070.93,PLN,Dostępny w salonie,Powystawowy,,0,48 miesięcy,48,2026-04-11,True,SKU-10068,590000000068,Biały perłowy,1.02,14 x 12 x 8 cm,Polikarbonat i aluminium,Niemcy,Sieciowe 230V,"CE, RoHS, ISO 9001, Energy Star","Urządzenie ASUS MatePad Pro 13.2, kabel zasilający, instrukcja obsługi w j. polskim, karta gwarancyjna",Taktowanie magistrali: 2882 MHz; Poziom emisji hałasu: 26 dB; Pobór mocy znamionowy: 114 W; Architektura procesora: x86_64 / ARMv9; Wersja oprogramowania układowego (Firmware): v3.7.37,"Oryginalny produkt marki ASUS z serii MatePad Pro 13.2. Wysoka jakość wykonania, znakomita wydajność oraz energooszczędność. Gwarancja pełnej kompatybilności & wsparcie techniczne producenta w standardzie.",http://localhost:8000/detail.html?id=68,karta,2
69,Sony Lenovo Tab P12 #69,Tablety,Sony,4382.15,PLN,W magazynie,Powystawowy,4.7,365,24 miesiące,24,2026-10-06,True,SKU-10069,590000000069,Granatowy metalik,2.64,24 x 27 x 3 cm,Aluminium szczotkowane,Korea Południowa,Sieciowe 230V,"CE, RoHS, ISO 9001, Energy Star","Urządzenie Sony Lenovo Tab P12, kabel zasilający, instrukcja obsługi w j. polskim, karta gwarancyjna",Taktowanie magistrali: 2897 MHz; Poziom emisji hałasu: 24 dB; Pobór mocy znamionowy: 116 W; Architektura procesora: x86_64 / ARMv9; Wersja oprogramowania układowego (Firmware): v2.3.73,"Oryginalny produkt marki Sony z serii Lenovo Tab P12. Wysoka jakość wykonania, znakomita wydajność oraz energooszczędność. Gwarancja pełnej kompatybilności & wsparcie techniczne producenta w standardzie.",http://localhost:8000/detail.html?id=69,karta,2
70,ASUS Crucial T700 1TB #70,Dyski SSD,ASUS,4252.0,PLN,Dostępny w salonie,Nowy,4.7,38,,,2026-10-07,True,SKU-10070,590000000070,Gwiezdna szarość,2.03,39 x 11 x 2 cm,Stop magnezu i aluminium,Korea Południowa,USB-C Power Delivery 65W,"CE, RoHS, ISO 9001, Energy Star","Urządzenie ASUS Crucial T700 1TB, kabel zasilający, instrukcja obsługi w j. polskim, karta gwarancyjna",Taktowanie magistrali: 4243 MHz; Poziom emisji hałasu: 32 dB; Pobór mocy znamionowy: 102 W; Architektura procesora: x86_64 / ARMv9; Wersja oprogramowania układowego (Firmware): v3.2.80,"Oryginalny produkt marki ASUS z serii Crucial T700 1TB. Wysoka jakość wykonania, znakomita wydajność oraz energooszczędność. Gwarancja pełnej kompatybilności & wsparcie techniczne producenta w standardzie.",http://localhost:8000/detail.html?id=70,karta,2
71,HP ProArt PA278CV #71,Monitory,HP,1880.22,USD,Dostępny w salonie,Nowy,4.1,146,36 miesięcy,36,2026-03-23,True,SKU-10071,590000000071,Granatowy metalik,2.94,28 x 28 x 3 cm,Szkło hartowane i metal,Niemcy,USB-C Power Delivery 65W,"CE, RoHS, ISO 9001, Energy Star","Urządzenie HP ProArt PA278CV, kabel zasilający, instrukcja obsługi w j. polskim, karta gwarancyjna",Taktowanie magistrali: 6317 MHz; Poziom emisji hałasu: 35 dB; Pobór mocy znamionowy: 50 W; Architektura procesora: x86_64 / ARMv9; Wersja oprogramowania układowego (Firmware): v2.4.88,"Oryginalny produkt marki HP z serii ProArt PA278CV. Wysoka jakość wykonania, znakomita wydajność oraz energooszczędność. Gwarancja pełnej kompatybilności & wsparcie techniczne producenta w standardzie.",http://localhost:8000/detail.html?id=71,karta,2
72,Dell XPS 15 #72,Laptopy,Dell,5166.48,PLN,Ostatnie 3 sztuki,Odnowiony przez producenta,4.4,393,Dożywotnia producenta,,2026-04-27,True,SKU-10072,590000000072,Biały perłowy,1.44,12 x 11 x 3 cm,Polikarbonat i aluminium,Japonia,Baterie AAA / Akumulator,"CE, RoHS, ISO 9001, Energy Star","Urządzenie Dell XPS 15, kabel zasilający, instrukcja obsługi w j. polskim, karta gwarancyjna",Taktowanie magistrali: 6041 MHz; Poziom emisji hałasu: 38 dB; Pobór mocy znamionowy: 84 W; Architektura procesora: x86_64 / ARMv9; Wersja oprogramowania układowego (Firmware): v3.4.71,"Oryginalny produkt marki Dell z serii XPS 15. Wysoka jakość wykonania, znakomita wydajność oraz energooszczędność. Gwarancja pełnej kompatybilności & wsparcie techniczne producenta w standardzie.",http://localhost:8000/detail.html?id=72,karta,2
73,Samsung UniFi U6 Pro #73,Akcesoria sieciowe,Samsung,2568.4,PLN,W magazynie,Powystawowy,4.5,441,48 miesięcy,48,2026-05-30,True,SKU-10073,590000000073,Biały perłowy,1.23,13 x 11 x 5 cm,Szkło hartowane i metal,Japonia,Baterie AAA / Akumulator,"CE, RoHS, ISO 9001, Energy Star","Urządzenie Samsung UniFi U6 Pro, kabel zasilający, instrukcja obsługi w j. polskim, karta gwarancyjna",Taktowanie magistrali: 4509 MHz; Poziom emisji hałasu: 35 dB; Pobór mocy znamionowy: 28 W; Architektura procesora: x86_64 / ARMv9; Wersja oprogramowania układowego (Firmware): v3.3.69,"Oryginalny produkt marki Samsung z serii UniFi U6 Pro. Wysoka jakość wykonania, znakomita wydajność oraz energooszczędność. Gwarancja pełnej kompatybilności & wsparcie techniczne producenta w standardzie.",http://localhost:8000/detail.html?id=73,karta,2
74,HP Ergo K860 #74,Klawiatury i Myszy,HP,4662.73,PLN,Ostatnie 3 sztuki,Nowy,4.6,256,48 miesięcy,48,2026-06-15,True,SKU-10074,590000000074,Granatowy metalik,1.69,11 x 19 x 8 cm,Polikarbonat i aluminium,Korea Południowa,USB-C Power Delivery 65W,"CE, RoHS, ISO 9001, Energy Star","Urządzenie HP Ergo K860, kabel zasilający, instrukcja obsługi w j. polskim, karta gwarancyjna",Taktowanie magistrali: 4437 MHz; Poziom emisji hałasu: 18 dB; Pobór mocy znamionowy: 26 W; Architektura procesora: x86_64 / ARMv9; Wersja oprogramowania układowego (Firmware): v4.8.68,"Oryginalny produkt marki HP z serii Ergo K860. Wysoka jakość wykonania, znakomita wydajność oraz energooszczędność. Gwarancja pełnej kompatybilności & wsparcie techniczne producenta w standardzie.",http://localhost:8000/detail.html?id=74,karta,2
75,Lenovo Latitude 5540 #75,Laptopy,Lenovo,2188.34,PLN,Dostępny w salonie,Powystawowy,3.9,24,Dożywotnia producenta,,2026-06-01,True,SKU-10075,590000000075,Granatowy metalik,3.11,13 x 14 x 2 cm,Tworzywo ABS wzmocnione,Japonia,USB-C Power Delivery 65W,"CE, RoHS, ISO 9001, Energy Star","Urządzenie Lenovo Latitude 5540, kabel zasilający, instrukcja obsługi w j. polskim, karta gwarancyjna",Taktowanie magistrali: 4666 MHz; Poziom emisji hałasu: 27 dB; Pobór mocy znamionowy: 24 W; Architektura procesora: x86_64 / ARMv9; Wersja oprogramowania układowego (Firmware): v4.8.67,"Oryginalny produkt marki Lenovo z serii Latitude 5540. Wysoka jakość wykonania, znakomita wydajność oraz energooszczędność. Gwarancja pełnej kompatybilności & wsparcie techniczne producenta w standardzie.",http://localhost:8000/detail.html?id=75,karta,2
76,"HP iPad Air 11"" #76",Tablety,HP,3269.96,PLN,Dostępny na zamówienie,Nowy,,0,,,2026-10-04,True,SKU-10076,590000000076,Biały perłowy,4.46,33 x 19 x 10 cm,Szkło hartowane i metal,Tajwan,Baterie AAA / Akumulator,"CE, RoHS, ISO 9001, Energy Star","Urządzenie HP iPad Air 11"", kabel zasilający, instrukcja obsługi w j. polskim, karta gwarancyjna",Taktowanie magistrali: 3010 MHz; Poziom emisji hałasu: 37 dB; Pobór mocy znamionowy: 80 W; Architektura procesora: x86_64 / ARMv9; Wersja oprogramowania układowego (Firmware): v2.5.88,"Oryginalny produkt marki HP z serii iPad Air 11"". Wysoka jakość wykonania, znakomita wydajność oraz energooszczędność. Gwarancja pełnej kompatybilności & wsparcie techniczne producenta w standardzie.",http://localhost:8000/detail.html?id=76,tabela,2
77,Logitech XS2000 2TB #77,Dyski SSD,Logitech,2715.79,PLN,Wysyłka w 24h,Nowy,,0,36 miesięcy,36,2026-04-02,True,SKU-10077,590000000077,Granatowy metalik,2.89,29 x 22 x 3 cm,Stop magnezu i aluminium,Chiny,Sieciowe 230V,"CE, RoHS, ISO 9001, Energy Star","Urządzenie Logitech XS2000 2TB, kabel zasilający, instrukcja obsługi w j. polskim, karta gwarancyjna",Taktowanie magistrali: 4343 MHz; Poziom emisji hałasu: 26 dB; Pobór mocy znamionowy: 98 W; Architektura procesora: x86_64 / ARMv9; Wersja oprogramowania układowego (Firmware): v2.0.84,"Oryginalny produkt marki Logitech z serii XS2000 2TB. Wysoka jakość wykonania, znakomita wydajność oraz energooszczędność. Gwarancja pełnej kompatybilności & wsparcie techniczne producenta w standardzie.",http://localhost:8000/detail.html?id=77,tabela,2
78,Samsung Galaxy S24 Ultra #78,Smartfony,Samsung,3407.36,PLN,Wysyłka w 24h,Powystawowy,3.6,257,48 miesięcy,48,2026-03-05,True,SKU-10078,590000000078,Gwiezdna szarość,2.15,27 x 20 x 9 cm,Tworzywo ABS wzmocnione,Tajwan,Baterie AAA / Akumulator,"CE, RoHS, ISO 9001, Energy Star","Urządzenie Samsung Galaxy S24 Ultra, kabel zasilający, instrukcja obsługi w j. polskim, karta gwarancyjna",Taktowanie magistrali: 2965 MHz; Poziom emisji hałasu: 34 dB; Pobór mocy znamionowy: 41 W; Architektura procesora: x86_64 / ARMv9; Wersja oprogramowania układowego (Firmware): v3.7.77,"Oryginalny produkt marki Samsung z serii Galaxy S24 Ultra. Wysoka jakość wykonania, znakomita wydajność oraz energooszczędność. Gwarancja pełnej kompatybilności & wsparcie techniczne producenta w standardzie.",http://localhost:8000/detail.html?id=78,tabela,2
79,Samsung G Pro X Superlight #79,Klawiatury i Myszy,Samsung,1875.45,PLN,Dostępny w salonie,Powystawowy,3.7,148,48 miesięcy,48,2026-10-05,True,SKU-10079,590000000079,Biały perłowy,3.71,40 x 14 x 5 cm,Tworzywo ABS wzmocnione,Polska,Sieciowe 230V,"CE, RoHS, ISO 9001, Energy Star","Urządzenie Samsung G Pro X Superlight, kabel zasilający, instrukcja obsługi w j. polskim, karta gwarancyjna",Taktowanie magistrali: 4695 MHz; Poziom emisji hałasu: 26 dB; Pobór mocy znamionowy: 51 W; Architektura procesora: x86_64 / ARMv9; Wersja oprogramowania układowego (Firmware): v1.9.96,"Oryginalny produkt marki Samsung z serii G Pro X Superlight. Wysoka jakość wykonania, znakomita wydajność oraz energooszczędność. Gwarancja pełnej kompatybilności & wsparcie techniczne producenta w standardzie.",http://localhost:8000/detail.html?id=79,tabela,2
80,Logitech Lenovo Tab P12 #80,Tablety,Logitech,3883.73,PLN,Dostępny w salonie,Nowy,4.2,288,24 miesiące,24,2026-03-28,True,SKU-10080,590000000080,Gwiezdna szarość,0.38,23 x 20 x 8 cm,Stop magnezu i aluminium,Polska,Sieciowe 230V,"CE, RoHS, ISO 9001, Energy Star","Urządzenie Logitech Lenovo Tab P12, kabel zasilający, instrukcja obsługi w j. polskim, karta gwarancyjna",Taktowanie magistrali: 5434 MHz; Poziom emisji hałasu: 36 dB; Pobór mocy znamionowy: 45 W; Architektura procesora: x86_64 / ARMv9; Wersja oprogramowania układowego (Firmware): v2.0.95,"Oryginalny produkt marki Logitech z serii Lenovo Tab P12. Wysoka jakość wykonania, znakomita wydajność oraz energooszczędność. Gwarancja pełnej kompatybilności & wsparcie techniczne producenta w standardzie.",http://localhost:8000/detail.html?id=80,tabela,2
81,ASUS Curved Gaming 34 #81,Monitory,ASUS,7038.36,USD,Ostatnie 3 sztuki,Nowy,3.6,148,12 miesięcy,12,2026-03-19,True,SKU-10081,590000000081,Biały perłowy,3.58,15 x 19 x 1 cm,Tworzywo ABS wzmocnione,Polska,Sieciowe 230V,"CE, RoHS, ISO 9001, Energy Star","Urządzenie ASUS Curved Gaming 34, kabel zasilający, instrukcja obsługi w j. polskim, karta gwarancyjna",Taktowanie magistrali: 4751 MHz; Poziom emisji hałasu: 25 dB; Pobór mocy znamionowy: 83 W; Architektura procesora: x86_64 / ARMv9; Wersja oprogramowania układowego (Firmware): v1.2.63,"Oryginalny produkt marki ASUS z serii Curved Gaming 34. Wysoka jakość wykonania, znakomita wydajność oraz energooszczędność. Gwarancja pełnej kompatybilności & wsparcie techniczne producenta w standardzie.",http://localhost:8000/detail.html?id=81,tabela,2
82,Apple Surface Pro 9 #82,Tablety,Apple,4391.07,USD,W magazynie,Odnowiony przez producenta,4.9,436,36 miesięcy,36,2026-08-04,True,SKU-10082,590000000082,Srebrny,3.59,28 x 16 x 3 cm,Polikarbonat i aluminium,Korea Południowa,Baterie AAA / Akumulator,"CE, RoHS, ISO 9001, Energy Star","Urządzenie Apple Surface Pro 9, kabel zasilający, instrukcja obsługi w j. polskim, karta gwarancyjna",Taktowanie magistrali: 3754 MHz; Poziom emisji hałasu: 23 dB; Pobór mocy znamionowy: 108 W; Architektura procesora: x86_64 / ARMv9; Wersja oprogramowania układowego (Firmware): v4.4.33,"Oryginalny produkt marki Apple z serii Surface Pro 9. Wysoka jakość wykonania, znakomita wydajność oraz energooszczędność. Gwarancja pełnej kompatybilności & wsparcie techniczne producenta w standardzie.",http://localhost:8000/detail.html?id=82,tabela,2
83,Lenovo Surface Pro 9 #83,Tablety,Lenovo,1558.77,PLN,Dostępny w salonie,Odnowiony przez producenta,,0,24 miesiące,24,2026-06-27,True,SKU-10083,590000000083,Granatowy metalik,0.2,30 x 21 x 4 cm,Aluminium szczotkowane,Polska,Baterie AAA / Akumulator,"CE, RoHS, ISO 9001, Energy Star","Urządzenie Lenovo Surface Pro 9, kabel zasilający, instrukcja obsługi w j. polskim, karta gwarancyjna",Taktowanie magistrali: 3971 MHz; Poziom emisji hałasu: 25 dB; Pobór mocy znamionowy: 72 W; Architektura procesora: x86_64 / ARMv9; Wersja oprogramowania układowego (Firmware): v3.5.48,"Oryginalny produkt marki Lenovo z serii Surface Pro 9. Wysoka jakość wykonania, znakomita wydajność oraz energooszczędność. Gwarancja pełnej kompatybilności & wsparcie techniczne producenta w standardzie.",http://localhost:8000/detail.html?id=83,tabela,2
84,HP Black SN850X 1TB #84,Dyski SSD,HP,7391.54,PLN,Dostępny na zamówienie,Powystawowy,4.6,354,,,2026-10-06,True,SKU-10084,590000000084,Granatowy metalik,4.12,34 x 27 x 4 cm,Szkło hartowane i metal,Niemcy,Sieciowe 230V,"CE, RoHS, ISO 9001, Energy Star","Urządzenie HP Black SN850X 1TB, kabel zasilający, instrukcja obsługi w j. polskim, karta gwarancyjna",Taktowanie magistrali: 3297 MHz; Poziom emisji hałasu: 22 dB; Pobór mocy znamionowy: 76 W; Architektura procesora: x86_64 / ARMv9; Wersja oprogramowania układowego (Firmware): v2.7.87,"Oryginalny produkt marki HP z serii Black SN850X 1TB. Wysoka jakość wykonania, znakomita wydajność oraz energooszczędność. Gwarancja pełnej kompatybilności & wsparcie techniczne producenta w standardzie.",http://localhost:8000/detail.html?id=84,tabela,2
85,LG Fritz!Box 7590 AX #85,Akcesoria sieciowe,LG,7345.23,PLN,W magazynie,Odnowiony przez producenta,,0,Dożywotnia producenta,,2026-04-08,True,SKU-10085,590000000085,Gwiezdna szarość,3.27,25 x 12 x 9 cm,Aluminium szczotkowane,Japonia,Baterie AAA / Akumulator,"CE, RoHS, ISO 9001, Energy Star","Urządzenie LG Fritz!Box 7590 AX, kabel zasilający, instrukcja obsługi w j. polskim, karta gwarancyjna",Taktowanie magistrali: 4598 MHz; Poziom emisji hałasu: 22 dB; Pobór mocy znamionowy: 36 W; Architektura procesora: x86_64 / ARMv9; Wersja oprogramowania układowego (Firmware): v3.8.66,"Oryginalny produkt marki LG z serii Fritz!Box 7590 AX. Wysoka jakość wykonania, znakomita wydajność oraz energooszczędność. Gwarancja pełnej kompatybilności & wsparcie techniczne producenta w standardzie.",http://localhost:8000/detail.html?id=85,tabela,2
86,LG UltraGear 27GR95QE #86,Monitory,LG,555.12,PLN,W magazynie,Odnowiony przez producenta,4.7,371,,,2026-10-06,True,SKU-10086,590000000086,Czarny mat,4.22,12 x 25 x 1 cm,Polikarbonat i aluminium,Tajwan,Akumulator Li-Ion,"CE, RoHS, ISO 9001, Energy Star","Urządzenie LG UltraGear 27GR95QE, kabel zasilający, instrukcja obsługi w j. polskim, karta gwarancyjna",Taktowanie magistrali: 4768 MHz; Poziom emisji hałasu: 20 dB; Pobór mocy znamionowy: 20 W; Architektura procesora: x86_64 / ARMv9; Wersja oprogramowania układowego (Firmware): v4.5.99,"Oryginalny produkt marki LG z serii UltraGear 27GR95QE. Wysoka jakość wykonania, znakomita wydajność oraz energooszczędność. Gwarancja pełnej kompatybilności & wsparcie techniczne producenta w standardzie.",http://localhost:8000/detail.html?id=86,tabela,2
87,ASUS ProArt PA278CV #87,Monitory,ASUS,3120.59,USD,Dostępny w salonie,Nowy,4.8,193,,,2026-03-18,True,SKU-10087,590000000087,Gwiezdna szarość,3.78,34 x 10 x 5 cm,Szkło hartowane i metal,Japonia,Baterie AAA / Akumulator,"CE, RoHS, ISO 9001, Energy Star","Urządzenie ASUS ProArt PA278CV, kabel zasilający, instrukcja obsługi w j. polskim, karta gwarancyjna",Taktowanie magistrali: 5923 MHz; Poziom emisji hałasu: 29 dB; Pobór mocy znamionowy: 30 W; Architektura procesora: x86_64 / ARMv9; Wersja oprogramowania układowego (Firmware): v2.8.60,"Oryginalny produkt marki ASUS z serii ProArt PA278CV. Wysoka jakość wykonania, znakomita wydajność oraz energooszczędność. Gwarancja pełnej kompatybilności & wsparcie techniczne producenta w standardzie.",http://localhost:8000/detail.html?id=87,tabela,2
88,Samsung QuietComfort Ultra #88,Audio i Słuchawki,Samsung,1324.46,PLN,Dostępny w salonie,Nowy,4.8,392,,,2026-03-28,True,SKU-10088,590000000088,Biały perłowy,2.75,32 x 11 x 4 cm,Aluminium szczotkowane,Chiny,Baterie AAA / Akumulator,"CE, RoHS, ISO 9001, Energy Star","Urządzenie Samsung QuietComfort Ultra, kabel zasilający, instrukcja obsługi w j. polskim, karta gwarancyjna",Taktowanie magistrali: 5537 MHz; Poziom emisji hałasu: 18 dB; Pobór mocy znamionowy: 45 W; Architektura procesora: x86_64 / ARMv9; Wersja oprogramowania układowego (Firmware): v2.1.22,"Oryginalny produkt marki Samsung z serii QuietComfort Ultra. Wysoka jakość wykonania, znakomita wydajność oraz energooszczędność. Gwarancja pełnej kompatybilności & wsparcie techniczne producenta w standardzie.",http://localhost:8000/detail.html?id=88,tabela,2
89,Samsung RT-AX88U Pro #89,Akcesoria sieciowe,Samsung,6922.47,PLN,Ostatnie 3 sztuki,Odnowiony przez producenta,,0,36 miesięcy,36,2026-04-07,True,SKU-10089,590000000089,Granatowy metalik,1.11,19 x 18 x 1 cm,Szkło hartowane i metal,Korea Południowa,Akumulator Li-Ion,"CE, RoHS, ISO 9001, Energy Star","Urządzenie Samsung RT-AX88U Pro, kabel zasilający, instrukcja obsługi w j. polskim, karta gwarancyjna",Taktowanie magistrali: 3706 MHz; Poziom emisji hałasu: 36 dB; Pobór mocy znamionowy: 91 W; Architektura procesora: x86_64 / ARMv9; Wersja oprogramowania układowego (Firmware): v3.3.48,"Oryginalny produkt marki Samsung z serii RT-AX88U Pro. Wysoka jakość wykonania, znakomita wydajność oraz energooszczędność. Gwarancja pełnej kompatybilności & wsparcie techniczne producenta w standardzie.",http://localhost:8000/detail.html?id=89,tabela,2
90,LG AirPods Pro 2 #90,Audio i Słuchawki,LG,2819.88,PLN,Dostępny na zamówienie,Odnowiony przez producenta,3.9,269,48 miesięcy,48,2026-07-25,True,SKU-10090,590000000090,Gwiezdna szarość,3.66,39 x 11 x 9 cm,Polikarbonat i aluminium,Japonia,Akumulator Li-Ion,"CE, RoHS, ISO 9001, Energy Star","Urządzenie LG AirPods Pro 2, kabel zasilający, instrukcja obsługi w j. polskim, karta gwarancyjna",Taktowanie magistrali: 3628 MHz; Poziom emisji hałasu: 30 dB; Pobór mocy znamionowy: 38 W; Architektura procesora: x86_64 / ARMv9; Wersja oprogramowania układowego (Firmware): v4.3.38,"Oryginalny produkt marki LG z serii AirPods Pro 2. Wysoka jakość wykonania, znakomita wydajność oraz energooszczędność. Gwarancja pełnej kompatybilności & wsparcie techniczne producenta w standardzie.",http://localhost:8000/detail.html?id=90,tabela,2
91,Samsung Momentum 4 #91,Audio i Słuchawki,Samsung,5207.98,PLN,Dostępny w salonie,Odnowiony przez producenta,4.7,48,24 miesiące,24,2026-06-25,True,SKU-10091,590000000091,Granatowy metalik,1.09,16 x 20 x 5 cm,Stop magnezu i aluminium,Polska,Akumulator Li-Ion,"CE, RoHS, ISO 9001, Energy Star","Urządzenie Samsung Momentum 4, kabel zasilający, instrukcja obsługi w j. polskim, karta gwarancyjna",Taktowanie magistrali: 3944 MHz; Poziom emisji hałasu: 37 dB; Pobór mocy znamionowy: 92 W; Architektura procesora: x86_64 / ARMv9; Wersja oprogramowania układowego (Firmware): v1.1.34,"Oryginalny produkt marki Samsung z serii Momentum 4. Wysoka jakość wykonania, znakomita wydajność oraz energooszczędność. Gwarancja pełnej kompatybilności & wsparcie techniczne producenta w standardzie.",http://localhost:8000/detail.html?id=91,tabela,2
92,Logitech Edge 50 Ultra #92,Smartfony,Logitech,5658.77,PLN,Wysyłka w 24h,Powystawowy,3.6,165,48 miesięcy,48,2026-04-18,True,SKU-10092,590000000092,Czarny mat,3.64,33 x 25 x 6 cm,Tworzywo ABS wzmocnione,Niemcy,USB-C Power Delivery 65W,"CE, RoHS, ISO 9001, Energy Star","Urządzenie Logitech Edge 50 Ultra, kabel zasilający, instrukcja obsługi w j. polskim, karta gwarancyjna",Taktowanie magistrali: 5057 MHz; Poziom emisji hałasu: 29 dB; Pobór mocy znamionowy: 54 W; Architektura procesora: x86_64 / ARMv9; Wersja oprogramowania układowego (Firmware): v3.5.75,"Oryginalny produkt marki Logitech z serii Edge 50 Ultra. Wysoka jakość wykonania, znakomita wydajność oraz energooszczędność. Gwarancja pełnej kompatybilności & wsparcie techniczne producenta w standardzie.",http://localhost:8000/detail.html?id=92,tabela,2
93,Dell WF-1000XM5 #93,Audio i Słuchawki,Dell,5954.89,EUR,Ostatnie 3 sztuki,Powystawowy,,0,Dożywotnia producenta,,2026-06-18,True,SKU-10093,590000000093,Granatowy metalik,3.0,31 x 20 x 5 cm,Polikarbonat i aluminium,Japonia,Baterie AAA / Akumulator,"CE, RoHS, ISO 9001, Energy Star","Urządzenie Dell WF-1000XM5, kabel zasilający, instrukcja obsługi w j. polskim, karta gwarancyjna",Taktowanie magistrali: 3024 MHz; Poziom emisji hałasu: 24 dB; Pobór mocy znamionowy: 57 W; Architektura procesora: x86_64 / ARMv9; Wersja oprogramowania układowego (Firmware): v2.6.82,"Oryginalny produkt marki Dell z serii WF-1000XM5. Wysoka jakość wykonania, znakomita wydajność oraz energooszczędność. Gwarancja pełnej kompatybilności & wsparcie techniczne producenta w standardzie.",http://localhost:8000/detail.html?id=93,tabela,2
94,Sony Odyssey G7 #94,Monitory,Sony,4416.72,PLN,Ostatnie 3 sztuki,Nowy,4.8,329,Dożywotnia producenta,,2026-08-13,True,SKU-10094,590000000094,Gwiezdna szarość,0.19,26 x 24 x 6 cm,Szkło hartowane i metal,Polska,Baterie AAA / Akumulator,"CE, RoHS, ISO 9001, Energy Star","Urządzenie Sony Odyssey G7, kabel zasilający, instrukcja obsługi w j. polskim, karta gwarancyjna",Taktowanie magistrali: 6271 MHz; Poziom emisji hałasu: 19 dB; Pobór mocy znamionowy: 112 W; Architektura procesora: x86_64 / ARMv9; Wersja oprogramowania układowego (Firmware): v1.6.27,"Oryginalny produkt marki Sony z serii Odyssey G7. Wysoka jakość wykonania, znakomita wydajność oraz energooszczędność. Gwarancja pełnej kompatybilności & wsparcie techniczne producenta w standardzie.",http://localhost:8000/detail.html?id=94,tabela,2
95,Dell Archer AXE75 #95,Akcesoria sieciowe,Dell,3348.57,PLN,Ostatnie 3 sztuki,Nowy,,0,Dożywotnia producenta,,2026-10-04,True,SKU-10095,590000000095,Granatowy metalik,2.44,36 x 21 x 5 cm,Aluminium szczotkowane,Japonia,USB-C Power Delivery 65W,"CE, RoHS, ISO 9001, Energy Star","Urządzenie Dell Archer AXE75, kabel zasilający, instrukcja obsługi w j. polskim, karta gwarancyjna",Taktowanie magistrali: 5702 MHz; Poziom emisji hałasu: 23 dB; Pobór mocy znamionowy: 28 W; Architektura procesora: x86_64 / ARMv9; Wersja oprogramowania układowego (Firmware): v1.8.29,"Oryginalny produkt marki Dell z serii Archer AXE75. Wysoka jakość wykonania, znakomita wydajność oraz energooszczędność. Gwarancja pełnej kompatybilności & wsparcie techniczne producenta w standardzie.",http://localhost:8000/detail.html?id=95,tabela,2
96,Logitech WF-1000XM5 #96,Audio i Słuchawki,Logitech,5607.17,PLN,W magazynie,Odnowiony przez producenta,4.7,42,12 miesięcy,12,2026-05-21,True,SKU-10096,590000000096,Gwiezdna szarość,0.51,37 x 23 x 6 cm,Aluminium szczotkowane,Korea Południowa,Sieciowe 230V,"CE, RoHS, ISO 9001, Energy Star","Urządzenie Logitech WF-1000XM5, kabel zasilający, instrukcja obsługi w j. polskim, karta gwarancyjna",Taktowanie magistrali: 3953 MHz; Poziom emisji hałasu: 30 dB; Pobór mocy znamionowy: 85 W; Architektura procesora: x86_64 / ARMv9; Wersja oprogramowania układowego (Firmware): v4.0.91,"Oryginalny produkt marki Logitech z serii WF-1000XM5. Wysoka jakość wykonania, znakomita wydajność oraz energooszczędność. Gwarancja pełnej kompatybilności & wsparcie techniczne producenta w standardzie.",http://localhost:8000/detail.html?id=96,tabela,2
97,Samsung Ergo K860 #97,Klawiatury i Myszy,Samsung,4576.59,PLN,Wysyłka w 24h,Nowy,4.9,351,Dożywotnia producenta,,2026-07-18,True,SKU-10097,590000000097,Srebrny,0.86,17 x 28 x 7 cm,Szkło hartowane i metal,Chiny,USB-C Power Delivery 65W,"CE, RoHS, ISO 9001, Energy Star","Urządzenie Samsung Ergo K860, kabel zasilający, instrukcja obsługi w j. polskim, karta gwarancyjna",Taktowanie magistrali: 6204 MHz; Poziom emisji hałasu: 28 dB; Pobór mocy znamionowy: 17 W; Architektura procesora: x86_64 / ARMv9; Wersja oprogramowania układowego (Firmware): v2.9.28,"Oryginalny produkt marki Samsung z serii Ergo K860. Wysoka jakość wykonania, znakomita wydajność oraz energooszczędność. Gwarancja pełnej kompatybilności & wsparcie techniczne producenta w standardzie.",http://localhost:8000/detail.html?id=97,tabela,2
98,HP Major IV Bluetooth #98,Audio i Słuchawki,HP,5819.89,USD,Dostępny na zamówienie,Powystawowy,5.0,28,,,2026-08-13,True,SKU-10098,590000000098,Biały perłowy,1.14,27 x 22 x 7 cm,Szkło hartowane i metal,Niemcy,Baterie AAA / Akumulator,"CE, RoHS, ISO 9001, Energy Star","Urządzenie HP Major IV Bluetooth, kabel zasilający, instrukcja obsługi w j. polskim, karta gwarancyjna",Taktowanie magistrali: 3795 MHz; Poziom emisji hałasu: 37 dB; Pobór mocy znamionowy: 113 W; Architektura procesora: x86_64 / ARMv9; Wersja oprogramowania układowego (Firmware): v4.5.13,"Oryginalny produkt marki HP z serii Major IV Bluetooth. Wysoka jakość wykonania, znakomita wydajność oraz energooszczędność. Gwarancja pełnej kompatybilności & wsparcie techniczne producenta w standardzie.",http://localhost:8000/detail.html?id=98,tabela,2
99,Kingston Xiaomi 14 #99,Smartfony,Kingston,5732.56,PLN,Wysyłka w 24h,Powystawowy,,0,,,2026-05-25,True,SKU-10099,590000000099,Srebrny,0.59,12 x 15 x 7 cm,Szkło hartowane i metal,Japonia,Baterie AAA / Akumulator,"CE, RoHS, ISO 9001, Energy Star","Urządzenie Kingston Xiaomi 14, kabel zasilający, instrukcja obsługi w j. polskim, karta gwarancyjna",Taktowanie magistrali: 3697 MHz; Poziom emisji hałasu: 29 dB; Pobór mocy znamionowy: 28 W; Architektura procesora: x86_64 / ARMv9; Wersja oprogramowania układowego (Firmware): v1.0.49,"Oryginalny produkt marki Kingston z serii Xiaomi 14. Wysoka jakość wykonania, znakomita wydajność oraz energooszczędność. Gwarancja pełnej kompatybilności & wsparcie techniczne producenta w standardzie.",http://localhost:8000/detail.html?id=99,tabela,2
100,Dell iPhone 15 Pro #100,Smartfony,Dell,834.21,PLN,Ostatnie 3 sztuki,Odnowiony przez producenta,3.8,198,,,2026-05-25,True,SKU-10100,590000000100,Biały perłowy,0.89,18 x 19 x 5 cm,Stop magnezu i aluminium,Japonia,Sieciowe 230V,"CE, RoHS, ISO 9001, Energy Star","Urządzenie Dell iPhone 15 Pro, kabel zasilający, instrukcja obsługi w j. polskim, karta gwarancyjna",Taktowanie magistrali: 5591 MHz; Poziom emisji hałasu: 20 dB; Pobór mocy znamionowy: 107 W; Architektura procesora: x86_64 / ARMv9; Wersja oprogramowania układowego (Firmware): v2.9.76,"Oryginalny produkt marki Dell z serii iPhone 15 Pro. Wysoka jakość wykonania, znakomita wydajność oraz energooszczędność. Gwarancja pełnej kompatybilności & wsparcie techniczne producenta w standardzie.",http://localhost:8000/detail.html?id=100,tabela,2
101,ASUS ProArt PA278CV #101,Monitory,ASUS,3924.43,PLN,W magazynie,Powystawowy,,0,24 miesiące,24,2026-04-02,True,SKU-10101,590000000101,Srebrny,3.81,22 x 20 x 8 cm,Polikarbonat i aluminium,Tajwan,Akumulator Li-Ion,"CE, RoHS, ISO 9001, Energy Star","Urządzenie ASUS ProArt PA278CV, kabel zasilający, instrukcja obsługi w j. polskim, karta gwarancyjna",Taktowanie magistrali: 4925 MHz; Poziom emisji hałasu: 24 dB; Pobór mocy znamionowy: 73 W; Architektura procesora: x86_64 / ARMv9; Wersja oprogramowania układowego (Firmware): v1.2.48,"Oryginalny produkt marki ASUS z serii ProArt PA278CV. Wysoka jakość wykonania, znakomita wydajność oraz energooszczędność. Gwarancja pełnej kompatybilności & wsparcie techniczne producenta w standardzie.",http://localhost:8000/detail.html?id=101,karta,3
102,Sony T7 Shield 2TB #102,Dyski SSD,Sony,1685.73,USD,Dostępny w salonie,Nowy,4.9,164,48 miesięcy,48,2026-06-10,True,SKU-10102,590000000102,Granatowy metalik,4.49,15 x 27 x 1 cm,Polikarbonat i aluminium,Chiny,Akumulator Li-Ion,"CE, RoHS, ISO 9001, Energy Star","Urządzenie Sony T7 Shield 2TB, kabel zasilający, instrukcja obsługi w j. polskim, karta gwarancyjna",Taktowanie magistrali: 3940 MHz; Poziom emisji hałasu: 26 dB; Pobór mocy znamionowy: 119 W; Architektura procesora: x86_64 / ARMv9; Wersja oprogramowania układowego (Firmware): v4.5.24,"Oryginalny produkt marki Sony z serii T7 Shield 2TB. Wysoka jakość wykonania, znakomita wydajność oraz energooszczędność. Gwarancja pełnej kompatybilności & wsparcie techniczne producenta w standardzie.",http://localhost:8000/detail.html?id=102,karta,3
103,Apple MikroTik hAP ax3 #103,Akcesoria sieciowe,Apple,6568.83,PLN,Wysyłka w 24h,Odnowiony przez producenta,3.9,256,,,2026-10-05,True,SKU-10103,590000000103,Biały perłowy,2.68,27 x 26 x 7 cm,Aluminium szczotkowane,Korea Południowa,USB-C Power Delivery 65W,"CE, RoHS, ISO 9001, Energy Star","Urządzenie Apple MikroTik hAP ax3, kabel zasilający, instrukcja obsługi w j. polskim, karta gwarancyjna",Taktowanie magistrali: 5097 MHz; Poziom emisji hałasu: 22 dB; Pobór mocy znamionowy: 106 W; Architektura procesora: x86_64 / ARMv9; Wersja oprogramowania układowego (Firmware): v4.6.19,"Oryginalny produkt marki Apple z serii MikroTik hAP ax3. Wysoka jakość wykonania, znakomita wydajność oraz energooszczędność. Gwarancja pełnej kompatybilności & wsparcie techniczne producenta w standardzie.",http://localhost:8000/detail.html?id=103,karta,3
104,Lenovo Edge 50 Ultra #104,Smartfony,Lenovo,2903.57,PLN,Dostępny w salonie,Odnowiony przez producenta,3.3,331,48 miesięcy,48,2026-10-07,True,SKU-10104,590000000104,Granatowy metalik,1.11,21 x 22 x 8 cm,Szkło hartowane i metal,Chiny,Akumulator Li-Ion,"CE, RoHS, ISO 9001, Energy Star","Urządzenie Lenovo Edge 50 Ultra, kabel zasilający, instrukcja obsługi w j. polskim, karta gwarancyjna",Taktowanie magistrali: 2443 MHz; Poziom emisji hałasu: 21 dB; Pobór mocy znamionowy: 48 W; Architektura procesora: x86_64 / ARMv9; Wersja oprogramowania układowego (Firmware): v2.8.76,"Oryginalny produkt marki Lenovo z serii Edge 50 Ultra. Wysoka jakość wykonania, znakomita wydajność oraz energooszczędność. Gwarancja pełnej kompatybilności & wsparcie techniczne producenta w standardzie.",http://localhost:8000/detail.html?id=104,karta,3
105,Dell Surface Pro 9 #105,Tablety,Dell,3385.21,PLN,W magazynie,Powystawowy,3.4,374,,,2026-10-04,True,SKU-10105,590000000105,Biały perłowy,1.54,19 x 11 x 2 cm,Tworzywo ABS wzmocnione,Polska,Sieciowe 230V,"CE, RoHS, ISO 9001, Energy Star","Urządzenie Dell Surface Pro 9, kabel zasilający, instrukcja obsługi w j. polskim, karta gwarancyjna",Taktowanie magistrali: 5612 MHz; Poziom emisji hałasu: 24 dB; Pobór mocy znamionowy: 81 W; Architektura procesora: x86_64 / ARMv9; Wersja oprogramowania układowego (Firmware): v4.5.70,"Oryginalny produkt marki Dell z serii Surface Pro 9. Wysoka jakość wykonania, znakomita wydajność oraz energooszczędność. Gwarancja pełnej kompatybilności & wsparcie techniczne producenta w standardzie.",http://localhost:8000/detail.html?id=105,karta,3
106,Samsung ViewFinity S8 #106,Monitory,Samsung,1364.07,PLN,Wysyłka w 24h,Odnowiony przez producenta,4.9,119,24 miesiące,24,2026-03-22,True,SKU-10106,590000000106,Biały perłowy,1.84,32 x 16 x 4 cm,Aluminium szczotkowane,Tajwan,Sieciowe 230V,"CE, RoHS, ISO 9001, Energy Star","Urządzenie Samsung ViewFinity S8, kabel zasilający, instrukcja obsługi w j. polskim, karta gwarancyjna",Taktowanie magistrali: 5092 MHz; Poziom emisji hałasu: 31 dB; Pobór mocy znamionowy: 65 W; Architektura procesora: x86_64 / ARMv9; Wersja oprogramowania układowego (Firmware): v1.9.35,"Oryginalny produkt marki Samsung z serii ViewFinity S8. Wysoka jakość wykonania, znakomita wydajność oraz energooszczędność. Gwarancja pełnej kompatybilności & wsparcie techniczne producenta w standardzie.",http://localhost:8000/detail.html?id=106,karta,3
107,Sony ProArt PA278CV #107,Monitory,Sony,999.24,PLN,Dostępny na zamówienie,Odnowiony przez producenta,4.1,328,48 miesięcy,48,2026-04-04,True,SKU-10107,590000000107,Granatowy metalik,0.52,14 x 20 x 2 cm,Tworzywo ABS wzmocnione,Niemcy,Sieciowe 230V,"CE, RoHS, ISO 9001, Energy Star","Urządzenie Sony ProArt PA278CV, kabel zasilający, instrukcja obsługi w j. polskim, karta gwarancyjna",Taktowanie magistrali: 2867 MHz; Poziom emisji hałasu: 29 dB; Pobór mocy znamionowy: 60 W; Architektura procesora: x86_64 / ARMv9; Wersja oprogramowania układowego (Firmware): v4.9.32,"Oryginalny produkt marki Sony z serii ProArt PA278CV. Wysoka jakość wykonania, znakomita wydajność oraz energooszczędność. Gwarancja pełnej kompatybilności & wsparcie techniczne producenta w standardzie.",http://localhost:8000/detail.html?id=107,karta,3
108,Sony Curved Gaming 34 #108,Monitory,Sony,3167.86,PLN,Wysyłka w 24h,Odnowiony przez producenta,4.2,217,Dożywotnia producenta,,2026-04-12,True,SKU-10108,590000000108,Czarny mat,3.92,40 x 10 x 8 cm,Stop magnezu i aluminium,Niemcy,Baterie AAA / Akumulator,"CE, RoHS, ISO 9001, Energy Star","Urządzenie Sony Curved Gaming 34, kabel zasilający, instrukcja obsługi w j. polskim, karta gwarancyjna",Taktowanie magistrali: 3083 MHz; Poziom emisji hałasu: 33 dB; Pobór mocy znamionowy: 51 W; Architektura procesora: x86_64 / ARMv9; Wersja oprogramowania układowego (Firmware): v2.2.50,"Oryginalny produkt marki Sony z serii Curved Gaming 34. Wysoka jakość wykonania, znakomita wydajność oraz energooszczędność. Gwarancja pełnej kompatybilności & wsparcie techniczne producenta w standardzie.",http://localhost:8000/detail.html?id=108,karta,3
109,ASUS Fritz!Box 7590 AX #109,Akcesoria sieciowe,ASUS,5709.12,PLN,Dostępny w salonie,Odnowiony przez producenta,3.5,290,,,2026-06-19,True,SKU-10109,590000000109,Biały perłowy,2.54,13 x 28 x 2 cm,Szkło hartowane i metal,Tajwan,USB-C Power Delivery 65W,"CE, RoHS, ISO 9001, Energy Star","Urządzenie ASUS Fritz!Box 7590 AX, kabel zasilający, instrukcja obsługi w j. polskim, karta gwarancyjna",Taktowanie magistrali: 2533 MHz; Poziom emisji hałasu: 26 dB; Pobór mocy znamionowy: 43 W; Architektura procesora: x86_64 / ARMv9; Wersja oprogramowania układowego (Firmware): v3.2.68,"Oryginalny produkt marki ASUS z serii Fritz!Box 7590 AX. Wysoka jakość wykonania, znakomita wydajność oraz energooszczędność. Gwarancja pełnej kompatybilności & wsparcie techniczne producenta w standardzie.",http://localhost:8000/detail.html?id=109,karta,3
110,Logitech MacBook Air M3 #110,Laptopy,Logitech,908.09,USD,Dostępny w salonie,Odnowiony przez producenta,4.6,153,12 miesięcy,12,2026-06-26,True,SKU-10110,590000000110,Srebrny,3.9,29 x 30 x 7 cm,Szkło hartowane i metal,Niemcy,Akumulator Li-Ion,"CE, RoHS, ISO 9001, Energy Star","Urządzenie Logitech MacBook Air M3, kabel zasilający, instrukcja obsługi w j. polskim, karta gwarancyjna",Taktowanie magistrali: 3827 MHz; Poziom emisji hałasu: 20 dB; Pobór mocy znamionowy: 71 W; Architektura procesora: x86_64 / ARMv9; Wersja oprogramowania układowego (Firmware): v1.3.36,"Oryginalny produkt marki Logitech z serii MacBook Air M3. Wysoka jakość wykonania, znakomita wydajność oraz energooszczędność. Gwarancja pełnej kompatybilności & wsparcie techniczne producenta w standardzie.",http://localhost:8000/detail.html?id=110,karta,3
111,Samsung Ergo K860 #111,Klawiatury i Myszy,Samsung,2870.44,PLN,W magazynie,Powystawowy,4.2,166,36 miesięcy,36,2026-10-05,True,SKU-10111,590000000111,Gwiezdna szarość,3.2,14 x 17 x 3 cm,Tworzywo ABS wzmocnione,Chiny,Akumulator Li-Ion,"CE, RoHS, ISO 9001, Energy Star","Urządzenie Samsung Ergo K860, kabel zasilający, instrukcja obsługi w j. polskim, karta gwarancyjna",Taktowanie magistrali: 6301 MHz; Poziom emisji hałasu: 34 dB; Pobór mocy znamionowy: 101 W; Architektura procesora: x86_64 / ARMv9; Wersja oprogramowania układowego (Firmware): v1.2.62,"Oryginalny produkt marki Samsung z serii Ergo K860. Wysoka jakość wykonania, znakomita wydajność oraz energooszczędność. Gwarancja pełnej kompatybilności & wsparcie techniczne producenta w standardzie.",http://localhost:8000/detail.html?id=111,karta,3
112,Logitech QuietComfort Ultra #112,Audio i Słuchawki,Logitech,2221.87,PLN,Dostępny na zamówienie,Odnowiony przez producenta,4.0,325,12 miesięcy,12,2026-04-23,True,SKU-10112,590000000112,Czarny mat,3.93,37 x 12 x 8 cm,Tworzywo ABS wzmocnione,Chiny,Sieciowe 230V,"CE, RoHS, ISO 9001, Energy Star","Urządzenie Logitech QuietComfort Ultra, kabel zasilający, instrukcja obsługi w j. polskim, karta gwarancyjna",Taktowanie magistrali: 5471 MHz; Poziom emisji hałasu: 26 dB; Pobór mocy znamionowy: 103 W; Architektura procesora: x86_64 / ARMv9; Wersja oprogramowania układowego (Firmware): v3.7.72,"Oryginalny produkt marki Logitech z serii QuietComfort Ultra. Wysoka jakość wykonania, znakomita wydajność oraz energooszczędność. Gwarancja pełnej kompatybilności & wsparcie techniczne producenta w standardzie.",http://localhost:8000/detail.html?id=112,karta,3
113,Samsung AirPods Pro 2 #113,Audio i Słuchawki,Samsung,4007.25,EUR,W magazynie,Nowy,3.7,281,Dożywotnia producenta,,2026-06-06,True,SKU-10113,590000000113,Biały perłowy,2.14,40 x 23 x 4 cm,Stop magnezu i aluminium,Chiny,USB-C Power Delivery 65W,"CE, RoHS, ISO 9001, Energy Star","Urządzenie Samsung AirPods Pro 2, kabel zasilający, instrukcja obsługi w j. polskim, karta gwarancyjna",Taktowanie magistrali: 6062 MHz; Poziom emisji hałasu: 19 dB; Pobór mocy znamionowy: 20 W; Architektura procesora: x86_64 / ARMv9; Wersja oprogramowania układowego (Firmware): v1.7.12,"Oryginalny produkt marki Samsung z serii AirPods Pro 2. Wysoka jakość wykonania, znakomita wydajność oraz energooszczędność. Gwarancja pełnej kompatybilności & wsparcie techniczne producenta w standardzie.",http://localhost:8000/detail.html?id=113,karta,3
114,Apple UltraSharp U2724D #114,Monitory,Apple,2077.08,PLN,Wysyłka w 24h,Nowy,4.8,85,,,2026-10-06,True,SKU-10114,590000000114,Gwiezdna szarość,2.73,26 x 24 x 1 cm,Tworzywo ABS wzmocnione,Polska,Sieciowe 230V,"CE, RoHS, ISO 9001, Energy Star","Urządzenie Apple UltraSharp U2724D, kabel zasilający, instrukcja obsługi w j. polskim, karta gwarancyjna",Taktowanie magistrali: 4158 MHz; Poziom emisji hałasu: 38 dB; Pobór mocy znamionowy: 26 W; Architektura procesora: x86_64 / ARMv9; Wersja oprogramowania układowego (Firmware): v1.0.37,"Oryginalny produkt marki Apple z serii UltraSharp U2724D. Wysoka jakość wykonania, znakomita wydajność oraz energooszczędność. Gwarancja pełnej kompatybilności & wsparcie techniczne producenta w standardzie.",http://localhost:8000/detail.html?id=114,karta,3
115,HP AirPods Pro 2 #115,Audio i Słuchawki,HP,3125.25,PLN,Dostępny w salonie,Nowy,3.4,161,36 miesięcy,36,2026-05-27,True,SKU-10115,590000000115,Granatowy metalik,2.98,24 x 21 x 4 cm,Stop magnezu i aluminium,Chiny,Baterie AAA / Akumulator,"CE, RoHS, ISO 9001, Energy Star","Urządzenie HP AirPods Pro 2, kabel zasilający, instrukcja obsługi w j. polskim, karta gwarancyjna",Taktowanie magistrali: 5568 MHz; Poziom emisji hałasu: 22 dB; Pobór mocy znamionowy: 97 W; Architektura procesora: x86_64 / ARMv9; Wersja oprogramowania układowego (Firmware): v2.1.77,"Oryginalny produkt marki HP z serii AirPods Pro 2. Wysoka jakość wykonania, znakomita wydajność oraz energooszczędność. Gwarancja pełnej kompatybilności & wsparcie techniczne producenta w standardzie.",http://localhost:8000/detail.html?id=115,karta,3
116,Samsung Archer AXE75 #116,Akcesoria sieciowe,Samsung,1205.1,EUR,Dostępny w salonie,Odnowiony przez producenta,,0,36 miesięcy,36,2026-06-13,True,SKU-10116,590000000116,Granatowy metalik,3.29,19 x 10 x 5 cm,Szkło hartowane i metal,Niemcy,Akumulator Li-Ion,"CE, RoHS, ISO 9001, Energy Star","Urządzenie Samsung Archer AXE75, kabel zasilający, instrukcja obsługi w j. polskim, karta gwarancyjna",Taktowanie magistrali: 5640 MHz; Poziom emisji hałasu: 22 dB; Pobór mocy znamionowy: 46 W; Architektura procesora: x86_64 / ARMv9; Wersja oprogramowania układowego (Firmware): v3.1.41,"Oryginalny produkt marki Samsung z serii Archer AXE75. Wysoka jakość wykonania, znakomita wydajność oraz energooszczędność. Gwarancja pełnej kompatybilności & wsparcie techniczne producenta w standardzie.",http://localhost:8000/detail.html?id=116,karta,3
117,Apple Buds 2 Pro #117,Audio i Słuchawki,Apple,7192.51,PLN,Dostępny w salonie,Powystawowy,4.1,58,Dożywotnia producenta,,2026-04-19,True,SKU-10117,590000000117,Srebrny,2.53,15 x 25 x 2 cm,Szkło hartowane i metal,Polska,Sieciowe 230V,"CE, RoHS, ISO 9001, Energy Star","Urządzenie Apple Buds 2 Pro, kabel zasilający, instrukcja obsługi w j. polskim, karta gwarancyjna",Taktowanie magistrali: 6040 MHz; Poziom emisji hałasu: 18 dB; Pobór mocy znamionowy: 61 W; Architektura procesora: x86_64 / ARMv9; Wersja oprogramowania układowego (Firmware): v3.2.59,"Oryginalny produkt marki Apple z serii Buds 2 Pro. Wysoka jakość wykonania, znakomita wydajność oraz energooszczędność. Gwarancja pełnej kompatybilności & wsparcie techniczne producenta w standardzie.",http://localhost:8000/detail.html?id=117,karta,3
118,Apple MacBook Air M3 #118,Laptopy,Apple,576.7,PLN,Dostępny na zamówienie,Nowy,4.1,322,48 miesięcy,48,2026-03-06,True,SKU-10118,590000000118,Granatowy metalik,4.16,35 x 14 x 9 cm,Polikarbonat i aluminium,Tajwan,Sieciowe 230V,"CE, RoHS, ISO 9001, Energy Star","Urządzenie Apple MacBook Air M3, kabel zasilający, instrukcja obsługi w j. polskim, karta gwarancyjna",Taktowanie magistrali: 4047 MHz; Poziom emisji hałasu: 20 dB; Pobór mocy znamionowy: 96 W; Architektura procesora: x86_64 / ARMv9; Wersja oprogramowania układowego (Firmware): v2.4.20,"Oryginalny produkt marki Apple z serii MacBook Air M3. Wysoka jakość wykonania, znakomita wydajność oraz energooszczędność. Gwarancja pełnej kompatybilności & wsparcie techniczne producenta w standardzie.",http://localhost:8000/detail.html?id=118,karta,3
119,ASUS Crucial T700 1TB #119,Dyski SSD,ASUS,1984.24,USD,W magazynie,Nowy,4.9,60,Dożywotnia producenta,,2026-06-14,True,SKU-10119,590000000119,Biały perłowy,4.3,26 x 26 x 5 cm,Tworzywo ABS wzmocnione,Niemcy,Akumulator Li-Ion,"CE, RoHS, ISO 9001, Energy Star","Urządzenie ASUS Crucial T700 1TB, kabel zasilający, instrukcja obsługi w j. polskim, karta gwarancyjna",Taktowanie magistrali: 5128 MHz; Poziom emisji hałasu: 23 dB; Pobór mocy znamionowy: 30 W; Architektura procesora: x86_64 / ARMv9; Wersja oprogramowania układowego (Firmware): v1.2.99,"Oryginalny produkt marki ASUS z serii Crucial T700 1TB. Wysoka jakość wykonania, znakomita wydajność oraz energooszczędność. Gwarancja pełnej kompatybilności & wsparcie techniczne producenta w standardzie.",http://localhost:8000/detail.html?id=119,karta,3
120,Lenovo XS2000 2TB #120,Dyski SSD,Lenovo,2745.59,EUR,Ostatnie 3 sztuki,Powystawowy,4.1,135,Dożywotnia producenta,,2026-04-27,True,SKU-10120,590000000120,Gwiezdna szarość,1.26,13 x 28 x 2 cm,Szkło hartowane i metal,Niemcy,Sieciowe 230V,"CE, RoHS, ISO 9001, Energy Star","Urządzenie Lenovo XS2000 2TB, kabel zasilający, instrukcja obsługi w j. polskim, karta gwarancyjna",Taktowanie magistrali: 4264 MHz; Poziom emisji hałasu: 34 dB; Pobór mocy znamionowy: 61 W; Architektura procesora: x86_64 / ARMv9; Wersja oprogramowania układowego (Firmware): v1.7.82,"Oryginalny produkt marki Lenovo z serii XS2000 2TB. Wysoka jakość wykonania, znakomita wydajność oraz energooszczędność. Gwarancja pełnej kompatybilności & wsparcie techniczne producenta w standardzie.",http://localhost:8000/detail.html?id=120,karta,3
121,Dell MacBook Air M3 #121,Laptopy,Dell,2974.41,PLN,Dostępny w salonie,Powystawowy,3.5,440,,,2026-07-06,True,SKU-10121,590000000121,Czarny mat,2.33,38 x 11 x 3 cm,Szkło hartowane i metal,Niemcy,Sieciowe 230V,"CE, RoHS, ISO 9001, Energy Star","Urządzenie Dell MacBook Air M3, kabel zasilający, instrukcja obsługi w j. polskim, karta gwarancyjna",Taktowanie magistrali: 3718 MHz; Poziom emisji hałasu: 25 dB; Pobór mocy znamionowy: 68 W; Architektura procesora: x86_64 / ARMv9; Wersja oprogramowania układowego (Firmware): v3.4.19,"Oryginalny produkt marki Dell z serii MacBook Air M3. Wysoka jakość wykonania, znakomita wydajność oraz energooszczędność. Gwarancja pełnej kompatybilności & wsparcie techniczne producenta w standardzie.",http://localhost:8000/detail.html?id=121,karta,3
122,Lenovo AirPods Pro 2 #122,Audio i Słuchawki,Lenovo,6209.87,EUR,Dostępny w salonie,Powystawowy,3.4,234,,,2026-06-19,True,SKU-10122,590000000122,Gwiezdna szarość,3.34,27 x 17 x 3 cm,Polikarbonat i aluminium,Polska,Sieciowe 230V,"CE, RoHS, ISO 9001, Energy Star","Urządzenie Lenovo AirPods Pro 2, kabel zasilający, instrukcja obsługi w j. polskim, karta gwarancyjna",Taktowanie magistrali: 4709 MHz; Poziom emisji hałasu: 27 dB; Pobór mocy znamionowy: 109 W; Architektura procesora: x86_64 / ARMv9; Wersja oprogramowania układowego (Firmware): v2.7.57,"Oryginalny produkt marki Lenovo z serii AirPods Pro 2. Wysoka jakość wykonania, znakomita wydajność oraz energooszczędność. Gwarancja pełnej kompatybilności & wsparcie techniczne producenta w standardzie.",http://localhost:8000/detail.html?id=122,karta,3
123,LG G Pro X Superlight #123,Klawiatury i Myszy,LG,5577.34,PLN,Dostępny na zamówienie,Nowy,,0,48 miesięcy,48,2026-10-06,True,SKU-10123,590000000123,Czarny mat,4.16,38 x 26 x 7 cm,Tworzywo ABS wzmocnione,Chiny,Baterie AAA / Akumulator,"CE, RoHS, ISO 9001, Energy Star","Urządzenie LG G Pro X Superlight, kabel zasilający, instrukcja obsługi w j. polskim, karta gwarancyjna",Taktowanie magistrali: 4570 MHz; Poziom emisji hałasu: 25 dB; Pobór mocy znamionowy: 68 W; Architektura procesora: x86_64 / ARMv9; Wersja oprogramowania układowego (Firmware): v4.0.28,"Oryginalny produkt marki LG z serii G Pro X Superlight. Wysoka jakość wykonania, znakomita wydajność oraz energooszczędność. Gwarancja pełnej kompatybilności & wsparcie techniczne producenta w standardzie.",http://localhost:8000/detail.html?id=123,karta,3
124,Kingston iPhone 15 Pro #124,Smartfony,Kingston,5133.0,PLN,Wysyłka w 24h,Powystawowy,4.3,32,24 miesiące,24,2026-06-19,True,SKU-10124,590000000124,Gwiezdna szarość,0.47,16 x 14 x 10 cm,Stop magnezu i aluminium,Polska,Sieciowe 230V,"CE, RoHS, ISO 9001, Energy Star","Urządzenie Kingston iPhone 15 Pro, kabel zasilający, instrukcja obsługi w j. polskim, karta gwarancyjna",Taktowanie magistrali: 3469 MHz; Poziom emisji hałasu: 28 dB; Pobór mocy znamionowy: 117 W; Architektura procesora: x86_64 / ARMv9; Wersja oprogramowania układowego (Firmware): v4.5.50,"Oryginalny produkt marki Kingston z serii iPhone 15 Pro. Wysoka jakość wykonania, znakomita wydajność oraz energooszczędność. Gwarancja pełnej kompatybilności & wsparcie techniczne producenta w standardzie.",http://localhost:8000/detail.html?id=124,karta,3
125,Logitech UltraGear 27GR95QE #125,Monitory,Logitech,1052.82,PLN,Ostatnie 3 sztuki,Nowy,4.6,232,36 miesięcy,36,2026-08-09,True,SKU-10125,590000000125,Gwiezdna szarość,4.36,22 x 26 x 1 cm,Tworzywo ABS wzmocnione,Chiny,USB-C Power Delivery 65W,"CE, RoHS, ISO 9001, Energy Star","Urządzenie Logitech UltraGear 27GR95QE, kabel zasilający, instrukcja obsługi w j. polskim, karta gwarancyjna",Taktowanie magistrali: 3045 MHz; Poziom emisji hałasu: 27 dB; Pobór mocy znamionowy: 120 W; Architektura procesora: x86_64 / ARMv9; Wersja oprogramowania układowego (Firmware): v1.3.51,"Oryginalny produkt marki Logitech z serii UltraGear 27GR95QE. Wysoka jakość wykonania, znakomita wydajność oraz energooszczędność. Gwarancja pełnej kompatybilności & wsparcie techniczne producenta w standardzie.",http://localhost:8000/detail.html?id=125,karta,3
126,Dell UltraGear 27GR95QE #126,Monitory,Dell,4491.03,EUR,W magazynie,Odnowiony przez producenta,3.4,53,24 miesiące,24,2026-08-29,True,SKU-10126,590000000126,Granatowy metalik,1.28,36 x 12 x 1 cm,Stop magnezu i aluminium,Polska,Baterie AAA / Akumulator,"CE, RoHS, ISO 9001, Energy Star","Urządzenie Dell UltraGear 27GR95QE, kabel zasilający, instrukcja obsługi w j. polskim, karta gwarancyjna",Taktowanie magistrali: 2652 MHz; Poziom emisji hałasu: 25 dB; Pobór mocy znamionowy: 31 W; Architektura procesora: x86_64 / ARMv9; Wersja oprogramowania układowego (Firmware): v2.6.57,"Oryginalny produkt marki Dell z serii UltraGear 27GR95QE. Wysoka jakość wykonania, znakomita wydajność oraz energooszczędność. Gwarancja pełnej kompatybilności & wsparcie techniczne producenta w standardzie.",http://localhost:8000/detail.html?id=126,tabela,3
127,Lenovo Modern MD271 #127,Monitory,Lenovo,2718.24,EUR,Ostatnie 3 sztuki,Nowy,,0,24 miesiące,24,2026-05-23,True,SKU-10127,590000000127,Srebrny,1.37,38 x 14 x 1 cm,Szkło hartowane i metal,Korea Południowa,Akumulator Li-Ion,"CE, RoHS, ISO 9001, Energy Star","Urządzenie Lenovo Modern MD271, kabel zasilający, instrukcja obsługi w j. polskim, karta gwarancyjna",Taktowanie magistrali: 4432 MHz; Poziom emisji hałasu: 18 dB; Pobór mocy znamionowy: 63 W; Architektura procesora: x86_64 / ARMv9; Wersja oprogramowania układowego (Firmware): v4.2.55,"Oryginalny produkt marki Lenovo z serii Modern MD271. Wysoka jakość wykonania, znakomita wydajność oraz energooszczędność. Gwarancja pełnej kompatybilności & wsparcie techniczne producenta w standardzie.",http://localhost:8000/detail.html?id=127,tabela,3
128,Logitech Black SN850X 1TB #128,Dyski SSD,Logitech,3883.34,EUR,Wysyłka w 24h,Odnowiony przez producenta,,0,48 miesięcy,48,2026-03-21,True,SKU-10128,590000000128,Biały perłowy,1.65,28 x 26 x 6 cm,Tworzywo ABS wzmocnione,Japonia,Akumulator Li-Ion,"CE, RoHS, ISO 9001, Energy Star","Urządzenie Logitech Black SN850X 1TB, kabel zasilający, instrukcja obsługi w j. polskim, karta gwarancyjna",Taktowanie magistrali: 6023 MHz; Poziom emisji hałasu: 34 dB; Pobór mocy znamionowy: 46 W; Architektura procesora: x86_64 / ARMv9; Wersja oprogramowania układowego (Firmware): v1.6.55,"Oryginalny produkt marki Logitech z serii Black SN850X 1TB. Wysoka jakość wykonania, znakomita wydajność oraz energooszczędność. Gwarancja pełnej kompatybilności & wsparcie techniczne producenta w standardzie.",http://localhost:8000/detail.html?id=128,tabela,3
129,Sony MacBook Air M3 #129,Laptopy,Sony,6503.45,PLN,W magazynie,Nowy,4.7,242,Dożywotnia producenta,,2026-07-23,True,SKU-10129,590000000129,Granatowy metalik,3.83,35 x 22 x 6 cm,Stop magnezu i aluminium,Niemcy,Akumulator Li-Ion,"CE, RoHS, ISO 9001, Energy Star","Urządzenie Sony MacBook Air M3, kabel zasilający, instrukcja obsługi w j. polskim, karta gwarancyjna",Taktowanie magistrali: 2810 MHz; Poziom emisji hałasu: 25 dB; Pobór mocy znamionowy: 99 W; Architektura procesora: x86_64 / ARMv9; Wersja oprogramowania układowego (Firmware): v2.4.78,"Oryginalny produkt marki Sony z serii MacBook Air M3. Wysoka jakość wykonania, znakomita wydajność oraz energooszczędność. Gwarancja pełnej kompatybilności & wsparcie techniczne producenta w standardzie.",http://localhost:8000/detail.html?id=129,tabela,3
130,Sony Xiaomi Pad 6 #130,Tablety,Sony,5633.43,PLN,W magazynie,Odnowiony przez producenta,4.2,289,48 miesięcy,48,2026-10-04,True,SKU-10130,590000000130,Biały perłowy,0.15,39 x 29 x 4 cm,Tworzywo ABS wzmocnione,Niemcy,Akumulator Li-Ion,"CE, RoHS, ISO 9001, Energy Star","Urządzenie Sony Xiaomi Pad 6, kabel zasilający, instrukcja obsługi w j. polskim, karta gwarancyjna",Taktowanie magistrali: 2555 MHz; Poziom emisji hałasu: 20 dB; Pobór mocy znamionowy: 22 W; Architektura procesora: x86_64 / ARMv9; Wersja oprogramowania układowego (Firmware): v2.9.38,"Oryginalny produkt marki Sony z serii Xiaomi Pad 6. Wysoka jakość wykonania, znakomita wydajność oraz energooszczędność. Gwarancja pełnej kompatybilności & wsparcie techniczne producenta w standardzie.",http://localhost:8000/detail.html?id=130,tabela,3
131,Dell Galaxy Tab S9 #131,Tablety,Dell,5666.1,PLN,Dostępny na zamówienie,Nowy,,0,,,2026-10-05,True,SKU-10131,590000000131,Gwiezdna szarość,3.34,23 x 30 x 8 cm,Tworzywo ABS wzmocnione,Chiny,Akumulator Li-Ion,"CE, RoHS, ISO 9001, Energy Star","Urządzenie Dell Galaxy Tab S9, kabel zasilający, instrukcja obsługi w j. polskim, karta gwarancyjna",Taktowanie magistrali: 5285 MHz; Poziom emisji hałasu: 30 dB; Pobór mocy znamionowy: 90 W; Architektura procesora: x86_64 / ARMv9; Wersja oprogramowania układowego (Firmware): v1.5.48,"Oryginalny produkt marki Dell z serii Galaxy Tab S9. Wysoka jakość wykonania, znakomita wydajność oraz energooszczędność. Gwarancja pełnej kompatybilności & wsparcie techniczne producenta w standardzie.",http://localhost:8000/detail.html?id=131,tabela,3
132,Samsung Lenovo Tab P12 #132,Tablety,Samsung,1484.28,PLN,Dostępny na zamówienie,Odnowiony przez producenta,4.4,66,,,2026-03-06,True,SKU-10132,590000000132,Gwiezdna szarość,2.93,13 x 25 x 3 cm,Aluminium szczotkowane,Tajwan,Akumulator Li-Ion,"CE, RoHS, ISO 9001, Energy Star","Urządzenie Samsung Lenovo Tab P12, kabel zasilający, instrukcja obsługi w j. polskim, karta gwarancyjna",Taktowanie magistrali: 6285 MHz; Poziom emisji hałasu: 36 dB; Pobór mocy znamionowy: 65 W; Architektura procesora: x86_64 / ARMv9; Wersja oprogramowania układowego (Firmware): v1.2.87,"Oryginalny produkt marki Samsung z serii Lenovo Tab P12. Wysoka jakość wykonania, znakomita wydajność oraz energooszczędność. Gwarancja pełnej kompatybilności & wsparcie techniczne producenta w standardzie.",http://localhost:8000/detail.html?id=132,tabela,3
133,"Sony iPad Air 11"" #133",Tablety,Sony,7707.33,PLN,W magazynie,Odnowiony przez producenta,4.4,374,48 miesięcy,48,2026-06-26,True,SKU-10133,590000000133,Czarny mat,0.36,24 x 23 x 3 cm,Polikarbonat i aluminium,Japonia,Baterie AAA / Akumulator,"CE, RoHS, ISO 9001, Energy Star","Urządzenie Sony iPad Air 11"", kabel zasilający, instrukcja obsługi w j. polskim, karta gwarancyjna",Taktowanie magistrali: 3258 MHz; Poziom emisji hałasu: 25 dB; Pobór mocy znamionowy: 103 W; Architektura procesora: x86_64 / ARMv9; Wersja oprogramowania układowego (Firmware): v1.5.42,"Oryginalny produkt marki Sony z serii iPad Air 11"". Wysoka jakość wykonania, znakomita wydajność oraz energooszczędność. Gwarancja pełnej kompatybilności & wsparcie techniczne producenta w standardzie.",http://localhost:8000/detail.html?id=133,tabela,3
134,LG Surface Pro 9 #134,Tablety,LG,3886.97,PLN,Dostępny na zamówienie,Nowy,4.4,352,48 miesięcy,48,2026-08-24,True,SKU-10134,590000000134,Biały perłowy,0.85,12 x 27 x 2 cm,Szkło hartowane i metal,Tajwan,Baterie AAA / Akumulator,"CE, RoHS, ISO 9001, Energy Star","Urządzenie LG Surface Pro 9, kabel zasilający, instrukcja obsługi w j. polskim, karta gwarancyjna",Taktowanie magistrali: 3607 MHz; Poziom emisji hałasu: 18 dB; Pobór mocy znamionowy: 55 W; Architektura procesora: x86_64 / ARMv9; Wersja oprogramowania układowego (Firmware): v3.1.19,"Oryginalny produkt marki LG z serii Surface Pro 9. Wysoka jakość wykonania, znakomita wydajność oraz energooszczędność. Gwarancja pełnej kompatybilności & wsparcie techniczne producenta w standardzie.",http://localhost:8000/detail.html?id=134,tabela,3
135,ASUS ZenBook Pro #135,Laptopy,ASUS,3529.18,PLN,W magazynie,Nowy,,0,24 miesiące,24,2026-03-07,True,SKU-10135,590000000135,Biały perłowy,2.64,36 x 25 x 3 cm,Tworzywo ABS wzmocnione,Polska,Sieciowe 230V,"CE, RoHS, ISO 9001, Energy Star","Urządzenie ASUS ZenBook Pro, kabel zasilający, instrukcja obsługi w j. polskim, karta gwarancyjna",Taktowanie magistrali: 4669 MHz; Poziom emisji hałasu: 35 dB; Pobór mocy znamionowy: 48 W; Architektura procesora: x86_64 / ARMv9; Wersja oprogramowania układowego (Firmware): v3.4.40,"Oryginalny produkt marki ASUS z serii ZenBook Pro. Wysoka jakość wykonania, znakomita wydajność oraz energooszczędność. Gwarancja pełnej kompatybilności & wsparcie techniczne producenta w standardzie.",http://localhost:8000/detail.html?id=135,tabela,3
136,Lenovo Momentum 4 #136,Audio i Słuchawki,Lenovo,5037.22,EUR,Dostępny na zamówienie,Nowy,3.4,106,,,2026-10-04,True,SKU-10136,590000000136,Granatowy metalik,1.84,21 x 22 x 6 cm,Polikarbonat i aluminium,Niemcy,Sieciowe 230V,"CE, RoHS, ISO 9001, Energy Star","Urządzenie Lenovo Momentum 4, kabel zasilający, instrukcja obsługi w j. polskim, karta gwarancyjna",Taktowanie magistrali: 5856 MHz; Poziom emisji hałasu: 21 dB; Pobór mocy znamionowy: 54 W; Architektura procesora: x86_64 / ARMv9; Wersja oprogramowania układowego (Firmware): v4.7.72,"Oryginalny produkt marki Lenovo z serii Momentum 4. Wysoka jakość wykonania, znakomita wydajność oraz energooszczędność. Gwarancja pełnej kompatybilności & wsparcie techniczne producenta w standardzie.",http://localhost:8000/detail.html?id=136,tabela,3
137,Logitech Black SN850X 1TB #137,Dyski SSD,Logitech,6711.92,PLN,Wysyłka w 24h,Odnowiony przez producenta,3.5,357,12 miesięcy,12,2026-10-04,True,SKU-10137,590000000137,Biały perłowy,2.64,17 x 25 x 5 cm,Polikarbonat i aluminium,Polska,Sieciowe 230V,"CE, RoHS, ISO 9001, Energy Star","Urządzenie Logitech Black SN850X 1TB, kabel zasilający, instrukcja obsługi w j. polskim, karta gwarancyjna",Taktowanie magistrali: 6376 MHz; Poziom emisji hałasu: 36 dB; Pobór mocy znamionowy: 44 W; Architektura procesora: x86_64 / ARMv9; Wersja oprogramowania układowego (Firmware): v1.6.76,"Oryginalny produkt marki Logitech z serii Black SN850X 1TB. Wysoka jakość wykonania, znakomita wydajność oraz energooszczędność. Gwarancja pełnej kompatybilności & wsparcie techniczne producenta w standardzie.",http://localhost:8000/detail.html?id=137,tabela,3
138,Lenovo Modern MD271 #138,Monitory,Lenovo,7596.59,PLN,Ostatnie 3 sztuki,Odnowiony przez producenta,,0,24 miesiące,24,2026-08-22,True,SKU-10138,590000000138,Srebrny,1.54,33 x 12 x 2 cm,Szkło hartowane i metal,Japonia,Baterie AAA / Akumulator,"CE, RoHS, ISO 9001, Energy Star","Urządzenie Lenovo Modern MD271, kabel zasilający, instrukcja obsługi w j. polskim, karta gwarancyjna",Taktowanie magistrali: 4134 MHz; Poziom emisji hałasu: 20 dB; Pobór mocy znamionowy: 102 W; Architektura procesora: x86_64 / ARMv9; Wersja oprogramowania układowego (Firmware): v4.3.90,"Oryginalny produkt marki Lenovo z serii Modern MD271. Wysoka jakość wykonania, znakomita wydajność oraz energooszczędność. Gwarancja pełnej kompatybilności & wsparcie techniczne producenta w standardzie.",http://localhost:8000/detail.html?id=138,tabela,3
139,Apple Xiaomi Pad 6 #139,Tablety,Apple,6999.38,PLN,W magazynie,Powystawowy,4.3,268,12 miesięcy,12,2026-07-25,True,SKU-10139,590000000139,Granatowy metalik,3.98,38 x 23 x 5 cm,Polikarbonat i aluminium,Japonia,Baterie AAA / Akumulator,"CE, RoHS, ISO 9001, Energy Star","Urządzenie Apple Xiaomi Pad 6, kabel zasilający, instrukcja obsługi w j. polskim, karta gwarancyjna",Taktowanie magistrali: 3007 MHz; Poziom emisji hałasu: 36 dB; Pobór mocy znamionowy: 90 W; Architektura procesora: x86_64 / ARMv9; Wersja oprogramowania układowego (Firmware): v1.1.82,"Oryginalny produkt marki Apple z serii Xiaomi Pad 6. Wysoka jakość wykonania, znakomita wydajność oraz energooszczędność. Gwarancja pełnej kompatybilności & wsparcie techniczne producenta w standardzie.",http://localhost:8000/detail.html?id=139,tabela,3
140,HP Pavilion Gaming #140,Laptopy,HP,4983.13,PLN,Dostępny na zamówienie,Powystawowy,3.9,203,36 miesięcy,36,2026-08-20,True,SKU-10140,590000000140,Srebrny,3.82,37 x 13 x 4 cm,Tworzywo ABS wzmocnione,Niemcy,Baterie AAA / Akumulator,"CE, RoHS, ISO 9001, Energy Star","Urządzenie HP Pavilion Gaming, kabel zasilający, instrukcja obsługi w j. polskim, karta gwarancyjna",Taktowanie magistrali: 5454 MHz; Poziom emisji hałasu: 33 dB; Pobór mocy znamionowy: 49 W; Architektura procesora: x86_64 / ARMv9; Wersja oprogramowania układowego (Firmware): v3.0.53,"Oryginalny produkt marki HP z serii Pavilion Gaming. Wysoka jakość wykonania, znakomita wydajność oraz energooszczędność. Gwarancja pełnej kompatybilności & wsparcie techniczne producenta w standardzie.",http://localhost:8000/detail.html?id=140,tabela,3
141,Apple Lenovo Tab P12 #141,Tablety,Apple,5198.88,PLN,Dostępny w salonie,Nowy,3.6,422,48 miesięcy,48,2026-10-06,True,SKU-10141,590000000141,Gwiezdna szarość,0.99,36 x 16 x 1 cm,Aluminium szczotkowane,Niemcy,Baterie AAA / Akumulator,"CE, RoHS, ISO 9001, Energy Star","Urządzenie Apple Lenovo Tab P12, kabel zasilający, instrukcja obsługi w j. polskim, karta gwarancyjna",Taktowanie magistrali: 2668 MHz; Poziom emisji hałasu: 27 dB; Pobór mocy znamionowy: 105 W; Architektura procesora: x86_64 / ARMv9; Wersja oprogramowania układowego (Firmware): v4.2.77,"Oryginalny produkt marki Apple z serii Lenovo Tab P12. Wysoka jakość wykonania, znakomita wydajność oraz energooszczędność. Gwarancja pełnej kompatybilności & wsparcie techniczne producenta w standardzie.",http://localhost:8000/detail.html?id=141,tabela,3
142,Sony MacBook Air M3 #142,Laptopy,Sony,6604.7,PLN,Dostępny na zamówienie,Odnowiony przez producenta,4.3,64,24 miesiące,24,2026-10-04,True,SKU-10142,590000000142,Czarny mat,1.39,22 x 11 x 3 cm,Stop magnezu i aluminium,Korea Południowa,Akumulator Li-Ion,"CE, RoHS, ISO 9001, Energy Star","Urządzenie Sony MacBook Air M3, kabel zasilający, instrukcja obsługi w j. polskim, karta gwarancyjna",Taktowanie magistrali: 3127 MHz; Poziom emisji hałasu: 33 dB; Pobór mocy znamionowy: 90 W; Architektura procesora: x86_64 / ARMv9; Wersja oprogramowania układowego (Firmware): v3.5.30,"Oryginalny produkt marki Sony z serii MacBook Air M3. Wysoka jakość wykonania, znakomita wydajność oraz energooszczędność. Gwarancja pełnej kompatybilności & wsparcie techniczne producenta w standardzie.",http://localhost:8000/detail.html?id=142,tabela,3
143,Samsung G Pro X Superlight #143,Klawiatury i Myszy,Samsung,4153.92,PLN,Dostępny w salonie,Powystawowy,4.9,350,,,2026-03-20,True,SKU-10143,590000000143,Srebrny,1.99,22 x 21 x 8 cm,Stop magnezu i aluminium,Tajwan,Baterie AAA / Akumulator,"CE, RoHS, ISO 9001, Energy Star","Urządzenie Samsung G Pro X Superlight, kabel zasilający, instrukcja obsługi w j. polskim, karta gwarancyjna",Taktowanie magistrali: 3109 MHz; Poziom emisji hałasu: 37 dB; Pobór mocy znamionowy: 117 W; Architektura procesora: x86_64 / ARMv9; Wersja oprogramowania układowego (Firmware): v1.3.42,"Oryginalny produkt marki Samsung z serii G Pro X Superlight. Wysoka jakość wykonania, znakomita wydajność oraz energooszczędność. Gwarancja pełnej kompatybilności & wsparcie techniczne producenta w standardzie.",http://localhost:8000/detail.html?id=143,tabela,3
144,LG XS2000 2TB #144,Dyski SSD,LG,4716.45,PLN,Dostępny na zamówienie,Odnowiony przez producenta,,0,36 miesięcy,36,2026-10-07,True,SKU-10144,590000000144,Srebrny,0.97,26 x 17 x 1 cm,Polikarbonat i aluminium,Korea Południowa,USB-C Power Delivery 65W,"CE, RoHS, ISO 9001, Energy Star","Urządzenie LG XS2000 2TB, kabel zasilający, instrukcja obsługi w j. polskim, karta gwarancyjna",Taktowanie magistrali: 4373 MHz; Poziom emisji hałasu: 20 dB; Pobór mocy znamionowy: 58 W; Architektura procesora: x86_64 / ARMv9; Wersja oprogramowania układowego (Firmware): v3.5.45,"Oryginalny produkt marki LG z serii XS2000 2TB. Wysoka jakość wykonania, znakomita wydajność oraz energooszczędność. Gwarancja pełnej kompatybilności & wsparcie techniczne producenta w standardzie.",http://localhost:8000/detail.html?id=144,tabela,3
145,Dell Curved Gaming 34 #145,Monitory,Dell,2434.28,PLN,Dostępny na zamówienie,Nowy,3.9,378,,,2026-06-06,True,SKU-10145,590000000145,Granatowy metalik,0.94,13 x 25 x 3 cm,Tworzywo ABS wzmocnione,Chiny,Akumulator Li-Ion,"CE, RoHS, ISO 9001, Energy Star","Urządzenie Dell Curved Gaming 34, kabel zasilający, instrukcja obsługi w j. polskim, karta gwarancyjna",Taktowanie magistrali: 5375 MHz; Poziom emisji hałasu: 25 dB; Pobór mocy znamionowy: 102 W; Architektura procesora: x86_64 / ARMv9; Wersja oprogramowania układowego (Firmware): v4.5.74,"Oryginalny produkt marki Dell z serii Curved Gaming 34. Wysoka jakość wykonania, znakomita wydajność oraz energooszczędność. Gwarancja pełnej kompatybilności & wsparcie techniczne producenta w standardzie.",http://localhost:8000/detail.html?id=145,tabela,3
146,"Lenovo iPad Air 11"" #146",Tablety,Lenovo,5978.26,PLN,Dostępny w salonie,Nowy,4.6,170,Dożywotnia producenta,,2026-10-07,True,SKU-10146,590000000146,Biały perłowy,2.45,23 x 11 x 3 cm,Stop magnezu i aluminium,Niemcy,USB-C Power Delivery 65W,"CE, RoHS, ISO 9001, Energy Star","Urządzenie Lenovo iPad Air 11"", kabel zasilający, instrukcja obsługi w j. polskim, karta gwarancyjna",Taktowanie magistrali: 4327 MHz; Poziom emisji hałasu: 19 dB; Pobór mocy znamionowy: 96 W; Architektura procesora: x86_64 / ARMv9; Wersja oprogramowania układowego (Firmware): v1.7.34,"Oryginalny produkt marki Lenovo z serii iPad Air 11"". Wysoka jakość wykonania, znakomita wydajność oraz energooszczędność. Gwarancja pełnej kompatybilności & wsparcie techniczne producenta w standardzie.",http://localhost:8000/detail.html?id=146,tabela,3
147,Kingston AirPods Pro 2 #147,Audio i Słuchawki,Kingston,6911.91,PLN,Ostatnie 3 sztuki,Powystawowy,3.3,171,24 miesiące,24,2026-10-07,True,SKU-10147,590000000147,Czarny mat,0.71,23 x 30 x 7 cm,Polikarbonat i aluminium,Japonia,Baterie AAA / Akumulator,"CE, RoHS, ISO 9001, Energy Star","Urządzenie Kingston AirPods Pro 2, kabel zasilający, instrukcja obsługi w j. polskim, karta gwarancyjna",Taktowanie magistrali: 2419 MHz; Poziom emisji hałasu: 32 dB; Pobór mocy znamionowy: 50 W; Architektura procesora: x86_64 / ARMv9; Wersja oprogramowania układowego (Firmware): v2.2.83,"Oryginalny produkt marki Kingston z serii AirPods Pro 2. Wysoka jakość wykonania, znakomita wydajność oraz energooszczędność. Gwarancja pełnej kompatybilności & wsparcie techniczne producenta w standardzie.",http://localhost:8000/detail.html?id=147,tabela,3
148,Dell WH-1000XM5 #148,Audio i Słuchawki,Dell,5871.21,PLN,Dostępny na zamówienie,Powystawowy,4.8,388,24 miesiące,24,2026-03-12,True,SKU-10148,590000000148,Gwiezdna szarość,0.6,26 x 28 x 5 cm,Aluminium szczotkowane,Niemcy,Sieciowe 230V,"CE, RoHS, ISO 9001, Energy Star","Urządzenie Dell WH-1000XM5, kabel zasilający, instrukcja obsługi w j. polskim, karta gwarancyjna",Taktowanie magistrali: 2416 MHz; Poziom emisji hałasu: 38 dB; Pobór mocy znamionowy: 108 W; Architektura procesora: x86_64 / ARMv9; Wersja oprogramowania układowego (Firmware): v2.3.98,"Oryginalny produkt marki Dell z serii WH-1000XM5. Wysoka jakość wykonania, znakomita wydajność oraz energooszczędność. Gwarancja pełnej kompatybilności & wsparcie techniczne producenta w standardzie.",http://localhost:8000/detail.html?id=148,tabela,3
149,Apple Black SN850X 1TB #149,Dyski SSD,Apple,4810.32,PLN,Ostatnie 3 sztuki,Odnowiony przez producenta,4.8,69,48 miesięcy,48,2026-10-06,True,SKU-10149,590000000149,Czarny mat,2.72,15 x 13 x 6 cm,Aluminium szczotkowane,Chiny,Baterie AAA / Akumulator,"CE, RoHS, ISO 9001, Energy Star","Urządzenie Apple Black SN850X 1TB, kabel zasilający, instrukcja obsługi w j. polskim, karta gwarancyjna",Taktowanie magistrali: 6283 MHz; Poziom emisji hałasu: 30 dB; Pobór mocy znamionowy: 17 W; Architektura procesora: x86_64 / ARMv9; Wersja oprogramowania układowego (Firmware): v2.3.26,"Oryginalny produkt marki Apple z serii Black SN850X 1TB. Wysoka jakość wykonania, znakomita wydajność oraz energooszczędność. Gwarancja pełnej kompatybilności & wsparcie techniczne producenta w standardzie.",http://localhost:8000/detail.html?id=149,tabela,3
150,LG T7 Shield 2TB #150,Dyski SSD,LG,7956.97,PLN,Ostatnie 3 sztuki,Nowy,4.4,11,,,2026-05-18,True,SKU-10150,590000000150,Czarny mat,1.46,31 x 13 x 9 cm,Szkło hartowane i metal,Tajwan,Akumulator Li-Ion,"CE, RoHS, ISO 9001, Energy Star","Urządzenie LG T7 Shield 2TB, kabel zasilający, instrukcja obsługi w j. polskim, karta gwarancyjna",Taktowanie magistrali: 4219 MHz; Poziom emisji hałasu: 30 dB; Pobór mocy znamionowy: 30 W; Architektura procesora: x86_64 / ARMv9; Wersja oprogramowania układowego (Firmware): v3.7.99,"Oryginalny produkt marki LG z serii T7 Shield 2TB. Wysoka jakość wykonania, znakomita wydajność oraz energooszczędność. Gwarancja pełnej kompatybilności & wsparcie techniczne producenta w standardzie.",http://localhost:8000/detail.html?id=150,tabela,3
151,Lenovo WF-1000XM5 #151,Audio i Słuchawki,Lenovo,1029.1,PLN,Dostępny na zamówienie,Nowy,,0,,,2026-03-30,True,SKU-10151,590000000151,Czarny mat,2.53,39 x 16 x 8 cm,Stop magnezu i aluminium,Tajwan,Sieciowe 230V,"CE, RoHS, ISO 9001, Energy Star","Urządzenie Lenovo WF-1000XM5, kabel zasilający, instrukcja obsługi w j. polskim, karta gwarancyjna",Taktowanie magistrali: 3218 MHz; Poziom emisji hałasu: 26 dB; Pobór mocy znamionowy: 81 W; Architektura procesora: x86_64 / ARMv9; Wersja oprogramowania układowego (Firmware): v2.5.62,"Oryginalny produkt marki Lenovo z serii WF-1000XM5. Wysoka jakość wykonania, znakomita wydajność oraz energooszczędność. Gwarancja pełnej kompatybilności & wsparcie techniczne producenta w standardzie.",http://localhost:8000/detail.html?id=151,karta,4
152,Lenovo XPS 15 #152,Laptopy,Lenovo,5384.27,EUR,Dostępny na zamówienie,Powystawowy,,0,,,2026-08-07,True,SKU-10152,590000000152,Czarny mat,0.58,15 x 11 x 5 cm,Tworzywo ABS wzmocnione,Tajwan,Baterie AAA / Akumulator,"CE, RoHS, ISO 9001, Energy Star","Urządzenie Lenovo XPS 15, kabel zasilający, instrukcja obsługi w j. polskim, karta gwarancyjna",Taktowanie magistrali: 6105 MHz; Poziom emisji hałasu: 26 dB; Pobór mocy znamionowy: 97 W; Architektura procesora: x86_64 / ARMv9; Wersja oprogramowania układowego (Firmware): v2.7.47,"Oryginalny produkt marki Lenovo z serii XPS 15. Wysoka jakość wykonania, znakomita wydajność oraz energooszczędność. Gwarancja pełnej kompatybilności & wsparcie techniczne producenta w standardzie.",http://localhost:8000/detail.html?id=152,karta,4
153,Lenovo Galaxy S24 Ultra #153,Smartfony,Lenovo,1192.32,PLN,Wysyłka w 24h,Powystawowy,3.8,225,36 miesięcy,36,2026-05-29,True,SKU-10153,590000000153,Biały perłowy,3.15,25 x 23 x 3 cm,Stop magnezu i aluminium,Polska,Sieciowe 230V,"CE, RoHS, ISO 9001, Energy Star","Urządzenie Lenovo Galaxy S24 Ultra, kabel zasilający, instrukcja obsługi w j. polskim, karta gwarancyjna",Taktowanie magistrali: 5738 MHz; Poziom emisji hałasu: 28 dB; Pobór mocy znamionowy: 38 W; Architektura procesora: x86_64 / ARMv9; Wersja oprogramowania układowego (Firmware): v1.6.61,"Oryginalny produkt marki Lenovo z serii Galaxy S24 Ultra. Wysoka jakość wykonania, znakomita wydajność oraz energooszczędność. Gwarancja pełnej kompatybilności & wsparcie techniczne producenta w standardzie.",http://localhost:8000/detail.html?id=153,karta,4
154,Lenovo UltraGear 27GR95QE #154,Monitory,Lenovo,3912.13,USD,Wysyłka w 24h,Nowy,4.0,313,36 miesięcy,36,2026-03-10,True,SKU-10154,590000000154,Czarny mat,1.29,20 x 10 x 9 cm,Szkło hartowane i metal,Chiny,Akumulator Li-Ion,"CE, RoHS, ISO 9001, Energy Star","Urządzenie Lenovo UltraGear 27GR95QE, kabel zasilający, instrukcja obsługi w j. polskim, karta gwarancyjna",Taktowanie magistrali: 6004 MHz; Poziom emisji hałasu: 22 dB; Pobór mocy znamionowy: 76 W; Architektura procesora: x86_64 / ARMv9; Wersja oprogramowania układowego (Firmware): v4.1.62,"Oryginalny produkt marki Lenovo z serii UltraGear 27GR95QE. Wysoka jakość wykonania, znakomita wydajność oraz energooszczędność. Gwarancja pełnej kompatybilności & wsparcie techniczne producenta w standardzie.",http://localhost:8000/detail.html?id=154,karta,4
155,LG Xiaomi Pad 6 #155,Tablety,LG,4983.09,PLN,Wysyłka w 24h,Powystawowy,4.5,247,48 miesięcy,48,2026-04-12,True,SKU-10155,590000000155,Gwiezdna szarość,0.48,25 x 20 x 4 cm,Tworzywo ABS wzmocnione,Tajwan,Sieciowe 230V,"CE, RoHS, ISO 9001, Energy Star","Urządzenie LG Xiaomi Pad 6, kabel zasilający, instrukcja obsługi w j. polskim, karta gwarancyjna",Taktowanie magistrali: 6053 MHz; Poziom emisji hałasu: 37 dB; Pobór mocy znamionowy: 21 W; Architektura procesora: x86_64 / ARMv9; Wersja oprogramowania układowego (Firmware): v1.2.74,"Oryginalny produkt marki LG z serii Xiaomi Pad 6. Wysoka jakość wykonania, znakomita wydajność oraz energooszczędność. Gwarancja pełnej kompatybilności & wsparcie techniczne producenta w standardzie.",http://localhost:8000/detail.html?id=155,karta,4
156,LG K780 Wireless #156,Klawiatury i Myszy,LG,6554.12,PLN,W magazynie,Nowy,,0,Dożywotnia producenta,,2026-08-10,True,SKU-10156,590000000156,Biały perłowy,1.94,27 x 27 x 1 cm,Szkło hartowane i metal,Polska,USB-C Power Delivery 65W,"CE, RoHS, ISO 9001, Energy Star","Urządzenie LG K780 Wireless, kabel zasilający, instrukcja obsługi w j. polskim, karta gwarancyjna",Taktowanie magistrali: 5908 MHz; Poziom emisji hałasu: 33 dB; Pobór mocy znamionowy: 72 W; Architektura procesora: x86_64 / ARMv9; Wersja oprogramowania układowego (Firmware): v3.1.73,"Oryginalny produkt marki LG z serii K780 Wireless. Wysoka jakość wykonania, znakomita wydajność oraz energooszczędność. Gwarancja pełnej kompatybilności & wsparcie techniczne producenta w standardzie.",http://localhost:8000/detail.html?id=156,karta,4
157,Logitech G Pro X Superlight #157,Klawiatury i Myszy,Logitech,527.77,PLN,Dostępny na zamówienie,Powystawowy,4.0,287,Dożywotnia producenta,,2026-03-17,True,SKU-10157,590000000157,Srebrny,2.53,21 x 13 x 1 cm,Polikarbonat i aluminium,Niemcy,Akumulator Li-Ion,"CE, RoHS, ISO 9001, Energy Star","Urządzenie Logitech G Pro X Superlight, kabel zasilający, instrukcja obsługi w j. polskim, karta gwarancyjna",Taktowanie magistrali: 3888 MHz; Poziom emisji hałasu: 32 dB; Pobór mocy znamionowy: 29 W; Architektura procesora: x86_64 / ARMv9; Wersja oprogramowania układowego (Firmware): v1.3.10,"Oryginalny produkt marki Logitech z serii G Pro X Superlight. Wysoka jakość wykonania, znakomita wydajność oraz energooszczędność. Gwarancja pełnej kompatybilności & wsparcie techniczne producenta w standardzie.",http://localhost:8000/detail.html?id=157,karta,4
158,Lenovo Momentum 4 #158,Audio i Słuchawki,Lenovo,1580.59,PLN,Dostępny w salonie,Odnowiony przez producenta,3.9,235,24 miesiące,24,2026-10-04,True,SKU-10158,590000000158,Gwiezdna szarość,4.34,10 x 26 x 1 cm,Polikarbonat i aluminium,Korea Południowa,Baterie AAA / Akumulator,"CE, RoHS, ISO 9001, Energy Star","Urządzenie Lenovo Momentum 4, kabel zasilający, instrukcja obsługi w j. polskim, karta gwarancyjna",Taktowanie magistrali: 2590 MHz; Poziom emisji hałasu: 38 dB; Pobór mocy znamionowy: 101 W; Architektura procesora: x86_64 / ARMv9; Wersja oprogramowania układowego (Firmware): v1.7.68,"Oryginalny produkt marki Lenovo z serii Momentum 4. Wysoka jakość wykonania, znakomita wydajność oraz energooszczędność. Gwarancja pełnej kompatybilności & wsparcie techniczne producenta w standardzie.",http://localhost:8000/detail.html?id=158,karta,4
159,Kingston Odyssey G7 #159,Monitory,Kingston,1113.22,PLN,Wysyłka w 24h,Nowy,4.3,165,48 miesięcy,48,2026-03-30,True,SKU-10159,590000000159,Gwiezdna szarość,1.95,32 x 26 x 5 cm,Szkło hartowane i metal,Chiny,USB-C Power Delivery 65W,"CE, RoHS, ISO 9001, Energy Star","Urządzenie Kingston Odyssey G7, kabel zasilający, instrukcja obsługi w j. polskim, karta gwarancyjna",Taktowanie magistrali: 6151 MHz; Poziom emisji hałasu: 25 dB; Pobór mocy znamionowy: 50 W; Architektura procesora: x86_64 / ARMv9; Wersja oprogramowania układowego (Firmware): v4.5.47,"Oryginalny produkt marki Kingston z serii Odyssey G7. Wysoka jakość wykonania, znakomita wydajność oraz energooszczędność. Gwarancja pełnej kompatybilności & wsparcie techniczne producenta w standardzie.",http://localhost:8000/detail.html?id=159,karta,4
160,Samsung MX Keys Mini #160,Klawiatury i Myszy,Samsung,2394.58,PLN,Wysyłka w 24h,Nowy,4.4,364,24 miesiące,24,2026-10-05,True,SKU-10160,590000000160,Granatowy metalik,0.61,22 x 14 x 1 cm,Aluminium szczotkowane,Chiny,Akumulator Li-Ion,"CE, RoHS, ISO 9001, Energy Star","Urządzenie Samsung MX Keys Mini, kabel zasilający, instrukcja obsługi w j. polskim, karta gwarancyjna",Taktowanie magistrali: 4703 MHz; Poziom emisji hałasu: 33 dB; Pobór mocy znamionowy: 89 W; Architektura procesora: x86_64 / ARMv9; Wersja oprogramowania układowego (Firmware): v4.8.46,"Oryginalny produkt marki Samsung z serii MX Keys Mini. Wysoka jakość wykonania, znakomita wydajność oraz energooszczędność. Gwarancja pełnej kompatybilności & wsparcie techniczne producenta w standardzie.",http://localhost:8000/detail.html?id=160,karta,4
161,HP FireCuda 530 2TB #161,Dyski SSD,HP,1255.78,PLN,Ostatnie 3 sztuki,Odnowiony przez producenta,,0,24 miesiące,24,2026-06-02,True,SKU-10161,590000000161,Srebrny,3.16,11 x 22 x 7 cm,Tworzywo ABS wzmocnione,Japonia,Sieciowe 230V,"CE, RoHS, ISO 9001, Energy Star","Urządzenie HP FireCuda 530 2TB, kabel zasilający, instrukcja obsługi w j. polskim, karta gwarancyjna",Taktowanie magistrali: 5734 MHz; Poziom emisji hałasu: 32 dB; Pobór mocy znamionowy: 28 W; Architektura procesora: x86_64 / ARMv9; Wersja oprogramowania układowego (Firmware): v2.8.59,"Oryginalny produkt marki HP z serii FireCuda 530 2TB. Wysoka jakość wykonania, znakomita wydajność oraz energooszczędność. Gwarancja pełnej kompatybilności & wsparcie techniczne producenta w standardzie.",http://localhost:8000/detail.html?id=161,karta,4
162,Apple MacBook Air M3 #162,Laptopy,Apple,6268.31,PLN,Dostępny w salonie,Nowy,4.7,325,36 miesięcy,36,2026-07-14,True,SKU-10162,590000000162,Biały perłowy,0.33,18 x 27 x 5 cm,Stop magnezu i aluminium,Niemcy,USB-C Power Delivery 65W,"CE, RoHS, ISO 9001, Energy Star","Urządzenie Apple MacBook Air M3, kabel zasilający, instrukcja obsługi w j. polskim, karta gwarancyjna",Taktowanie magistrali: 3604 MHz; Poziom emisji hałasu: 32 dB; Pobór mocy znamionowy: 37 W; Architektura procesora: x86_64 / ARMv9; Wersja oprogramowania układowego (Firmware): v1.2.32,"Oryginalny produkt marki Apple z serii MacBook Air M3. Wysoka jakość wykonania, znakomita wydajność oraz energooszczędność. Gwarancja pełnej kompatybilności & wsparcie techniczne producenta w standardzie.",http://localhost:8000/detail.html?id=162,karta,4
163,Sony ExpertBook B9 #163,Laptopy,Sony,1321.97,PLN,W magazynie,Odnowiony przez producenta,,0,12 miesięcy,12,2026-10-05,True,SKU-10163,590000000163,Gwiezdna szarość,1.96,27 x 22 x 2 cm,Stop magnezu i aluminium,Tajwan,Akumulator Li-Ion,"CE, RoHS, ISO 9001, Energy Star","Urządzenie Sony ExpertBook B9, kabel zasilający, instrukcja obsługi w j. polskim, karta gwarancyjna",Taktowanie magistrali: 2698 MHz; Poziom emisji hałasu: 28 dB; Pobór mocy znamionowy: 82 W; Architektura procesora: x86_64 / ARMv9; Wersja oprogramowania układowego (Firmware): v2.2.76,"Oryginalny produkt marki Sony z serii ExpertBook B9. Wysoka jakość wykonania, znakomita wydajność oraz energooszczędność. Gwarancja pełnej kompatybilności & wsparcie techniczne producenta w standardzie.",http://localhost:8000/detail.html?id=163,karta,4
164,Sony MatePad Pro 13.2 #164,Tablety,Sony,7606.44,PLN,Dostępny na zamówienie,Powystawowy,4.1,288,12 miesięcy,12,2026-03-14,True,SKU-10164,590000000164,Czarny mat,1.83,27 x 19 x 1 cm,Tworzywo ABS wzmocnione,Korea Południowa,Baterie AAA / Akumulator,"CE, RoHS, ISO 9001, Energy Star","Urządzenie Sony MatePad Pro 13.2, kabel zasilający, instrukcja obsługi w j. polskim, karta gwarancyjna",Taktowanie magistrali: 3817 MHz; Poziom emisji hałasu: 32 dB; Pobór mocy znamionowy: 45 W; Architektura procesora: x86_64 / ARMv9; Wersja oprogramowania układowego (Firmware): v2.0.97,"Oryginalny produkt marki Sony z serii MatePad Pro 13.2. Wysoka jakość wykonania, znakomita wydajność oraz energooszczędność. Gwarancja pełnej kompatybilności & wsparcie techniczne producenta w standardzie.",http://localhost:8000/detail.html?id=164,karta,4
165,Dell UniFi U6 Pro #165,Akcesoria sieciowe,Dell,1619.85,EUR,Ostatnie 3 sztuki,Odnowiony przez producenta,4.9,86,Dożywotnia producenta,,2026-03-25,True,SKU-10165,590000000165,Biały perłowy,2.96,40 x 12 x 3 cm,Polikarbonat i aluminium,Polska,USB-C Power Delivery 65W,"CE, RoHS, ISO 9001, Energy Star","Urządzenie Dell UniFi U6 Pro, kabel zasilający, instrukcja obsługi w j. polskim, karta gwarancyjna",Taktowanie magistrali: 2668 MHz; Poziom emisji hałasu: 24 dB; Pobór mocy znamionowy: 100 W; Architektura procesora: x86_64 / ARMv9; Wersja oprogramowania układowego (Firmware): v2.6.23,"Oryginalny produkt marki Dell z serii UniFi U6 Pro. Wysoka jakość wykonania, znakomita wydajność oraz energooszczędność. Gwarancja pełnej kompatybilności & wsparcie techniczne producenta w standardzie.",http://localhost:8000/detail.html?id=165,karta,4
166,Lenovo XPS 15 #166,Laptopy,Lenovo,6373.3,PLN,W magazynie,Odnowiony przez producenta,4.2,117,48 miesięcy,48,2026-05-09,True,SKU-10166,590000000166,Czarny mat,2.94,29 x 12 x 10 cm,Aluminium szczotkowane,Polska,USB-C Power Delivery 65W,"CE, RoHS, ISO 9001, Energy Star","Urządzenie Lenovo XPS 15, kabel zasilający, instrukcja obsługi w j. polskim, karta gwarancyjna",Taktowanie magistrali: 4981 MHz; Poziom emisji hałasu: 30 dB; Pobór mocy znamionowy: 70 W; Architektura procesora: x86_64 / ARMv9; Wersja oprogramowania układowego (Firmware): v3.0.59,"Oryginalny produkt marki Lenovo z serii XPS 15. Wysoka jakość wykonania, znakomita wydajność oraz energooszczędność. Gwarancja pełnej kompatybilności & wsparcie techniczne producenta w standardzie.",http://localhost:8000/detail.html?id=166,karta,4
167,Apple Xiaomi 14 #167,Smartfony,Apple,2322.99,PLN,Ostatnie 3 sztuki,Powystawowy,3.9,421,48 miesięcy,48,2026-04-18,True,SKU-10167,590000000167,Srebrny,4.31,10 x 27 x 9 cm,Aluminium szczotkowane,Niemcy,Sieciowe 230V,"CE, RoHS, ISO 9001, Energy Star","Urządzenie Apple Xiaomi 14, kabel zasilający, instrukcja obsługi w j. polskim, karta gwarancyjna",Taktowanie magistrali: 3300 MHz; Poziom emisji hałasu: 22 dB; Pobór mocy znamionowy: 110 W; Architektura procesora: x86_64 / ARMv9; Wersja oprogramowania układowego (Firmware): v4.8.47,"Oryginalny produkt marki Apple z serii Xiaomi 14. Wysoka jakość wykonania, znakomita wydajność oraz energooszczędność. Gwarancja pełnej kompatybilności & wsparcie techniczne producenta w standardzie.",http://localhost:8000/detail.html?id=167,karta,4
168,Kingston Latitude 5540 #168,Laptopy,Kingston,7580.14,PLN,Ostatnie 3 sztuki,Odnowiony przez producenta,4.5,372,48 miesięcy,48,2026-07-22,True,SKU-10168,590000000168,Granatowy metalik,3.86,37 x 27 x 8 cm,Szkło hartowane i metal,Chiny,Sieciowe 230V,"CE, RoHS, ISO 9001, Energy Star","Urządzenie Kingston Latitude 5540, kabel zasilający, instrukcja obsługi w j. polskim, karta gwarancyjna",Taktowanie magistrali: 3153 MHz; Poziom emisji hałasu: 25 dB; Pobór mocy znamionowy: 93 W; Architektura procesora: x86_64 / ARMv9; Wersja oprogramowania układowego (Firmware): v3.3.24,"Oryginalny produkt marki Kingston z serii Latitude 5540. Wysoka jakość wykonania, znakomita wydajność oraz energooszczędność. Gwarancja pełnej kompatybilności & wsparcie techniczne producenta w standardzie.",http://localhost:8000/detail.html?id=168,karta,4
169,Lenovo FireCuda 530 2TB #169,Dyski SSD,Lenovo,5831.16,PLN,Dostępny na zamówienie,Odnowiony przez producenta,3.8,66,24 miesiące,24,2026-06-21,True,SKU-10169,590000000169,Srebrny,3.17,14 x 28 x 10 cm,Tworzywo ABS wzmocnione,Tajwan,Baterie AAA / Akumulator,"CE, RoHS, ISO 9001, Energy Star","Urządzenie Lenovo FireCuda 530 2TB, kabel zasilający, instrukcja obsługi w j. polskim, karta gwarancyjna",Taktowanie magistrali: 4937 MHz; Poziom emisji hałasu: 20 dB; Pobór mocy znamionowy: 39 W; Architektura procesora: x86_64 / ARMv9; Wersja oprogramowania układowego (Firmware): v3.7.67,"Oryginalny produkt marki Lenovo z serii FireCuda 530 2TB. Wysoka jakość wykonania, znakomita wydajność oraz energooszczędność. Gwarancja pełnej kompatybilności & wsparcie techniczne producenta w standardzie.",http://localhost:8000/detail.html?id=169,karta,4
170,Dell ProArt PA278CV #170,Monitory,Dell,1849.05,PLN,W magazynie,Nowy,4.0,431,36 miesięcy,36,2026-05-06,True,SKU-10170,590000000170,Granatowy metalik,0.51,18 x 14 x 9 cm,Tworzywo ABS wzmocnione,Niemcy,Sieciowe 230V,"CE, RoHS, ISO 9001, Energy Star","Urządzenie Dell ProArt PA278CV, kabel zasilający, instrukcja obsługi w j. polskim, karta gwarancyjna",Taktowanie magistrali: 4224 MHz; Poziom emisji hałasu: 29 dB; Pobór mocy znamionowy: 114 W; Architektura procesora: x86_64 / ARMv9; Wersja oprogramowania układowego (Firmware): v3.7.80,"Oryginalny produkt marki Dell z serii ProArt PA278CV. Wysoka jakość wykonania, znakomita wydajność oraz energooszczędność. Gwarancja pełnej kompatybilności & wsparcie techniczne producenta w standardzie.",http://localhost:8000/detail.html?id=170,karta,4
171,Dell Galaxy S24 Ultra #171,Smartfony,Dell,4672.32,EUR,Dostępny na zamówienie,Nowy,3.6,19,Dożywotnia producenta,,2026-03-18,True,SKU-10171,590000000171,Biały perłowy,2.33,12 x 22 x 6 cm,Aluminium szczotkowane,Korea Południowa,Akumulator Li-Ion,"CE, RoHS, ISO 9001, Energy Star","Urządzenie Dell Galaxy S24 Ultra, kabel zasilający, instrukcja obsługi w j. polskim, karta gwarancyjna",Taktowanie magistrali: 5575 MHz; Poziom emisji hałasu: 22 dB; Pobór mocy znamionowy: 61 W; Architektura procesora: x86_64 / ARMv9; Wersja oprogramowania układowego (Firmware): v4.3.85,"Oryginalny produkt marki Dell z serii Galaxy S24 Ultra. Wysoka jakość wykonania, znakomita wydajność oraz energooszczędność. Gwarancja pełnej kompatybilności & wsparcie techniczne producenta w standardzie.",http://localhost:8000/detail.html?id=171,karta,4
172,LG Odyssey G7 #172,Monitory,LG,1514.25,PLN,Ostatnie 3 sztuki,Nowy,4.4,75,48 miesięcy,48,2026-10-06,True,SKU-10172,590000000172,Gwiezdna szarość,2.4,35 x 21 x 7 cm,Polikarbonat i aluminium,Japonia,Sieciowe 230V,"CE, RoHS, ISO 9001, Energy Star","Urządzenie LG Odyssey G7, kabel zasilający, instrukcja obsługi w j. polskim, karta gwarancyjna",Taktowanie magistrali: 5518 MHz; Poziom emisji hałasu: 33 dB; Pobór mocy znamionowy: 44 W; Architektura procesora: x86_64 / ARMv9; Wersja oprogramowania układowego (Firmware): v1.4.57,"Oryginalny produkt marki LG z serii Odyssey G7. Wysoka jakość wykonania, znakomita wydajność oraz energooszczędność. Gwarancja pełnej kompatybilności & wsparcie techniczne producenta w standardzie.",http://localhost:8000/detail.html?id=172,karta,4
173,Sony XPS 15 #173,Laptopy,Sony,4217.85,PLN,Wysyłka w 24h,Nowy,4.7,135,Dożywotnia producenta,,2026-05-28,True,SKU-10173,590000000173,Granatowy metalik,1.92,36 x 21 x 8 cm,Szkło hartowane i metal,Japonia,Sieciowe 230V,"CE, RoHS, ISO 9001, Energy Star","Urządzenie Sony XPS 15, kabel zasilający, instrukcja obsługi w j. polskim, karta gwarancyjna",Taktowanie magistrali: 5077 MHz; Poziom emisji hałasu: 30 dB; Pobór mocy znamionowy: 61 W; Architektura procesora: x86_64 / ARMv9; Wersja oprogramowania układowego (Firmware): v1.8.42,"Oryginalny produkt marki Sony z serii XPS 15. Wysoka jakość wykonania, znakomita wydajność oraz energooszczędność. Gwarancja pełnej kompatybilności & wsparcie techniczne producenta w standardzie.",http://localhost:8000/detail.html?id=173,karta,4
174,Logitech Odyssey G7 #174,Monitory,Logitech,4163.88,PLN,Wysyłka w 24h,Powystawowy,3.5,81,12 miesięcy,12,2026-05-18,True,SKU-10174,590000000174,Gwiezdna szarość,2.72,30 x 23 x 1 cm,Aluminium szczotkowane,Niemcy,Akumulator Li-Ion,"CE, RoHS, ISO 9001, Energy Star","Urządzenie Logitech Odyssey G7, kabel zasilający, instrukcja obsługi w j. polskim, karta gwarancyjna",Taktowanie magistrali: 5722 MHz; Poziom emisji hałasu: 28 dB; Pobór mocy znamionowy: 107 W; Architektura procesora: x86_64 / ARMv9; Wersja oprogramowania układowego (Firmware): v1.7.96,"Oryginalny produkt marki Logitech z serii Odyssey G7. Wysoka jakość wykonania, znakomita wydajność oraz energooszczędność. Gwarancja pełnej kompatybilności & wsparcie techniczne producenta w standardzie.",http://localhost:8000/detail.html?id=174,karta,4
175,HP Curved Gaming 34 #175,Monitory,HP,7136.3,PLN,Ostatnie 3 sztuki,Powystawowy,,0,,,2026-04-22,True,SKU-10175,590000000175,Granatowy metalik,4.47,37 x 25 x 3 cm,Polikarbonat i aluminium,Niemcy,Akumulator Li-Ion,"CE, RoHS, ISO 9001, Energy Star","Urządzenie HP Curved Gaming 34, kabel zasilający, instrukcja obsługi w j. polskim, karta gwarancyjna",Taktowanie magistrali: 6324 MHz; Poziom emisji hałasu: 30 dB; Pobór mocy znamionowy: 91 W; Architektura procesora: x86_64 / ARMv9; Wersja oprogramowania układowego (Firmware): v1.4.20,"Oryginalny produkt marki HP z serii Curved Gaming 34. Wysoka jakość wykonania, znakomita wydajność oraz energooszczędność. Gwarancja pełnej kompatybilności & wsparcie techniczne producenta w standardzie.",http://localhost:8000/detail.html?id=175,karta,4
176,Kingston Curved Gaming 34 #176,Monitory,Kingston,1424.0,PLN,Wysyłka w 24h,Nowy,4.9,306,24 miesiące,24,2026-05-26,True,SKU-10176,590000000176,Granatowy metalik,0.57,25 x 29 x 10 cm,Szkło hartowane i metal,Polska,Sieciowe 230V,"CE, RoHS, ISO 9001, Energy Star","Urządzenie Kingston Curved Gaming 34, kabel zasilający, instrukcja obsługi w j. polskim, karta gwarancyjna",Taktowanie magistrali: 2941 MHz; Poziom emisji hałasu: 21 dB; Pobór mocy znamionowy: 17 W; Architektura procesora: x86_64 / ARMv9; Wersja oprogramowania układowego (Firmware): v2.8.74,"Oryginalny produkt marki Kingston z serii Curved Gaming 34. Wysoka jakość wykonania, znakomita wydajność oraz energooszczędność. Gwarancja pełnej kompatybilności & wsparcie techniczne producenta w standardzie.",http://localhost:8000/detail.html?id=176,tabela,4
177,Logitech Pixel 8 Pro #177,Smartfony,Logitech,4359.36,USD,Wysyłka w 24h,Powystawowy,,0,48 miesięcy,48,2026-05-30,True,SKU-10177,590000000177,Granatowy metalik,3.65,39 x 28 x 2 cm,Stop magnezu i aluminium,Japonia,USB-C Power Delivery 65W,"CE, RoHS, ISO 9001, Energy Star","Urządzenie Logitech Pixel 8 Pro, kabel zasilający, instrukcja obsługi w j. polskim, karta gwarancyjna",Taktowanie magistrali: 5983 MHz; Poziom emisji hałasu: 19 dB; Pobór mocy znamionowy: 104 W; Architektura procesora: x86_64 / ARMv9; Wersja oprogramowania układowego (Firmware): v4.3.71,"Oryginalny produkt marki Logitech z serii Pixel 8 Pro. Wysoka jakość wykonania, znakomita wydajność oraz energooszczędność. Gwarancja pełnej kompatybilności & wsparcie techniczne producenta w standardzie.",http://localhost:8000/detail.html?id=177,tabela,4
178,Samsung MikroTik hAP ax3 #178,Akcesoria sieciowe,Samsung,4825.51,PLN,Dostępny na zamówienie,Nowy,3.7,3,12 miesięcy,12,2026-04-21,True,SKU-10178,590000000178,Gwiezdna szarość,2.0,28 x 18 x 5 cm,Polikarbonat i aluminium,Korea Południowa,USB-C Power Delivery 65W,"CE, RoHS, ISO 9001, Energy Star","Urządzenie Samsung MikroTik hAP ax3, kabel zasilający, instrukcja obsługi w j. polskim, karta gwarancyjna",Taktowanie magistrali: 2429 MHz; Poziom emisji hałasu: 30 dB; Pobór mocy znamionowy: 98 W; Architektura procesora: x86_64 / ARMv9; Wersja oprogramowania układowego (Firmware): v2.5.62,"Oryginalny produkt marki Samsung z serii MikroTik hAP ax3. Wysoka jakość wykonania, znakomita wydajność oraz energooszczędność. Gwarancja pełnej kompatybilności & wsparcie techniczne producenta w standardzie.",http://localhost:8000/detail.html?id=178,tabela,4
179,ASUS XS2000 2TB #179,Dyski SSD,ASUS,4460.63,PLN,Wysyłka w 24h,Odnowiony przez producenta,3.5,287,36 miesięcy,36,2026-10-05,True,SKU-10179,590000000179,Gwiezdna szarość,0.59,26 x 22 x 6 cm,Szkło hartowane i metal,Korea Południowa,Sieciowe 230V,"CE, RoHS, ISO 9001, Energy Star","Urządzenie ASUS XS2000 2TB, kabel zasilający, instrukcja obsługi w j. polskim, karta gwarancyjna",Taktowanie magistrali: 5571 MHz; Poziom emisji hałasu: 30 dB; Pobór mocy znamionowy: 109 W; Architektura procesora: x86_64 / ARMv9; Wersja oprogramowania układowego (Firmware): v2.1.39,"Oryginalny produkt marki ASUS z serii XS2000 2TB. Wysoka jakość wykonania, znakomita wydajność oraz energooszczędność. Gwarancja pełnej kompatybilności & wsparcie techniczne producenta w standardzie.",http://localhost:8000/detail.html?id=179,tabela,4
180,ASUS Curved Gaming 34 #180,Monitory,ASUS,818.6,PLN,Wysyłka w 24h,Powystawowy,,0,48 miesięcy,48,2026-08-16,True,SKU-10180,590000000180,Granatowy metalik,3.0,19 x 29 x 1 cm,Polikarbonat i aluminium,Niemcy,Baterie AAA / Akumulator,"CE, RoHS, ISO 9001, Energy Star","Urządzenie ASUS Curved Gaming 34, kabel zasilający, instrukcja obsługi w j. polskim, karta gwarancyjna",Taktowanie magistrali: 3477 MHz; Poziom emisji hałasu: 25 dB; Pobór mocy znamionowy: 62 W; Architektura procesora: x86_64 / ARMv9; Wersja oprogramowania układowego (Firmware): v1.9.14,"Oryginalny produkt marki ASUS z serii Curved Gaming 34. Wysoka jakość wykonania, znakomita wydajność oraz energooszczędność. Gwarancja pełnej kompatybilności & wsparcie techniczne producenta w standardzie.",http://localhost:8000/detail.html?id=180,tabela,4
181,Samsung Pavilion Gaming #181,Laptopy,Samsung,6292.28,PLN,Wysyłka w 24h,Powystawowy,4.5,315,,,2026-06-01,True,SKU-10181,590000000181,Biały perłowy,1.91,16 x 26 x 1 cm,Aluminium szczotkowane,Chiny,Sieciowe 230V,"CE, RoHS, ISO 9001, Energy Star","Urządzenie Samsung Pavilion Gaming, kabel zasilający, instrukcja obsługi w j. polskim, karta gwarancyjna",Taktowanie magistrali: 3379 MHz; Poziom emisji hałasu: 38 dB; Pobór mocy znamionowy: 15 W; Architektura procesora: x86_64 / ARMv9; Wersja oprogramowania układowego (Firmware): v2.1.45,"Oryginalny produkt marki Samsung z serii Pavilion Gaming. Wysoka jakość wykonania, znakomita wydajność oraz energooszczędność. Gwarancja pełnej kompatybilności & wsparcie techniczne producenta w standardzie.",http://localhost:8000/detail.html?id=181,tabela,4
182,LG T7 Shield 2TB #182,Dyski SSD,LG,7708.97,PLN,Dostępny w salonie,Powystawowy,4.3,100,48 miesięcy,48,2026-06-27,True,SKU-10182,590000000182,Srebrny,4.27,35 x 26 x 5 cm,Szkło hartowane i metal,Korea Południowa,USB-C Power Delivery 65W,"CE, RoHS, ISO 9001, Energy Star","Urządzenie LG T7 Shield 2TB, kabel zasilający, instrukcja obsługi w j. polskim, karta gwarancyjna",Taktowanie magistrali: 3116 MHz; Poziom emisji hałasu: 31 dB; Pobór mocy znamionowy: 79 W; Architektura procesora: x86_64 / ARMv9; Wersja oprogramowania układowego (Firmware): v1.8.19,"Oryginalny produkt marki LG z serii T7 Shield 2TB. Wysoka jakość wykonania, znakomita wydajność oraz energooszczędność. Gwarancja pełnej kompatybilności & wsparcie techniczne producenta w standardzie.",http://localhost:8000/detail.html?id=182,tabela,4
183,ASUS RT-AX88U Pro #183,Akcesoria sieciowe,ASUS,2020.86,PLN,Ostatnie 3 sztuki,Powystawowy,4.6,349,Dożywotnia producenta,,2026-05-01,True,SKU-10183,590000000183,Biały perłowy,4.31,26 x 27 x 1 cm,Tworzywo ABS wzmocnione,Chiny,Akumulator Li-Ion,"CE, RoHS, ISO 9001, Energy Star","Urządzenie ASUS RT-AX88U Pro, kabel zasilający, instrukcja obsługi w j. polskim, karta gwarancyjna",Taktowanie magistrali: 2876 MHz; Poziom emisji hałasu: 26 dB; Pobór mocy znamionowy: 23 W; Architektura procesora: x86_64 / ARMv9; Wersja oprogramowania układowego (Firmware): v4.3.96,"Oryginalny produkt marki ASUS z serii RT-AX88U Pro. Wysoka jakość wykonania, znakomita wydajność oraz energooszczędność. Gwarancja pełnej kompatybilności & wsparcie techniczne producenta w standardzie.",http://localhost:8000/detail.html?id=183,tabela,4
184,Lenovo Black SN850X 1TB #184,Dyski SSD,Lenovo,6585.49,PLN,Ostatnie 3 sztuki,Nowy,,0,48 miesięcy,48,2026-10-06,True,SKU-10184,590000000184,Gwiezdna szarość,3.95,16 x 17 x 4 cm,Szkło hartowane i metal,Niemcy,USB-C Power Delivery 65W,"CE, RoHS, ISO 9001, Energy Star","Urządzenie Lenovo Black SN850X 1TB, kabel zasilający, instrukcja obsługi w j. polskim, karta gwarancyjna",Taktowanie magistrali: 6063 MHz; Poziom emisji hałasu: 36 dB; Pobór mocy znamionowy: 49 W; Architektura procesora: x86_64 / ARMv9; Wersja oprogramowania układowego (Firmware): v2.3.73,"Oryginalny produkt marki Lenovo z serii Black SN850X 1TB. Wysoka jakość wykonania, znakomita wydajność oraz energooszczędność. Gwarancja pełnej kompatybilności & wsparcie techniczne producenta w standardzie.",http://localhost:8000/detail.html?id=184,tabela,4
185,Lenovo UltraSharp U2724D #185,Monitory,Lenovo,5437.92,USD,Dostępny w salonie,Powystawowy,4.3,392,12 miesięcy,12,2026-05-29,True,SKU-10185,590000000185,Biały perłowy,1.12,28 x 14 x 1 cm,Polikarbonat i aluminium,Korea Południowa,Baterie AAA / Akumulator,"CE, RoHS, ISO 9001, Energy Star","Urządzenie Lenovo UltraSharp U2724D, kabel zasilający, instrukcja obsługi w j. polskim, karta gwarancyjna",Taktowanie magistrali: 4942 MHz; Poziom emisji hałasu: 28 dB; Pobór mocy znamionowy: 78 W; Architektura procesora: x86_64 / ARMv9; Wersja oprogramowania układowego (Firmware): v3.7.33,"Oryginalny produkt marki Lenovo z serii UltraSharp U2724D. Wysoka jakość wykonania, znakomita wydajność oraz energooszczędność. Gwarancja pełnej kompatybilności & wsparcie techniczne producenta w standardzie.",http://localhost:8000/detail.html?id=185,tabela,4
186,LG Legion Slim 5 #186,Laptopy,LG,5521.08,PLN,W magazynie,Powystawowy,,0,Dożywotnia producenta,,2026-06-13,True,SKU-10186,590000000186,Srebrny,2.82,18 x 15 x 9 cm,Stop magnezu i aluminium,Tajwan,USB-C Power Delivery 65W,"CE, RoHS, ISO 9001, Energy Star","Urządzenie LG Legion Slim 5, kabel zasilający, instrukcja obsługi w j. polskim, karta gwarancyjna",Taktowanie magistrali: 5223 MHz; Poziom emisji hałasu: 18 dB; Pobór mocy znamionowy: 16 W; Architektura procesora: x86_64 / ARMv9; Wersja oprogramowania układowego (Firmware): v2.6.84,"Oryginalny produkt marki LG z serii Legion Slim 5. Wysoka jakość wykonania, znakomita wydajność oraz energooszczędność. Gwarancja pełnej kompatybilności & wsparcie techniczne producenta w standardzie.",http://localhost:8000/detail.html?id=186,tabela,4
187,Kingston UniFi U6 Pro #187,Akcesoria sieciowe,Kingston,4039.28,PLN,Ostatnie 3 sztuki,Odnowiony przez producenta,4.5,191,48 miesięcy,48,2026-10-06,True,SKU-10187,590000000187,Biały perłowy,3.87,16 x 14 x 3 cm,Aluminium szczotkowane,Japonia,Akumulator Li-Ion,"CE, RoHS, ISO 9001, Energy Star","Urządzenie Kingston UniFi U6 Pro, kabel zasilający, instrukcja obsługi w j. polskim, karta gwarancyjna",Taktowanie magistrali: 4740 MHz; Poziom emisji hałasu: 22 dB; Pobór mocy znamionowy: 88 W; Architektura procesora: x86_64 / ARMv9; Wersja oprogramowania układowego (Firmware): v2.1.44,"Oryginalny produkt marki Kingston z serii UniFi U6 Pro. Wysoka jakość wykonania, znakomita wydajność oraz energooszczędność. Gwarancja pełnej kompatybilności & wsparcie techniczne producenta w standardzie.",http://localhost:8000/detail.html?id=187,tabela,4
188,Logitech QuietComfort Ultra #188,Audio i Słuchawki,Logitech,6809.18,USD,W magazynie,Powystawowy,4.5,403,36 miesięcy,36,2026-05-23,True,SKU-10188,590000000188,Srebrny,1.28,21 x 27 x 9 cm,Tworzywo ABS wzmocnione,Tajwan,Sieciowe 230V,"CE, RoHS, ISO 9001, Energy Star","Urządzenie Logitech QuietComfort Ultra, kabel zasilający, instrukcja obsługi w j. polskim, karta gwarancyjna",Taktowanie magistrali: 2805 MHz; Poziom emisji hałasu: 23 dB; Pobór mocy znamionowy: 22 W; Architektura procesora: x86_64 / ARMv9; Wersja oprogramowania układowego (Firmware): v2.4.70,"Oryginalny produkt marki Logitech z serii QuietComfort Ultra. Wysoka jakość wykonania, znakomita wydajność oraz energooszczędność. Gwarancja pełnej kompatybilności & wsparcie techniczne producenta w standardzie.",http://localhost:8000/detail.html?id=188,tabela,4
189,Lenovo Momentum 4 #189,Audio i Słuchawki,Lenovo,7707.62,EUR,Wysyłka w 24h,Odnowiony przez producenta,4.2,333,36 miesięcy,36,2026-10-04,True,SKU-10189,590000000189,Gwiezdna szarość,3.93,30 x 20 x 7 cm,Szkło hartowane i metal,Chiny,Baterie AAA / Akumulator,"CE, RoHS, ISO 9001, Energy Star","Urządzenie Lenovo Momentum 4, kabel zasilający, instrukcja obsługi w j. polskim, karta gwarancyjna",Taktowanie magistrali: 5573 MHz; Poziom emisji hałasu: 32 dB; Pobór mocy znamionowy: 25 W; Architektura procesora: x86_64 / ARMv9; Wersja oprogramowania układowego (Firmware): v4.9.46,"Oryginalny produkt marki Lenovo z serii Momentum 4. Wysoka jakość wykonania, znakomita wydajność oraz energooszczędność. Gwarancja pełnej kompatybilności & wsparcie techniczne producenta w standardzie.",http://localhost:8000/detail.html?id=189,tabela,4
190,Lenovo Pixel 8 Pro #190,Smartfony,Lenovo,2575.51,PLN,Ostatnie 3 sztuki,Nowy,4.5,310,36 miesięcy,36,2026-06-01,True,SKU-10190,590000000190,Gwiezdna szarość,3.32,31 x 18 x 2 cm,Stop magnezu i aluminium,Niemcy,Baterie AAA / Akumulator,"CE, RoHS, ISO 9001, Energy Star","Urządzenie Lenovo Pixel 8 Pro, kabel zasilający, instrukcja obsługi w j. polskim, karta gwarancyjna",Taktowanie magistrali: 5463 MHz; Poziom emisji hałasu: 36 dB; Pobór mocy znamionowy: 81 W; Architektura procesora: x86_64 / ARMv9; Wersja oprogramowania układowego (Firmware): v4.6.31,"Oryginalny produkt marki Lenovo z serii Pixel 8 Pro. Wysoka jakość wykonania, znakomita wydajność oraz energooszczędność. Gwarancja pełnej kompatybilności & wsparcie techniczne producenta w standardzie.",http://localhost:8000/detail.html?id=190,tabela,4
191,Lenovo iPhone 15 Pro #191,Smartfony,Lenovo,3837.17,USD,Ostatnie 3 sztuki,Nowy,,0,Dożywotnia producenta,,2026-08-06,True,SKU-10191,590000000191,Srebrny,2.08,14 x 14 x 9 cm,Aluminium szczotkowane,Niemcy,Sieciowe 230V,"CE, RoHS, ISO 9001, Energy Star","Urządzenie Lenovo iPhone 15 Pro, kabel zasilający, instrukcja obsługi w j. polskim, karta gwarancyjna",Taktowanie magistrali: 3475 MHz; Poziom emisji hałasu: 37 dB; Pobór mocy znamionowy: 34 W; Architektura procesora: x86_64 / ARMv9; Wersja oprogramowania układowego (Firmware): v1.6.49,"Oryginalny produkt marki Lenovo z serii iPhone 15 Pro. Wysoka jakość wykonania, znakomita wydajność oraz energooszczędność. Gwarancja pełnej kompatybilności & wsparcie techniczne producenta w standardzie.",http://localhost:8000/detail.html?id=191,tabela,4
192,Sony OnePlus Pad 2 #192,Tablety,Sony,7801.35,PLN,Dostępny w salonie,Powystawowy,3.7,228,,,2026-04-03,True,SKU-10192,590000000192,Srebrny,2.25,17 x 12 x 8 cm,Tworzywo ABS wzmocnione,Tajwan,Baterie AAA / Akumulator,"CE, RoHS, ISO 9001, Energy Star","Urządzenie Sony OnePlus Pad 2, kabel zasilający, instrukcja obsługi w j. polskim, karta gwarancyjna",Taktowanie magistrali: 4847 MHz; Poziom emisji hałasu: 32 dB; Pobór mocy znamionowy: 95 W; Architektura procesora: x86_64 / ARMv9; Wersja oprogramowania układowego (Firmware): v4.8.91,"Oryginalny produkt marki Sony z serii OnePlus Pad 2. Wysoka jakość wykonania, znakomita wydajność oraz energooszczędność. Gwarancja pełnej kompatybilności & wsparcie techniczne producenta w standardzie.",http://localhost:8000/detail.html?id=192,tabela,4
193,HP FireCuda 530 2TB #193,Dyski SSD,HP,4233.2,PLN,Ostatnie 3 sztuki,Nowy,3.4,147,12 miesięcy,12,2026-05-02,True,SKU-10193,590000000193,Granatowy metalik,1.78,23 x 27 x 7 cm,Stop magnezu i aluminium,Japonia,Akumulator Li-Ion,"CE, RoHS, ISO 9001, Energy Star","Urządzenie HP FireCuda 530 2TB, kabel zasilający, instrukcja obsługi w j. polskim, karta gwarancyjna",Taktowanie magistrali: 3627 MHz; Poziom emisji hałasu: 18 dB; Pobór mocy znamionowy: 113 W; Architektura procesora: x86_64 / ARMv9; Wersja oprogramowania układowego (Firmware): v4.4.86,"Oryginalny produkt marki HP z serii FireCuda 530 2TB. Wysoka jakość wykonania, znakomita wydajność oraz energooszczędność. Gwarancja pełnej kompatybilności & wsparcie techniczne producenta w standardzie.",http://localhost:8000/detail.html?id=193,tabela,4
194,ASUS QuietComfort Ultra #194,Audio i Słuchawki,ASUS,3434.69,PLN,W magazynie,Odnowiony przez producenta,4.6,314,36 miesięcy,36,2026-10-05,True,SKU-10194,590000000194,Biały perłowy,2.84,18 x 29 x 8 cm,Tworzywo ABS wzmocnione,Niemcy,Sieciowe 230V,"CE, RoHS, ISO 9001, Energy Star","Urządzenie ASUS QuietComfort Ultra, kabel zasilający, instrukcja obsługi w j. polskim, karta gwarancyjna",Taktowanie magistrali: 4091 MHz; Poziom emisji hałasu: 24 dB; Pobór mocy znamionowy: 23 W; Architektura procesora: x86_64 / ARMv9; Wersja oprogramowania układowego (Firmware): v2.2.47,"Oryginalny produkt marki ASUS z serii QuietComfort Ultra. Wysoka jakość wykonania, znakomita wydajność oraz energooszczędność. Gwarancja pełnej kompatybilności & wsparcie techniczne producenta w standardzie.",http://localhost:8000/detail.html?id=194,tabela,4
195,Dell ViewFinity S8 #195,Monitory,Dell,7780.43,PLN,Wysyłka w 24h,Powystawowy,3.4,225,24 miesiące,24,2026-07-25,True,SKU-10195,590000000195,Biały perłowy,3.18,11 x 20 x 2 cm,Aluminium szczotkowane,Niemcy,USB-C Power Delivery 65W,"CE, RoHS, ISO 9001, Energy Star","Urządzenie Dell ViewFinity S8, kabel zasilający, instrukcja obsługi w j. polskim, karta gwarancyjna",Taktowanie magistrali: 2460 MHz; Poziom emisji hałasu: 33 dB; Pobór mocy znamionowy: 42 W; Architektura procesora: x86_64 / ARMv9; Wersja oprogramowania układowego (Firmware): v3.6.49,"Oryginalny produkt marki Dell z serii ViewFinity S8. Wysoka jakość wykonania, znakomita wydajność oraz energooszczędność. Gwarancja pełnej kompatybilności & wsparcie techniczne producenta w standardzie.",http://localhost:8000/detail.html?id=195,tabela,4
196,Lenovo WF-1000XM5 #196,Audio i Słuchawki,Lenovo,1617.32,PLN,W magazynie,Odnowiony przez producenta,4.7,425,,,2026-05-26,True,SKU-10196,590000000196,Gwiezdna szarość,2.21,31 x 19 x 6 cm,Aluminium szczotkowane,Niemcy,Sieciowe 230V,"CE, RoHS, ISO 9001, Energy Star","Urządzenie Lenovo WF-1000XM5, kabel zasilający, instrukcja obsługi w j. polskim, karta gwarancyjna",Taktowanie magistrali: 5558 MHz; Poziom emisji hałasu: 32 dB; Pobór mocy znamionowy: 46 W; Architektura procesora: x86_64 / ARMv9; Wersja oprogramowania układowego (Firmware): v1.3.68,"Oryginalny produkt marki Lenovo z serii WF-1000XM5. Wysoka jakość wykonania, znakomita wydajność oraz energooszczędność. Gwarancja pełnej kompatybilności & wsparcie techniczne producenta w standardzie.",http://localhost:8000/detail.html?id=196,tabela,4
197,Logitech Crucial T700 1TB #197,Dyski SSD,Logitech,2946.37,PLN,W magazynie,Powystawowy,,0,12 miesięcy,12,2026-03-23,True,SKU-10197,590000000197,Gwiezdna szarość,0.19,11 x 28 x 8 cm,Szkło hartowane i metal,Chiny,Akumulator Li-Ion,"CE, RoHS, ISO 9001, Energy Star","Urządzenie Logitech Crucial T700 1TB, kabel zasilający, instrukcja obsługi w j. polskim, karta gwarancyjna",Taktowanie magistrali: 4178 MHz; Poziom emisji hałasu: 28 dB; Pobór mocy znamionowy: 16 W; Architektura procesora: x86_64 / ARMv9; Wersja oprogramowania układowego (Firmware): v2.4.84,"Oryginalny produkt marki Logitech z serii Crucial T700 1TB. Wysoka jakość wykonania, znakomita wydajność oraz energooszczędność. Gwarancja pełnej kompatybilności & wsparcie techniczne producenta w standardzie.",http://localhost:8000/detail.html?id=197,tabela,4
198,"Lenovo iPad Air 11"" #198",Tablety,Lenovo,821.07,PLN,Ostatnie 3 sztuki,Powystawowy,4.9,389,12 miesięcy,12,2026-10-06,True,SKU-10198,590000000198,Granatowy metalik,3.58,34 x 21 x 8 cm,Stop magnezu i aluminium,Chiny,Sieciowe 230V,"CE, RoHS, ISO 9001, Energy Star","Urządzenie Lenovo iPad Air 11"", kabel zasilający, instrukcja obsługi w j. polskim, karta gwarancyjna",Taktowanie magistrali: 5272 MHz; Poziom emisji hałasu: 35 dB; Pobór mocy znamionowy: 116 W; Architektura procesora: x86_64 / ARMv9; Wersja oprogramowania układowego (Firmware): v1.2.72,"Oryginalny produkt marki Lenovo z serii iPad Air 11"". Wysoka jakość wykonania, znakomita wydajność oraz energooszczędność. Gwarancja pełnej kompatybilności & wsparcie techniczne producenta w standardzie.",http://localhost:8000/detail.html?id=198,tabela,4
199,Sony Buds 2 Pro #199,Audio i Słuchawki,Sony,7198.44,PLN,Dostępny w salonie,Odnowiony przez producenta,4.0,151,48 miesięcy,48,2026-04-09,True,SKU-10199,590000000199,Gwiezdna szarość,0.45,14 x 24 x 5 cm,Szkło hartowane i metal,Tajwan,USB-C Power Delivery 65W,"CE, RoHS, ISO 9001, Energy Star","Urządzenie Sony Buds 2 Pro, kabel zasilający, instrukcja obsługi w j. polskim, karta gwarancyjna",Taktowanie magistrali: 3164 MHz; Poziom emisji hałasu: 35 dB; Pobór mocy znamionowy: 59 W; Architektura procesora: x86_64 / ARMv9; Wersja oprogramowania układowego (Firmware): v3.7.45,"Oryginalny produkt marki Sony z serii Buds 2 Pro. Wysoka jakość wykonania, znakomita wydajność oraz energooszczędność. Gwarancja pełnej kompatybilności & wsparcie techniczne producenta w standardzie.",http://localhost:8000/detail.html?id=199,tabela,4
200,Dell MikroTik hAP ax3 #200,Akcesoria sieciowe,Dell,3093.44,PLN,Wysyłka w 24h,Odnowiony przez producenta,3.2,439,Dożywotnia producenta,,2026-06-11,True,SKU-10200,590000000200,Gwiezdna szarość,2.82,20 x 23 x 6 cm,Aluminium szczotkowane,Polska,Sieciowe 230V,"CE, RoHS, ISO 9001, Energy Star","Urządzenie Dell MikroTik hAP ax3, kabel zasilający, instrukcja obsługi w j. polskim, karta gwarancyjna",Taktowanie magistrali: 5353 MHz; Poziom emisji hałasu: 20 dB; Pobór mocy znamionowy: 99 W; Architektura procesora: x86_64 / ARMv9; Wersja oprogramowania układowego (Firmware): v4.3.77,"Oryginalny produkt marki Dell z serii MikroTik hAP ax3. Wysoka jakość wykonania, znakomita wydajność oraz energooszczędność. Gwarancja pełnej kompatybilności & wsparcie techniczne producenta w standardzie.",http://localhost:8000/detail.html?id=200,tabela,4
201,HP ZenBook Pro #201,Laptopy,HP,1695.42,EUR,Dostępny w salonie,Odnowiony przez producenta,3.4,293,48 miesięcy,48,2026-04-20,True,SKU-10201,590000000201,Czarny mat,0.21,39 x 16 x 8 cm,Polikarbonat i aluminium,Polska,Sieciowe 230V,"CE, RoHS, ISO 9001, Energy Star","Urządzenie HP ZenBook Pro, kabel zasilający, instrukcja obsługi w j. polskim, karta gwarancyjna",Taktowanie magistrali: 4955 MHz; Poziom emisji hałasu: 36 dB; Pobór mocy znamionowy: 47 W; Architektura procesora: x86_64 / ARMv9; Wersja oprogramowania układowego (Firmware): v1.5.38,"Oryginalny produkt marki HP z serii ZenBook Pro. Wysoka jakość wykonania, znakomita wydajność oraz energooszczędność. Gwarancja pełnej kompatybilności & wsparcie techniczne producenta w standardzie.",http://localhost:8000/detail.html?id=201,karta,5
202,LG Lenovo Tab P12 #202,Tablety,LG,3385.03,USD,W magazynie,Odnowiony przez producenta,4.5,422,Dożywotnia producenta,,2026-08-14,True,SKU-10202,590000000202,Gwiezdna szarość,2.46,16 x 16 x 9 cm,Stop magnezu i aluminium,Chiny,Akumulator Li-Ion,"CE, RoHS, ISO 9001, Energy Star","Urządzenie LG Lenovo Tab P12, kabel zasilający, instrukcja obsługi w j. polskim, karta gwarancyjna",Taktowanie magistrali: 5817 MHz; Poziom emisji hałasu: 27 dB; Pobór mocy znamionowy: 24 W; Architektura procesora: x86_64 / ARMv9; Wersja oprogramowania układowego (Firmware): v2.8.22,"Oryginalny produkt marki LG z serii Lenovo Tab P12. Wysoka jakość wykonania, znakomita wydajność oraz energooszczędność. Gwarancja pełnej kompatybilności & wsparcie techniczne producenta w standardzie.",http://localhost:8000/detail.html?id=202,karta,5
203,Lenovo Major IV Bluetooth #203,Audio i Słuchawki,Lenovo,2926.91,PLN,Wysyłka w 24h,Powystawowy,4.4,54,,,2026-04-14,True,SKU-10203,590000000203,Srebrny,2.54,20 x 21 x 7 cm,Polikarbonat i aluminium,Chiny,USB-C Power Delivery 65W,"CE, RoHS, ISO 9001, Energy Star","Urządzenie Lenovo Major IV Bluetooth, kabel zasilający, instrukcja obsługi w j. polskim, karta gwarancyjna",Taktowanie magistrali: 4044 MHz; Poziom emisji hałasu: 34 dB; Pobór mocy znamionowy: 58 W; Architektura procesora: x86_64 / ARMv9; Wersja oprogramowania układowego (Firmware): v2.8.86,"Oryginalny produkt marki Lenovo z serii Major IV Bluetooth. Wysoka jakość wykonania, znakomita wydajność oraz energooszczędność. Gwarancja pełnej kompatybilności & wsparcie techniczne producenta w standardzie.",http://localhost:8000/detail.html?id=203,karta,5
204,Kingston DeathAdder V3 #204,Klawiatury i Myszy,Kingston,6148.09,PLN,Dostępny na zamówienie,Nowy,3.7,232,48 miesięcy,48,2026-08-24,True,SKU-10204,590000000204,Gwiezdna szarość,3.87,10 x 18 x 9 cm,Szkło hartowane i metal,Korea Południowa,Akumulator Li-Ion,"CE, RoHS, ISO 9001, Energy Star","Urządzenie Kingston DeathAdder V3, kabel zasilający, instrukcja obsługi w j. polskim, karta gwarancyjna",Taktowanie magistrali: 3565 MHz; Poziom emisji hałasu: 37 dB; Pobór mocy znamionowy: 17 W; Architektura procesora: x86_64 / ARMv9; Wersja oprogramowania układowego (Firmware): v2.4.10,"Oryginalny produkt marki Kingston z serii DeathAdder V3. Wysoka jakość wykonania, znakomita wydajność oraz energooszczędność. Gwarancja pełnej kompatybilności & wsparcie techniczne producenta w standardzie.",http://localhost:8000/detail.html?id=204,karta,5
205,Dell Nova 12 #205,Smartfony,Dell,1192.42,PLN,Ostatnie 3 sztuki,Powystawowy,4.2,120,36 miesięcy,36,2026-04-08,True,SKU-10205,590000000205,Granatowy metalik,3.71,13 x 29 x 5 cm,Szkło hartowane i metal,Polska,Baterie AAA / Akumulator,"CE, RoHS, ISO 9001, Energy Star","Urządzenie Dell Nova 12, kabel zasilający, instrukcja obsługi w j. polskim, karta gwarancyjna",Taktowanie magistrali: 4037 MHz; Poziom emisji hałasu: 36 dB; Pobór mocy znamionowy: 42 W; Architektura procesora: x86_64 / ARMv9; Wersja oprogramowania układowego (Firmware): v1.5.71,"Oryginalny produkt marki Dell z serii Nova 12. Wysoka jakość wykonania, znakomita wydajność oraz energooszczędność. Gwarancja pełnej kompatybilności & wsparcie techniczne producenta w standardzie.",http://localhost:8000/detail.html?id=205,karta,5
206,Dell Xperia 1 VI #206,Smartfony,Dell,6554.42,PLN,W magazynie,Powystawowy,4.8,446,Dożywotnia producenta,,2026-03-23,True,SKU-10206,590000000206,Granatowy metalik,2.61,20 x 26 x 4 cm,Aluminium szczotkowane,Niemcy,Baterie AAA / Akumulator,"CE, RoHS, ISO 9001, Energy Star","Urządzenie Dell Xperia 1 VI, kabel zasilający, instrukcja obsługi w j. polskim, karta gwarancyjna",Taktowanie magistrali: 5584 MHz; Poziom emisji hałasu: 38 dB; Pobór mocy znamionowy: 63 W; Architektura procesora: x86_64 / ARMv9; Wersja oprogramowania układowego (Firmware): v1.4.77,"Oryginalny produkt marki Dell z serii Xperia 1 VI. Wysoka jakość wykonania, znakomita wydajność oraz energooszczędność. Gwarancja pełnej kompatybilności & wsparcie techniczne producenta w standardzie.",http://localhost:8000/detail.html?id=206,karta,5
207,Kingston RT-AX88U Pro #207,Akcesoria sieciowe,Kingston,1853.48,PLN,Ostatnie 3 sztuki,Nowy,3.9,68,48 miesięcy,48,2026-04-14,True,SKU-10207,590000000207,Biały perłowy,2.58,25 x 22 x 10 cm,Szkło hartowane i metal,Niemcy,Akumulator Li-Ion,"CE, RoHS, ISO 9001, Energy Star","Urządzenie Kingston RT-AX88U Pro, kabel zasilający, instrukcja obsługi w j. polskim, karta gwarancyjna",Taktowanie magistrali: 4035 MHz; Poziom emisji hałasu: 26 dB; Pobór mocy znamionowy: 25 W; Architektura procesora: x86_64 / ARMv9; Wersja oprogramowania układowego (Firmware): v4.8.65,"Oryginalny produkt marki Kingston z serii RT-AX88U Pro. Wysoka jakość wykonania, znakomita wydajność oraz energooszczędność. Gwarancja pełnej kompatybilności & wsparcie techniczne producenta w standardzie.",http://localhost:8000/detail.html?id=207,karta,5
208,Lenovo G Pro X Superlight #208,Klawiatury i Myszy,Lenovo,2653.95,PLN,Dostępny na zamówienie,Odnowiony przez producenta,3.4,344,36 miesięcy,36,2026-10-05,True,SKU-10208,590000000208,Biały perłowy,2.86,24 x 11 x 4 cm,Tworzywo ABS wzmocnione,Niemcy,Akumulator Li-Ion,"CE, RoHS, ISO 9001, Energy Star","Urządzenie Lenovo G Pro X Superlight, kabel zasilający, instrukcja obsługi w j. polskim, karta gwarancyjna",Taktowanie magistrali: 3811 MHz; Poziom emisji hałasu: 37 dB; Pobór mocy znamionowy: 98 W; Architektura procesora: x86_64 / ARMv9; Wersja oprogramowania układowego (Firmware): v1.4.31,"Oryginalny produkt marki Lenovo z serii G Pro X Superlight. Wysoka jakość wykonania, znakomita wydajność oraz energooszczędność. Gwarancja pełnej kompatybilności & wsparcie techniczne producenta w standardzie.",http://localhost:8000/detail.html?id=208,karta,5
209,Lenovo Galaxy S24 Ultra #209,Smartfony,Lenovo,5004.92,PLN,Dostępny na zamówienie,Nowy,,0,36 miesięcy,36,2026-06-06,True,SKU-10209,590000000209,Granatowy metalik,1.07,27 x 26 x 5 cm,Polikarbonat i aluminium,Korea Południowa,Akumulator Li-Ion,"CE, RoHS, ISO 9001, Energy Star","Urządzenie Lenovo Galaxy S24 Ultra, kabel zasilający, instrukcja obsługi w j. polskim, karta gwarancyjna",Taktowanie magistrali: 5241 MHz; Poziom emisji hałasu: 21 dB; Pobór mocy znamionowy: 54 W; Architektura procesora: x86_64 / ARMv9; Wersja oprogramowania układowego (Firmware): v4.7.12,"Oryginalny produkt marki Lenovo z serii Galaxy S24 Ultra. Wysoka jakość wykonania, znakomita wydajność oraz energooszczędność. Gwarancja pełnej kompatybilności & wsparcie techniczne producenta w standardzie.",http://localhost:8000/detail.html?id=209,karta,5
210,ASUS ThinkPad T14 #210,Laptopy,ASUS,573.87,PLN,Dostępny na zamówienie,Odnowiony przez producenta,4.5,139,,,2026-08-15,True,SKU-10210,590000000210,Biały perłowy,1.16,22 x 26 x 2 cm,Polikarbonat i aluminium,Tajwan,Sieciowe 230V,"CE, RoHS, ISO 9001, Energy Star","Urządzenie ASUS ThinkPad T14, kabel zasilający, instrukcja obsługi w j. polskim, karta gwarancyjna",Taktowanie magistrali: 3991 MHz; Poziom emisji hałasu: 26 dB; Pobór mocy znamionowy: 99 W; Architektura procesora: x86_64 / ARMv9; Wersja oprogramowania układowego (Firmware): v3.1.12,"Oryginalny produkt marki ASUS z serii ThinkPad T14. Wysoka jakość wykonania, znakomita wydajność oraz energooszczędność. Gwarancja pełnej kompatybilności & wsparcie techniczne producenta w standardzie.",http://localhost:8000/detail.html?id=210,karta,5
211,Samsung ViewFinity S8 #211,Monitory,Samsung,4528.43,USD,Dostępny na zamówienie,Nowy,3.3,272,48 miesięcy,48,2026-07-23,True,SKU-10211,590000000211,Granatowy metalik,1.35,11 x 30 x 5 cm,Aluminium szczotkowane,Japonia,USB-C Power Delivery 65W,"CE, RoHS, ISO 9001, Energy Star","Urządzenie Samsung ViewFinity S8, kabel zasilający, instrukcja obsługi w j. polskim, karta gwarancyjna",Taktowanie magistrali: 2475 MHz; Poziom emisji hałasu: 29 dB; Pobór mocy znamionowy: 102 W; Architektura procesora: x86_64 / ARMv9; Wersja oprogramowania układowego (Firmware): v3.5.90,"Oryginalny produkt marki Samsung z serii ViewFinity S8. Wysoka jakość wykonania, znakomita wydajność oraz energooszczędność. Gwarancja pełnej kompatybilności & wsparcie techniczne producenta w standardzie.",http://localhost:8000/detail.html?id=211,karta,5
212,HP G Pro X Superlight #212,Klawiatury i Myszy,HP,5288.76,EUR,Dostępny na zamówienie,Powystawowy,,0,Dożywotnia producenta,,2026-05-18,True,SKU-10212,590000000212,Granatowy metalik,0.72,30 x 14 x 10 cm,Stop magnezu i aluminium,Korea Południowa,Akumulator Li-Ion,"CE, RoHS, ISO 9001, Energy Star","Urządzenie HP G Pro X Superlight, kabel zasilający, instrukcja obsługi w j. polskim, karta gwarancyjna",Taktowanie magistrali: 3384 MHz; Poziom emisji hałasu: 36 dB; Pobór mocy znamionowy: 34 W; Architektura procesora: x86_64 / ARMv9; Wersja oprogramowania układowego (Firmware): v4.4.87,"Oryginalny produkt marki HP z serii G Pro X Superlight. Wysoka jakość wykonania, znakomita wydajność oraz energooszczędność. Gwarancja pełnej kompatybilności & wsparcie techniczne producenta w standardzie.",http://localhost:8000/detail.html?id=212,karta,5
213,LG KC3000 1TB #213,Dyski SSD,LG,7280.12,PLN,Dostępny na zamówienie,Powystawowy,4.4,290,36 miesięcy,36,2026-04-12,True,SKU-10213,590000000213,Biały perłowy,1.47,33 x 30 x 5 cm,Stop magnezu i aluminium,Niemcy,Sieciowe 230V,"CE, RoHS, ISO 9001, Energy Star","Urządzenie LG KC3000 1TB, kabel zasilający, instrukcja obsługi w j. polskim, karta gwarancyjna",Taktowanie magistrali: 4583 MHz; Poziom emisji hałasu: 21 dB; Pobór mocy znamionowy: 38 W; Architektura procesora: x86_64 / ARMv9; Wersja oprogramowania układowego (Firmware): v3.2.13,"Oryginalny produkt marki LG z serii KC3000 1TB. Wysoka jakość wykonania, znakomita wydajność oraz energooszczędność. Gwarancja pełnej kompatybilności & wsparcie techniczne producenta w standardzie.",http://localhost:8000/detail.html?id=213,karta,5
214,HP UltraSharp U2724D #214,Monitory,HP,4933.65,PLN,Wysyłka w 24h,Powystawowy,4.2,119,24 miesiące,24,2026-06-02,True,SKU-10214,590000000214,Biały perłowy,0.75,16 x 17 x 1 cm,Aluminium szczotkowane,Japonia,USB-C Power Delivery 65W,"CE, RoHS, ISO 9001, Energy Star","Urządzenie HP UltraSharp U2724D, kabel zasilający, instrukcja obsługi w j. polskim, karta gwarancyjna",Taktowanie magistrali: 2725 MHz; Poziom emisji hałasu: 33 dB; Pobór mocy znamionowy: 32 W; Architektura procesora: x86_64 / ARMv9; Wersja oprogramowania układowego (Firmware): v4.5.33,"Oryginalny produkt marki HP z serii UltraSharp U2724D. Wysoka jakość wykonania, znakomita wydajność oraz energooszczędność. Gwarancja pełnej kompatybilności & wsparcie techniczne producenta w standardzie.",http://localhost:8000/detail.html?id=214,karta,5
215,Samsung Buds 2 Pro #215,Audio i Słuchawki,Samsung,1701.39,PLN,Dostępny na zamówienie,Powystawowy,3.5,225,48 miesięcy,48,2026-10-06,True,SKU-10215,590000000215,Granatowy metalik,4.24,28 x 29 x 9 cm,Aluminium szczotkowane,Korea Południowa,Sieciowe 230V,"CE, RoHS, ISO 9001, Energy Star","Urządzenie Samsung Buds 2 Pro, kabel zasilający, instrukcja obsługi w j. polskim, karta gwarancyjna",Taktowanie magistrali: 4151 MHz; Poziom emisji hałasu: 30 dB; Pobór mocy znamionowy: 114 W; Architektura procesora: x86_64 / ARMv9; Wersja oprogramowania układowego (Firmware): v1.9.58,"Oryginalny produkt marki Samsung z serii Buds 2 Pro. Wysoka jakość wykonania, znakomita wydajność oraz energooszczędność. Gwarancja pełnej kompatybilności & wsparcie techniczne producenta w standardzie.",http://localhost:8000/detail.html?id=215,karta,5
216,Logitech MikroTik hAP ax3 #216,Akcesoria sieciowe,Logitech,7033.46,EUR,Wysyłka w 24h,Powystawowy,4.2,377,,,2026-04-22,True,SKU-10216,590000000216,Srebrny,2.16,23 x 19 x 10 cm,Szkło hartowane i metal,Polska,Akumulator Li-Ion,"CE, RoHS, ISO 9001, Energy Star","Urządzenie Logitech MikroTik hAP ax3, kabel zasilający, instrukcja obsługi w j. polskim, karta gwarancyjna",Taktowanie magistrali: 5534 MHz; Poziom emisji hałasu: 38 dB; Pobór mocy znamionowy: 21 W; Architektura procesora: x86_64 / ARMv9; Wersja oprogramowania układowego (Firmware): v2.4.66,"Oryginalny produkt marki Logitech z serii MikroTik hAP ax3. Wysoka jakość wykonania, znakomita wydajność oraz energooszczędność. Gwarancja pełnej kompatybilności & wsparcie techniczne producenta w standardzie.",http://localhost:8000/detail.html?id=216,karta,5
217,Logitech Archer AXE75 #217,Akcesoria sieciowe,Logitech,993.06,PLN,Wysyłka w 24h,Nowy,4.9,357,48 miesięcy,48,2026-06-11,True,SKU-10217,590000000217,Srebrny,1.56,30 x 15 x 2 cm,Aluminium szczotkowane,Polska,Baterie AAA / Akumulator,"CE, RoHS, ISO 9001, Energy Star","Urządzenie Logitech Archer AXE75, kabel zasilający, instrukcja obsługi w j. polskim, karta gwarancyjna",Taktowanie magistrali: 4246 MHz; Poziom emisji hałasu: 18 dB; Pobór mocy znamionowy: 37 W; Architektura procesora: x86_64 / ARMv9; Wersja oprogramowania układowego (Firmware): v4.9.35,"Oryginalny produkt marki Logitech z serii Archer AXE75. Wysoka jakość wykonania, znakomita wydajność oraz energooszczędność. Gwarancja pełnej kompatybilności & wsparcie techniczne producenta w standardzie.",http://localhost:8000/detail.html?id=217,karta,5
218,Lenovo Xiaomi Pad 6 #218,Tablety,Lenovo,5841.3,PLN,Ostatnie 3 sztuki,Odnowiony przez producenta,4.3,82,48 miesięcy,48,2026-07-20,True,SKU-10218,590000000218,Czarny mat,1.98,19 x 24 x 5 cm,Stop magnezu i aluminium,Chiny,Sieciowe 230V,"CE, RoHS, ISO 9001, Energy Star","Urządzenie Lenovo Xiaomi Pad 6, kabel zasilający, instrukcja obsługi w j. polskim, karta gwarancyjna",Taktowanie magistrali: 6136 MHz; Poziom emisji hałasu: 28 dB; Pobór mocy znamionowy: 87 W; Architektura procesora: x86_64 / ARMv9; Wersja oprogramowania układowego (Firmware): v2.2.28,"Oryginalny produkt marki Lenovo z serii Xiaomi Pad 6. Wysoka jakość wykonania, znakomita wydajność oraz energooszczędność. Gwarancja pełnej kompatybilności & wsparcie techniczne producenta w standardzie.",http://localhost:8000/detail.html?id=218,karta,5
219,Samsung UltraSharp U2724D #219,Monitory,Samsung,2098.58,PLN,Wysyłka w 24h,Nowy,4.7,279,Dożywotnia producenta,,2026-07-03,True,SKU-10219,590000000219,Granatowy metalik,2.76,17 x 27 x 5 cm,Szkło hartowane i metal,Korea Południowa,Akumulator Li-Ion,"CE, RoHS, ISO 9001, Energy Star","Urządzenie Samsung UltraSharp U2724D, kabel zasilający, instrukcja obsługi w j. polskim, karta gwarancyjna",Taktowanie magistrali: 3288 MHz; Poziom emisji hałasu: 36 dB; Pobór mocy znamionowy: 99 W; Architektura procesora: x86_64 / ARMv9; Wersja oprogramowania układowego (Firmware): v4.7.62,"Oryginalny produkt marki Samsung z serii UltraSharp U2724D. Wysoka jakość wykonania, znakomita wydajność oraz energooszczędność. Gwarancja pełnej kompatybilności & wsparcie techniczne producenta w standardzie.",http://localhost:8000/detail.html?id=219,karta,5
220,HP ZenBook Pro #220,Laptopy,HP,2856.26,PLN,Dostępny na zamówienie,Odnowiony przez producenta,,0,,,2026-10-07,True,SKU-10220,590000000220,Granatowy metalik,2.64,27 x 15 x 8 cm,Szkło hartowane i metal,Chiny,USB-C Power Delivery 65W,"CE, RoHS, ISO 9001, Energy Star","Urządzenie HP ZenBook Pro, kabel zasilający, instrukcja obsługi w j. polskim, karta gwarancyjna",Taktowanie magistrali: 2600 MHz; Poziom emisji hałasu: 21 dB; Pobór mocy znamionowy: 68 W; Architektura procesora: x86_64 / ARMv9; Wersja oprogramowania układowego (Firmware): v2.2.96,"Oryginalny produkt marki HP z serii ZenBook Pro. Wysoka jakość wykonania, znakomita wydajność oraz energooszczędność. Gwarancja pełnej kompatybilności & wsparcie techniczne producenta w standardzie.",http://localhost:8000/detail.html?id=220,karta,5
221,Lenovo Pavilion Gaming #221,Laptopy,Lenovo,7189.49,PLN,Ostatnie 3 sztuki,Odnowiony przez producenta,4.6,432,36 miesięcy,36,2026-07-29,True,SKU-10221,590000000221,Czarny mat,0.63,33 x 30 x 9 cm,Polikarbonat i aluminium,Polska,USB-C Power Delivery 65W,"CE, RoHS, ISO 9001, Energy Star","Urządzenie Lenovo Pavilion Gaming, kabel zasilający, instrukcja obsługi w j. polskim, karta gwarancyjna",Taktowanie magistrali: 2899 MHz; Poziom emisji hałasu: 26 dB; Pobór mocy znamionowy: 57 W; Architektura procesora: x86_64 / ARMv9; Wersja oprogramowania układowego (Firmware): v4.8.36,"Oryginalny produkt marki Lenovo z serii Pavilion Gaming. Wysoka jakość wykonania, znakomita wydajność oraz energooszczędność. Gwarancja pełnej kompatybilności & wsparcie techniczne producenta w standardzie.",http://localhost:8000/detail.html?id=221,karta,5
222,Kingston Major IV Bluetooth #222,Audio i Słuchawki,Kingston,4249.59,PLN,W magazynie,Nowy,3.8,67,48 miesięcy,48,2026-04-28,True,SKU-10222,590000000222,Czarny mat,2.17,35 x 13 x 4 cm,Polikarbonat i aluminium,Korea Południowa,Baterie AAA / Akumulator,"CE, RoHS, ISO 9001, Energy Star","Urządzenie Kingston Major IV Bluetooth, kabel zasilający, instrukcja obsługi w j. polskim, karta gwarancyjna",Taktowanie magistrali: 5709 MHz; Poziom emisji hałasu: 23 dB; Pobór mocy znamionowy: 93 W; Architektura procesora: x86_64 / ARMv9; Wersja oprogramowania układowego (Firmware): v2.4.34,"Oryginalny produkt marki Kingston z serii Major IV Bluetooth. Wysoka jakość wykonania, znakomita wydajność oraz energooszczędność. Gwarancja pełnej kompatybilności & wsparcie techniczne producenta w standardzie.",http://localhost:8000/detail.html?id=222,karta,5
223,Sony Legion Slim 5 #223,Laptopy,Sony,5135.28,PLN,Dostępny na zamówienie,Powystawowy,,0,36 miesięcy,36,2026-10-05,True,SKU-10223,590000000223,Biały perłowy,3.3,29 x 10 x 3 cm,Tworzywo ABS wzmocnione,Niemcy,USB-C Power Delivery 65W,"CE, RoHS, ISO 9001, Energy Star","Urządzenie Sony Legion Slim 5, kabel zasilający, instrukcja obsługi w j. polskim, karta gwarancyjna",Taktowanie magistrali: 3629 MHz; Poziom emisji hałasu: 34 dB; Pobór mocy znamionowy: 85 W; Architektura procesora: x86_64 / ARMv9; Wersja oprogramowania układowego (Firmware): v3.0.24,"Oryginalny produkt marki Sony z serii Legion Slim 5. Wysoka jakość wykonania, znakomita wydajność oraz energooszczędność. Gwarancja pełnej kompatybilności & wsparcie techniczne producenta w standardzie.",http://localhost:8000/detail.html?id=223,karta,5
224,Logitech MikroTik hAP ax3 #224,Akcesoria sieciowe,Logitech,1171.46,PLN,Dostępny na zamówienie,Odnowiony przez producenta,,0,Dożywotnia producenta,,2026-10-04,True,SKU-10224,590000000224,Granatowy metalik,0.23,28 x 20 x 6 cm,Stop magnezu i aluminium,Polska,USB-C Power Delivery 65W,"CE, RoHS, ISO 9001, Energy Star","Urządzenie Logitech MikroTik hAP ax3, kabel zasilający, instrukcja obsługi w j. polskim, karta gwarancyjna",Taktowanie magistrali: 6200 MHz; Poziom emisji hałasu: 19 dB; Pobór mocy znamionowy: 81 W; Architektura procesora: x86_64 / ARMv9; Wersja oprogramowania układowego (Firmware): v3.9.96,"Oryginalny produkt marki Logitech z serii MikroTik hAP ax3. Wysoka jakość wykonania, znakomita wydajność oraz energooszczędność. Gwarancja pełnej kompatybilności & wsparcie techniczne producenta w standardzie.",http://localhost:8000/detail.html?id=224,karta,5
225,Sony Latitude 5540 #225,Laptopy,Sony,6754.01,PLN,Ostatnie 3 sztuki,Powystawowy,3.9,305,,,2026-10-05,True,SKU-10225,590000000225,Biały perłowy,3.76,19 x 16 x 9 cm,Stop magnezu i aluminium,Tajwan,Sieciowe 230V,"CE, RoHS, ISO 9001, Energy Star","Urządzenie Sony Latitude 5540, kabel zasilający, instrukcja obsługi w j. polskim, karta gwarancyjna",Taktowanie magistrali: 5307 MHz; Poziom emisji hałasu: 19 dB; Pobór mocy znamionowy: 49 W; Architektura procesora: x86_64 / ARMv9; Wersja oprogramowania układowego (Firmware): v4.1.73,"Oryginalny produkt marki Sony z serii Latitude 5540. Wysoka jakość wykonania, znakomita wydajność oraz energooszczędność. Gwarancja pełnej kompatybilności & wsparcie techniczne producenta w standardzie.",http://localhost:8000/detail.html?id=225,karta,5
226,Dell OnePlus Pad 2 #226,Tablety,Dell,830.57,PLN,Ostatnie 3 sztuki,Nowy,4.6,257,,,2026-10-05,True,SKU-10226,590000000226,Czarny mat,2.15,32 x 26 x 2 cm,Tworzywo ABS wzmocnione,Polska,Sieciowe 230V,"CE, RoHS, ISO 9001, Energy Star","Urządzenie Dell OnePlus Pad 2, kabel zasilający, instrukcja obsługi w j. polskim, karta gwarancyjna",Taktowanie magistrali: 5576 MHz; Poziom emisji hałasu: 28 dB; Pobór mocy znamionowy: 33 W; Architektura procesora: x86_64 / ARMv9; Wersja oprogramowania układowego (Firmware): v1.8.96,"Oryginalny produkt marki Dell z serii OnePlus Pad 2. Wysoka jakość wykonania, znakomita wydajność oraz energooszczędność. Gwarancja pełnej kompatybilności & wsparcie techniczne producenta w standardzie.",http://localhost:8000/detail.html?id=226,tabela,5
227,Sony Nova 12 #227,Smartfony,Sony,913.51,EUR,Wysyłka w 24h,Odnowiony przez producenta,4.5,12,36 miesięcy,36,2026-06-11,True,SKU-10227,590000000227,Czarny mat,1.34,15 x 18 x 2 cm,Szkło hartowane i metal,Polska,Sieciowe 230V,"CE, RoHS, ISO 9001, Energy Star","Urządzenie Sony Nova 12, kabel zasilający, instrukcja obsługi w j. polskim, karta gwarancyjna",Taktowanie magistrali: 3221 MHz; Poziom emisji hałasu: 24 dB; Pobór mocy znamionowy: 51 W; Architektura procesora: x86_64 / ARMv9; Wersja oprogramowania układowego (Firmware): v3.8.50,"Oryginalny produkt marki Sony z serii Nova 12. Wysoka jakość wykonania, znakomita wydajność oraz energooszczędność. Gwarancja pełnej kompatybilności & wsparcie techniczne producenta w standardzie.",http://localhost:8000/detail.html?id=227,tabela,5
228,LG G Pro X Superlight #228,Klawiatury i Myszy,LG,2240.31,PLN,W magazynie,Nowy,4.6,294,12 miesięcy,12,2026-10-05,True,SKU-10228,590000000228,Biały perłowy,0.38,23 x 22 x 3 cm,Szkło hartowane i metal,Chiny,Baterie AAA / Akumulator,"CE, RoHS, ISO 9001, Energy Star","Urządzenie LG G Pro X Superlight, kabel zasilający, instrukcja obsługi w j. polskim, karta gwarancyjna",Taktowanie magistrali: 4614 MHz; Poziom emisji hałasu: 32 dB; Pobór mocy znamionowy: 21 W; Architektura procesora: x86_64 / ARMv9; Wersja oprogramowania układowego (Firmware): v2.0.70,"Oryginalny produkt marki LG z serii G Pro X Superlight. Wysoka jakość wykonania, znakomita wydajność oraz energooszczędność. Gwarancja pełnej kompatybilności & wsparcie techniczne producenta w standardzie.",http://localhost:8000/detail.html?id=228,tabela,5
229,Apple MatePad Pro 13.2 #229,Tablety,Apple,5730.9,EUR,Wysyłka w 24h,Powystawowy,4.2,387,Dożywotnia producenta,,2026-08-09,True,SKU-10229,590000000229,Gwiezdna szarość,4.27,14 x 29 x 5 cm,Polikarbonat i aluminium,Tajwan,Akumulator Li-Ion,"CE, RoHS, ISO 9001, Energy Star","Urządzenie Apple MatePad Pro 13.2, kabel zasilający, instrukcja obsługi w j. polskim, karta gwarancyjna",Taktowanie magistrali: 5729 MHz; Poziom emisji hałasu: 32 dB; Pobór mocy znamionowy: 27 W; Architektura procesora: x86_64 / ARMv9; Wersja oprogramowania układowego (Firmware): v4.4.97,"Oryginalny produkt marki Apple z serii MatePad Pro 13.2. Wysoka jakość wykonania, znakomita wydajność oraz energooszczędność. Gwarancja pełnej kompatybilności & wsparcie techniczne producenta w standardzie.",http://localhost:8000/detail.html?id=229,tabela,5
230,Sony Surface Pro 9 #230,Tablety,Sony,615.39,PLN,W magazynie,Powystawowy,,0,24 miesiące,24,2026-10-06,True,SKU-10230,590000000230,Granatowy metalik,2.16,28 x 23 x 4 cm,Stop magnezu i aluminium,Korea Południowa,Akumulator Li-Ion,"CE, RoHS, ISO 9001, Energy Star","Urządzenie Sony Surface Pro 9, kabel zasilający, instrukcja obsługi w j. polskim, karta gwarancyjna",Taktowanie magistrali: 4480 MHz; Poziom emisji hałasu: 21 dB; Pobór mocy znamionowy: 66 W; Architektura procesora: x86_64 / ARMv9; Wersja oprogramowania układowego (Firmware): v1.5.81,"Oryginalny produkt marki Sony z serii Surface Pro 9. Wysoka jakość wykonania, znakomita wydajność oraz energooszczędność. Gwarancja pełnej kompatybilności & wsparcie techniczne producenta w standardzie.",http://localhost:8000/detail.html?id=230,tabela,5
231,ASUS Archer AXE75 #231,Akcesoria sieciowe,ASUS,6528.93,PLN,Dostępny w salonie,Powystawowy,4.6,223,36 miesięcy,36,2026-07-19,True,SKU-10231,590000000231,Srebrny,2.56,36 x 24 x 3 cm,Polikarbonat i aluminium,Tajwan,Sieciowe 230V,"CE, RoHS, ISO 9001, Energy Star","Urządzenie ASUS Archer AXE75, kabel zasilający, instrukcja obsługi w j. polskim, karta gwarancyjna",Taktowanie magistrali: 5114 MHz; Poziom emisji hałasu: 20 dB; Pobór mocy znamionowy: 109 W; Architektura procesora: x86_64 / ARMv9; Wersja oprogramowania układowego (Firmware): v4.1.85,"Oryginalny produkt marki ASUS z serii Archer AXE75. Wysoka jakość wykonania, znakomita wydajność oraz energooszczędność. Gwarancja pełnej kompatybilności & wsparcie techniczne producenta w standardzie.",http://localhost:8000/detail.html?id=231,tabela,5
232,Kingston Nord 4 #232,Smartfony,Kingston,5194.41,PLN,Dostępny w salonie,Powystawowy,,0,24 miesiące,24,2026-07-26,True,SKU-10232,590000000232,Gwiezdna szarość,1.04,38 x 20 x 5 cm,Tworzywo ABS wzmocnione,Korea Południowa,Baterie AAA / Akumulator,"CE, RoHS, ISO 9001, Energy Star","Urządzenie Kingston Nord 4, kabel zasilający, instrukcja obsługi w j. polskim, karta gwarancyjna",Taktowanie magistrali: 5106 MHz; Poziom emisji hałasu: 22 dB; Pobór mocy znamionowy: 72 W; Architektura procesora: x86_64 / ARMv9; Wersja oprogramowania układowego (Firmware): v3.6.88,"Oryginalny produkt marki Kingston z serii Nord 4. Wysoka jakość wykonania, znakomita wydajność oraz energooszczędność. Gwarancja pełnej kompatybilności & wsparcie techniczne producenta w standardzie.",http://localhost:8000/detail.html?id=232,tabela,5
233,Lenovo Xiaomi Pad 6 #233,Tablety,Lenovo,7891.73,PLN,W magazynie,Nowy,3.4,151,,,2026-09-01,True,SKU-10233,590000000233,Biały perłowy,3.2,22 x 30 x 6 cm,Polikarbonat i aluminium,Chiny,Baterie AAA / Akumulator,"CE, RoHS, ISO 9001, Energy Star","Urządzenie Lenovo Xiaomi Pad 6, kabel zasilający, instrukcja obsługi w j. polskim, karta gwarancyjna",Taktowanie magistrali: 5280 MHz; Poziom emisji hałasu: 35 dB; Pobór mocy znamionowy: 120 W; Architektura procesora: x86_64 / ARMv9; Wersja oprogramowania układowego (Firmware): v3.1.46,"Oryginalny produkt marki Lenovo z serii Xiaomi Pad 6. Wysoka jakość wykonania, znakomita wydajność oraz energooszczędność. Gwarancja pełnej kompatybilności & wsparcie techniczne producenta w standardzie.",http://localhost:8000/detail.html?id=233,tabela,5
234,ASUS WF-1000XM5 #234,Audio i Słuchawki,ASUS,1468.94,PLN,W magazynie,Nowy,,0,36 miesięcy,36,2026-07-24,True,SKU-10234,590000000234,Biały perłowy,3.01,14 x 12 x 3 cm,Polikarbonat i aluminium,Chiny,Baterie AAA / Akumulator,"CE, RoHS, ISO 9001, Energy Star","Urządzenie ASUS WF-1000XM5, kabel zasilający, instrukcja obsługi w j. polskim, karta gwarancyjna",Taktowanie magistrali: 3581 MHz; Poziom emisji hałasu: 22 dB; Pobór mocy znamionowy: 32 W; Architektura procesora: x86_64 / ARMv9; Wersja oprogramowania układowego (Firmware): v1.1.92,"Oryginalny produkt marki ASUS z serii WF-1000XM5. Wysoka jakość wykonania, znakomita wydajność oraz energooszczędność. Gwarancja pełnej kompatybilności & wsparcie techniczne producenta w standardzie.",http://localhost:8000/detail.html?id=234,tabela,5
235,Kingston QuietComfort Ultra #235,Audio i Słuchawki,Kingston,3449.59,PLN,Dostępny w salonie,Powystawowy,3.9,116,Dożywotnia producenta,,2026-04-07,True,SKU-10235,590000000235,Czarny mat,4.41,28 x 25 x 6 cm,Szkło hartowane i metal,Polska,Baterie AAA / Akumulator,"CE, RoHS, ISO 9001, Energy Star","Urządzenie Kingston QuietComfort Ultra, kabel zasilający, instrukcja obsługi w j. polskim, karta gwarancyjna",Taktowanie magistrali: 4440 MHz; Poziom emisji hałasu: 25 dB; Pobór mocy znamionowy: 106 W; Architektura procesora: x86_64 / ARMv9; Wersja oprogramowania układowego (Firmware): v3.6.79,"Oryginalny produkt marki Kingston z serii QuietComfort Ultra. Wysoka jakość wykonania, znakomita wydajność oraz energooszczędność. Gwarancja pełnej kompatybilności & wsparcie techniczne producenta w standardzie.",http://localhost:8000/detail.html?id=235,tabela,5
236,HP Xiaomi 14 #236,Smartfony,HP,717.05,PLN,Dostępny w salonie,Powystawowy,3.4,242,12 miesięcy,12,2026-10-07,True,SKU-10236,590000000236,Granatowy metalik,3.34,23 x 21 x 5 cm,Stop magnezu i aluminium,Tajwan,Sieciowe 230V,"CE, RoHS, ISO 9001, Energy Star","Urządzenie HP Xiaomi 14, kabel zasilający, instrukcja obsługi w j. polskim, karta gwarancyjna",Taktowanie magistrali: 6101 MHz; Poziom emisji hałasu: 28 dB; Pobór mocy znamionowy: 83 W; Architektura procesora: x86_64 / ARMv9; Wersja oprogramowania układowego (Firmware): v1.7.68,"Oryginalny produkt marki HP z serii Xiaomi 14. Wysoka jakość wykonania, znakomita wydajność oraz energooszczędność. Gwarancja pełnej kompatybilności & wsparcie techniczne producenta w standardzie.",http://localhost:8000/detail.html?id=236,tabela,5
237,Kingston FireCuda 530 2TB #237,Dyski SSD,Kingston,3836.97,PLN,Dostępny na zamówienie,Powystawowy,,0,,,2026-10-07,True,SKU-10237,590000000237,Gwiezdna szarość,2.83,18 x 18 x 1 cm,Aluminium szczotkowane,Chiny,Akumulator Li-Ion,"CE, RoHS, ISO 9001, Energy Star","Urządzenie Kingston FireCuda 530 2TB, kabel zasilający, instrukcja obsługi w j. polskim, karta gwarancyjna",Taktowanie magistrali: 3574 MHz; Poziom emisji hałasu: 33 dB; Pobór mocy znamionowy: 25 W; Architektura procesora: x86_64 / ARMv9; Wersja oprogramowania układowego (Firmware): v2.8.19,"Oryginalny produkt marki Kingston z serii FireCuda 530 2TB. Wysoka jakość wykonania, znakomita wydajność oraz energooszczędność. Gwarancja pełnej kompatybilności & wsparcie techniczne producenta w standardzie.",http://localhost:8000/detail.html?id=237,tabela,5
238,Logitech ProArt PA278CV #238,Monitory,Logitech,2162.9,EUR,Wysyłka w 24h,Odnowiony przez producenta,4.1,410,12 miesięcy,12,2026-10-06,True,SKU-10238,590000000238,Gwiezdna szarość,1.07,33 x 21 x 1 cm,Tworzywo ABS wzmocnione,Chiny,Sieciowe 230V,"CE, RoHS, ISO 9001, Energy Star","Urządzenie Logitech ProArt PA278CV, kabel zasilający, instrukcja obsługi w j. polskim, karta gwarancyjna",Taktowanie magistrali: 4839 MHz; Poziom emisji hałasu: 22 dB; Pobór mocy znamionowy: 78 W; Architektura procesora: x86_64 / ARMv9; Wersja oprogramowania układowego (Firmware): v4.6.40,"Oryginalny produkt marki Logitech z serii ProArt PA278CV. Wysoka jakość wykonania, znakomita wydajność oraz energooszczędność. Gwarancja pełnej kompatybilności & wsparcie techniczne producenta w standardzie.",http://localhost:8000/detail.html?id=238,tabela,5
239,HP ExpertBook B9 #239,Laptopy,HP,2479.8,PLN,Wysyłka w 24h,Odnowiony przez producenta,4.6,273,48 miesięcy,48,2026-06-26,True,SKU-10239,590000000239,Srebrny,4.33,31 x 11 x 2 cm,Tworzywo ABS wzmocnione,Korea Południowa,Baterie AAA / Akumulator,"CE, RoHS, ISO 9001, Energy Star","Urządzenie HP ExpertBook B9, kabel zasilający, instrukcja obsługi w j. polskim, karta gwarancyjna",Taktowanie magistrali: 2994 MHz; Poziom emisji hałasu: 34 dB; Pobór mocy znamionowy: 70 W; Architektura procesora: x86_64 / ARMv9; Wersja oprogramowania układowego (Firmware): v1.4.67,"Oryginalny produkt marki HP z serii ExpertBook B9. Wysoka jakość wykonania, znakomita wydajność oraz energooszczędność. Gwarancja pełnej kompatybilności & wsparcie techniczne producenta w standardzie.",http://localhost:8000/detail.html?id=239,tabela,5
240,Sony FireCuda 530 2TB #240,Dyski SSD,Sony,875.39,PLN,W magazynie,Powystawowy,3.9,396,24 miesiące,24,2026-04-21,True,SKU-10240,590000000240,Czarny mat,2.43,31 x 24 x 6 cm,Tworzywo ABS wzmocnione,Niemcy,USB-C Power Delivery 65W,"CE, RoHS, ISO 9001, Energy Star","Urządzenie Sony FireCuda 530 2TB, kabel zasilający, instrukcja obsługi w j. polskim, karta gwarancyjna",Taktowanie magistrali: 3782 MHz; Poziom emisji hałasu: 23 dB; Pobór mocy znamionowy: 55 W; Architektura procesora: x86_64 / ARMv9; Wersja oprogramowania układowego (Firmware): v1.0.18,"Oryginalny produkt marki Sony z serii FireCuda 530 2TB. Wysoka jakość wykonania, znakomita wydajność oraz energooszczędność. Gwarancja pełnej kompatybilności & wsparcie techniczne producenta w standardzie.",http://localhost:8000/detail.html?id=240,tabela,5
241,Dell MX Master 3S #241,Klawiatury i Myszy,Dell,548.37,PLN,W magazynie,Odnowiony przez producenta,4.8,112,12 miesięcy,12,2026-08-10,True,SKU-10241,590000000241,Gwiezdna szarość,1.25,24 x 12 x 8 cm,Polikarbonat i aluminium,Tajwan,USB-C Power Delivery 65W,"CE, RoHS, ISO 9001, Energy Star","Urządzenie Dell MX Master 3S, kabel zasilający, instrukcja obsługi w j. polskim, karta gwarancyjna",Taktowanie magistrali: 5907 MHz; Poziom emisji hałasu: 37 dB; Pobór mocy znamionowy: 31 W; Architektura procesora: x86_64 / ARMv9; Wersja oprogramowania układowego (Firmware): v4.9.33,"Oryginalny produkt marki Dell z serii MX Master 3S. Wysoka jakość wykonania, znakomita wydajność oraz energooszczędność. Gwarancja pełnej kompatybilności & wsparcie techniczne producenta w standardzie.",http://localhost:8000/detail.html?id=241,tabela,5
242,HP XS2000 2TB #242,Dyski SSD,HP,6238.14,PLN,Wysyłka w 24h,Nowy,3.8,31,36 miesięcy,36,2026-05-12,True,SKU-10242,590000000242,Gwiezdna szarość,2.5,23 x 16 x 10 cm,Aluminium szczotkowane,Chiny,Baterie AAA / Akumulator,"CE, RoHS, ISO 9001, Energy Star","Urządzenie HP XS2000 2TB, kabel zasilający, instrukcja obsługi w j. polskim, karta gwarancyjna",Taktowanie magistrali: 2684 MHz; Poziom emisji hałasu: 33 dB; Pobór mocy znamionowy: 40 W; Architektura procesora: x86_64 / ARMv9; Wersja oprogramowania układowego (Firmware): v4.2.92,"Oryginalny produkt marki HP z serii XS2000 2TB. Wysoka jakość wykonania, znakomita wydajność oraz energooszczędność. Gwarancja pełnej kompatybilności & wsparcie techniczne producenta w standardzie.",http://localhost:8000/detail.html?id=242,tabela,5
243,Lenovo 990 PRO 2TB #243,Dyski SSD,Lenovo,4612.62,PLN,Dostępny w salonie,Nowy,4.0,255,,,2026-08-23,True,SKU-10243,590000000243,Granatowy metalik,3.23,34 x 25 x 8 cm,Polikarbonat i aluminium,Japonia,Sieciowe 230V,"CE, RoHS, ISO 9001, Energy Star","Urządzenie Lenovo 990 PRO 2TB, kabel zasilający, instrukcja obsługi w j. polskim, karta gwarancyjna",Taktowanie magistrali: 5122 MHz; Poziom emisji hałasu: 30 dB; Pobór mocy znamionowy: 49 W; Architektura procesora: x86_64 / ARMv9; Wersja oprogramowania układowego (Firmware): v2.5.60,"Oryginalny produkt marki Lenovo z serii 990 PRO 2TB. Wysoka jakość wykonania, znakomita wydajność oraz energooszczędność. Gwarancja pełnej kompatybilności & wsparcie techniczne producenta w standardzie.",http://localhost:8000/detail.html?id=243,tabela,5
244,Dell Apex Pro TKL #244,Klawiatury i Myszy,Dell,6561.02,USD,W magazynie,Powystawowy,4.2,184,36 miesięcy,36,2026-08-18,True,SKU-10244,590000000244,Srebrny,2.97,15 x 27 x 1 cm,Stop magnezu i aluminium,Japonia,USB-C Power Delivery 65W,"CE, RoHS, ISO 9001, Energy Star","Urządzenie Dell Apex Pro TKL, kabel zasilający, instrukcja obsługi w j. polskim, karta gwarancyjna",Taktowanie magistrali: 4989 MHz; Poziom emisji hałasu: 38 dB; Pobór mocy znamionowy: 26 W; Architektura procesora: x86_64 / ARMv9; Wersja oprogramowania układowego (Firmware): v3.8.53,"Oryginalny produkt marki Dell z serii Apex Pro TKL. Wysoka jakość wykonania, znakomita wydajność oraz energooszczędność. Gwarancja pełnej kompatybilności & wsparcie techniczne producenta w standardzie.",http://localhost:8000/detail.html?id=244,tabela,5
245,Lenovo Buds 2 Pro #245,Audio i Słuchawki,Lenovo,3942.38,PLN,Dostępny w salonie,Odnowiony przez producenta,4.0,98,,,2026-08-26,True,SKU-10245,590000000245,Srebrny,2.32,40 x 24 x 1 cm,Tworzywo ABS wzmocnione,Polska,Sieciowe 230V,"CE, RoHS, ISO 9001, Energy Star","Urządzenie Lenovo Buds 2 Pro, kabel zasilający, instrukcja obsługi w j. polskim, karta gwarancyjna",Taktowanie magistrali: 5348 MHz; Poziom emisji hałasu: 36 dB; Pobór mocy znamionowy: 45 W; Architektura procesora: x86_64 / ARMv9; Wersja oprogramowania układowego (Firmware): v4.6.18,"Oryginalny produkt marki Lenovo z serii Buds 2 Pro. Wysoka jakość wykonania, znakomita wydajność oraz energooszczędność. Gwarancja pełnej kompatybilności & wsparcie techniczne producenta w standardzie.",http://localhost:8000/detail.html?id=245,tabela,5
246,Dell Surface Pro 9 #246,Tablety,Dell,6475.12,PLN,W magazynie,Powystawowy,4.0,348,Dożywotnia producenta,,2026-04-06,True,SKU-10246,590000000246,Granatowy metalik,0.35,32 x 30 x 3 cm,Stop magnezu i aluminium,Polska,Sieciowe 230V,"CE, RoHS, ISO 9001, Energy Star","Urządzenie Dell Surface Pro 9, kabel zasilający, instrukcja obsługi w j. polskim, karta gwarancyjna",Taktowanie magistrali: 3354 MHz; Poziom emisji hałasu: 20 dB; Pobór mocy znamionowy: 19 W; Architektura procesora: x86_64 / ARMv9; Wersja oprogramowania układowego (Firmware): v2.7.93,"Oryginalny produkt marki Dell z serii Surface Pro 9. Wysoka jakość wykonania, znakomita wydajność oraz energooszczędność. Gwarancja pełnej kompatybilności & wsparcie techniczne producenta w standardzie.",http://localhost:8000/detail.html?id=246,tabela,5
247,Lenovo Black SN850X 1TB #247,Dyski SSD,Lenovo,6698.28,PLN,Dostępny na zamówienie,Odnowiony przez producenta,,0,12 miesięcy,12,2026-04-02,True,SKU-10247,590000000247,Biały perłowy,1.56,31 x 28 x 9 cm,Tworzywo ABS wzmocnione,Niemcy,Akumulator Li-Ion,"CE, RoHS, ISO 9001, Energy Star","Urządzenie Lenovo Black SN850X 1TB, kabel zasilający, instrukcja obsługi w j. polskim, karta gwarancyjna",Taktowanie magistrali: 5673 MHz; Poziom emisji hałasu: 37 dB; Pobór mocy znamionowy: 43 W; Architektura procesora: x86_64 / ARMv9; Wersja oprogramowania układowego (Firmware): v1.3.64,"Oryginalny produkt marki Lenovo z serii Black SN850X 1TB. Wysoka jakość wykonania, znakomita wydajność oraz energooszczędność. Gwarancja pełnej kompatybilności & wsparcie techniczne producenta w standardzie.",http://localhost:8000/detail.html?id=247,tabela,5
248,Kingston ZenBook Pro #248,Laptopy,Kingston,1052.89,PLN,Dostępny w salonie,Powystawowy,,0,36 miesięcy,36,2026-05-12,True,SKU-10248,590000000248,Gwiezdna szarość,0.22,25 x 12 x 1 cm,Stop magnezu i aluminium,Polska,Sieciowe 230V,"CE, RoHS, ISO 9001, Energy Star","Urządzenie Kingston ZenBook Pro, kabel zasilający, instrukcja obsługi w j. polskim, karta gwarancyjna",Taktowanie magistrali: 3397 MHz; Poziom emisji hałasu: 36 dB; Pobór mocy znamionowy: 20 W; Architektura procesora: x86_64 / ARMv9; Wersja oprogramowania układowego (Firmware): v2.1.90,"Oryginalny produkt marki Kingston z serii ZenBook Pro. Wysoka jakość wykonania, znakomita wydajność oraz energooszczędność. Gwarancja pełnej kompatybilności & wsparcie techniczne producenta w standardzie.",http://localhost:8000/detail.html?id=248,tabela,5
249,ASUS Crucial T700 1TB #249,Dyski SSD,ASUS,6202.25,EUR,Wysyłka w 24h,Odnowiony przez producenta,3.6,328,48 miesięcy,48,2026-07-02,True,SKU-10249,590000000249,Czarny mat,2.88,35 x 19 x 6 cm,Aluminium szczotkowane,Japonia,Akumulator Li-Ion,"CE, RoHS, ISO 9001, Energy Star","Urządzenie ASUS Crucial T700 1TB, kabel zasilający, instrukcja obsługi w j. polskim, karta gwarancyjna",Taktowanie magistrali: 6242 MHz; Poziom emisji hałasu: 23 dB; Pobór mocy znamionowy: 93 W; Architektura procesora: x86_64 / ARMv9; Wersja oprogramowania układowego (Firmware): v1.9.33,"Oryginalny produkt marki ASUS z serii Crucial T700 1TB. Wysoka jakość wykonania, znakomita wydajność oraz energooszczędność. Gwarancja pełnej kompatybilności & wsparcie techniczne producenta w standardzie.",http://localhost:8000/detail.html?id=249,tabela,5
250,Lenovo DeathAdder V3 #250,Klawiatury i Myszy,Lenovo,4988.48,USD,Ostatnie 3 sztuki,Odnowiony przez producenta,5.0,260,24 miesiące,24,2026-10-06,True,SKU-10250,590000000250,Czarny mat,0.39,21 x 19 x 4 cm,Tworzywo ABS wzmocnione,Japonia,USB-C Power Delivery 65W,"CE, RoHS, ISO 9001, Energy Star","Urządzenie Lenovo DeathAdder V3, kabel zasilający, instrukcja obsługi w j. polskim, karta gwarancyjna",Taktowanie magistrali: 2861 MHz; Poziom emisji hałasu: 22 dB; Pobór mocy znamionowy: 102 W; Architektura procesora: x86_64 / ARMv9; Wersja oprogramowania układowego (Firmware): v4.7.32,"Oryginalny produkt marki Lenovo z serii DeathAdder V3. Wysoka jakość wykonania, znakomita wydajność oraz energooszczędność. Gwarancja pełnej kompatybilności & wsparcie techniczne producenta w standardzie.",http://localhost:8000/detail.html?id=250,tabela,5
251,Dell Archer AXE75 #251,Akcesoria sieciowe,Dell,7405.4,PLN,Dostępny na zamówienie,Powystawowy,,0,48 miesięcy,48,2026-08-14,True,SKU-10251,590000000251,Gwiezdna szarość,3.4,38 x 20 x 4 cm,Tworzywo ABS wzmocnione,Polska,Akumulator Li-Ion,"CE, RoHS, ISO 9001, Energy Star","Urządzenie Dell Archer AXE75, kabel zasilający, instrukcja obsługi w j. polskim, karta gwarancyjna",Taktowanie magistrali: 6066 MHz; Poziom emisji hałasu: 25 dB; Pobór mocy znamionowy: 107 W; Architektura procesora: x86_64 / ARMv9; Wersja oprogramowania układowego (Firmware): v4.9.84,"Oryginalny produkt marki Dell z serii Archer AXE75. Wysoka jakość wykonania, znakomita wydajność oraz energooszczędność. Gwarancja pełnej kompatybilności & wsparcie techniczne producenta w standardzie.",http://localhost:8000/detail.html?id=251,karta,6
252,Samsung Nord 4 #252,Smartfony,Samsung,3065.71,EUR,Ostatnie 3 sztuki,Powystawowy,4.0,249,,,2026-07-26,True,SKU-10252,590000000252,Gwiezdna szarość,2.9,18 x 16 x 6 cm,Aluminium szczotkowane,Niemcy,Sieciowe 230V,"CE, RoHS, ISO 9001, Energy Star","Urządzenie Samsung Nord 4, kabel zasilający, instrukcja obsługi w j. polskim, karta gwarancyjna",Taktowanie magistrali: 3285 MHz; Poziom emisji hałasu: 37 dB; Pobór mocy znamionowy: 73 W; Architektura procesora: x86_64 / ARMv9; Wersja oprogramowania układowego (Firmware): v2.6.57,"Oryginalny produkt marki Samsung z serii Nord 4. Wysoka jakość wykonania, znakomita wydajność oraz energooszczędność. Gwarancja pełnej kompatybilności & wsparcie techniczne producenta w standardzie.",http://localhost:8000/detail.html?id=252,karta,6
253,HP 990 PRO 2TB #253,Dyski SSD,HP,3721.77,EUR,Dostępny w salonie,Powystawowy,,0,36 miesięcy,36,2026-03-22,True,SKU-10253,590000000253,Gwiezdna szarość,2.72,36 x 24 x 5 cm,Polikarbonat i aluminium,Polska,Akumulator Li-Ion,"CE, RoHS, ISO 9001, Energy Star","Urządzenie HP 990 PRO 2TB, kabel zasilający, instrukcja obsługi w j. polskim, karta gwarancyjna",Taktowanie magistrali: 6302 MHz; Poziom emisji hałasu: 37 dB; Pobór mocy znamionowy: 36 W; Architektura procesora: x86_64 / ARMv9; Wersja oprogramowania układowego (Firmware): v2.1.62,"Oryginalny produkt marki HP z serii 990 PRO 2TB. Wysoka jakość wykonania, znakomita wydajność oraz energooszczędność. Gwarancja pełnej kompatybilności & wsparcie techniczne producenta w standardzie.",http://localhost:8000/detail.html?id=253,karta,6
254,Sony Apex Pro TKL #254,Klawiatury i Myszy,Sony,7144.4,PLN,Wysyłka w 24h,Odnowiony przez producenta,3.5,294,48 miesięcy,48,2026-08-22,True,SKU-10254,590000000254,Czarny mat,2.12,17 x 12 x 9 cm,Polikarbonat i aluminium,Polska,Akumulator Li-Ion,"CE, RoHS, ISO 9001, Energy Star","Urządzenie Sony Apex Pro TKL, kabel zasilający, instrukcja obsługi w j. polskim, karta gwarancyjna",Taktowanie magistrali: 4327 MHz; Poziom emisji hałasu: 34 dB; Pobór mocy znamionowy: 19 W; Architektura procesora: x86_64 / ARMv9; Wersja oprogramowania układowego (Firmware): v4.8.60,"Oryginalny produkt marki Sony z serii Apex Pro TKL. Wysoka jakość wykonania, znakomita wydajność oraz energooszczędność. Gwarancja pełnej kompatybilności & wsparcie techniczne producenta w standardzie.",http://localhost:8000/detail.html?id=254,karta,6
255,Sony ProArt PA278CV #255,Monitory,Sony,7990.72,PLN,Wysyłka w 24h,Nowy,,0,24 miesiące,24,2026-04-08,True,SKU-10255,590000000255,Srebrny,2.88,32 x 30 x 1 cm,Aluminium szczotkowane,Chiny,Baterie AAA / Akumulator,"CE, RoHS, ISO 9001, Energy Star","Urządzenie Sony ProArt PA278CV, kabel zasilający, instrukcja obsługi w j. polskim, karta gwarancyjna",Taktowanie magistrali: 5460 MHz; Poziom emisji hałasu: 36 dB; Pobór mocy znamionowy: 18 W; Architektura procesora: x86_64 / ARMv9; Wersja oprogramowania układowego (Firmware): v4.7.27,"Oryginalny produkt marki Sony z serii ProArt PA278CV. Wysoka jakość wykonania, znakomita wydajność oraz energooszczędność. Gwarancja pełnej kompatybilności & wsparcie techniczne producenta w standardzie.",http://localhost:8000/detail.html?id=255,karta,6
256,LG Galaxy Tab S9 #256,Tablety,LG,6046.82,PLN,Dostępny w salonie,Nowy,4.3,295,12 miesięcy,12,2026-10-05,True,SKU-10256,590000000256,Srebrny,1.74,30 x 27 x 2 cm,Stop magnezu i aluminium,Korea Południowa,Akumulator Li-Ion,"CE, RoHS, ISO 9001, Energy Star","Urządzenie LG Galaxy Tab S9, kabel zasilający, instrukcja obsługi w j. polskim, karta gwarancyjna",Taktowanie magistrali: 6037 MHz; Poziom emisji hałasu: 19 dB; Pobór mocy znamionowy: 29 W; Architektura procesora: x86_64 / ARMv9; Wersja oprogramowania układowego (Firmware): v4.5.69,"Oryginalny produkt marki LG z serii Galaxy Tab S9. Wysoka jakość wykonania, znakomita wydajność oraz energooszczędność. Gwarancja pełnej kompatybilności & wsparcie techniczne producenta w standardzie.",http://localhost:8000/detail.html?id=256,karta,6
257,Samsung Xiaomi Pad 6 #257,Tablety,Samsung,3879.1,PLN,Dostępny na zamówienie,Powystawowy,4.2,360,24 miesiące,24,2026-10-05,True,SKU-10257,590000000257,Biały perłowy,2.33,36 x 13 x 8 cm,Szkło hartowane i metal,Chiny,USB-C Power Delivery 65W,"CE, RoHS, ISO 9001, Energy Star","Urządzenie Samsung Xiaomi Pad 6, kabel zasilający, instrukcja obsługi w j. polskim, karta gwarancyjna",Taktowanie magistrali: 4462 MHz; Poziom emisji hałasu: 31 dB; Pobór mocy znamionowy: 50 W; Architektura procesora: x86_64 / ARMv9; Wersja oprogramowania układowego (Firmware): v1.1.57,"Oryginalny produkt marki Samsung z serii Xiaomi Pad 6. Wysoka jakość wykonania, znakomita wydajność oraz energooszczędność. Gwarancja pełnej kompatybilności & wsparcie techniczne producenta w standardzie.",http://localhost:8000/detail.html?id=257,karta,6
258,Kingston UniFi U6 Pro #258,Akcesoria sieciowe,Kingston,7567.39,PLN,Dostępny na zamówienie,Nowy,4.9,34,48 miesięcy,48,2026-08-12,True,SKU-10258,590000000258,Gwiezdna szarość,2.31,37 x 16 x 9 cm,Aluminium szczotkowane,Chiny,USB-C Power Delivery 65W,"CE, RoHS, ISO 9001, Energy Star","Urządzenie Kingston UniFi U6 Pro, kabel zasilający, instrukcja obsługi w j. polskim, karta gwarancyjna",Taktowanie magistrali: 4000 MHz; Poziom emisji hałasu: 23 dB; Pobór mocy znamionowy: 51 W; Architektura procesora: x86_64 / ARMv9; Wersja oprogramowania układowego (Firmware): v1.1.31,"Oryginalny produkt marki Kingston z serii UniFi U6 Pro. Wysoka jakość wykonania, znakomita wydajność oraz energooszczędność. Gwarancja pełnej kompatybilności & wsparcie techniczne producenta w standardzie.",http://localhost:8000/detail.html?id=258,karta,6
259,LG QuietComfort Ultra #259,Audio i Słuchawki,LG,3418.03,PLN,Dostępny w salonie,Odnowiony przez producenta,3.2,97,,,2026-04-21,True,SKU-10259,590000000259,Granatowy metalik,3.81,24 x 24 x 5 cm,Stop magnezu i aluminium,Korea Południowa,USB-C Power Delivery 65W,"CE, RoHS, ISO 9001, Energy Star","Urządzenie LG QuietComfort Ultra, kabel zasilający, instrukcja obsługi w j. polskim, karta gwarancyjna",Taktowanie magistrali: 5040 MHz; Poziom emisji hałasu: 28 dB; Pobór mocy znamionowy: 67 W; Architektura procesora: x86_64 / ARMv9; Wersja oprogramowania układowego (Firmware): v3.5.72,"Oryginalny produkt marki LG z serii QuietComfort Ultra. Wysoka jakość wykonania, znakomita wydajność oraz energooszczędność. Gwarancja pełnej kompatybilności & wsparcie techniczne producenta w standardzie.",http://localhost:8000/detail.html?id=259,karta,6
260,Apple Odyssey G7 #260,Monitory,Apple,7767.72,PLN,W magazynie,Nowy,3.3,181,24 miesiące,24,2026-04-17,True,SKU-10260,590000000260,Srebrny,2.65,24 x 18 x 6 cm,Stop magnezu i aluminium,Niemcy,Sieciowe 230V,"CE, RoHS, ISO 9001, Energy Star","Urządzenie Apple Odyssey G7, kabel zasilający, instrukcja obsługi w j. polskim, karta gwarancyjna",Taktowanie magistrali: 3568 MHz; Poziom emisji hałasu: 23 dB; Pobór mocy znamionowy: 37 W; Architektura procesora: x86_64 / ARMv9; Wersja oprogramowania układowego (Firmware): v2.2.40,"Oryginalny produkt marki Apple z serii Odyssey G7. Wysoka jakość wykonania, znakomita wydajność oraz energooszczędność. Gwarancja pełnej kompatybilności & wsparcie techniczne producenta w standardzie.",http://localhost:8000/detail.html?id=260,karta,6
261,"Sony iPad Air 11"" #261",Tablety,Sony,4363.95,PLN,Dostępny w salonie,Odnowiony przez producenta,,0,12 miesięcy,12,2026-04-27,True,SKU-10261,590000000261,Srebrny,2.97,19 x 25 x 5 cm,Stop magnezu i aluminium,Korea Południowa,Baterie AAA / Akumulator,"CE, RoHS, ISO 9001, Energy Star","Urządzenie Sony iPad Air 11"", kabel zasilający, instrukcja obsługi w j. polskim, karta gwarancyjna",Taktowanie magistrali: 5547 MHz; Poziom emisji hałasu: 22 dB; Pobór mocy znamionowy: 73 W; Architektura procesora: x86_64 / ARMv9; Wersja oprogramowania układowego (Firmware): v3.2.10,"Oryginalny produkt marki Sony z serii iPad Air 11"". Wysoka jakość wykonania, znakomita wydajność oraz energooszczędność. Gwarancja pełnej kompatybilności & wsparcie techniczne producenta w standardzie.",http://localhost:8000/detail.html?id=261,karta,6
262,Lenovo Lenovo Tab P12 #262,Tablety,Lenovo,415.64,PLN,Ostatnie 3 sztuki,Powystawowy,3.4,13,24 miesiące,24,2026-06-02,True,SKU-10262,590000000262,Gwiezdna szarość,0.25,27 x 24 x 2 cm,Polikarbonat i aluminium,Korea Południowa,Akumulator Li-Ion,"CE, RoHS, ISO 9001, Energy Star","Urządzenie Lenovo Lenovo Tab P12, kabel zasilający, instrukcja obsługi w j. polskim, karta gwarancyjna",Taktowanie magistrali: 2778 MHz; Poziom emisji hałasu: 28 dB; Pobór mocy znamionowy: 22 W; Architektura procesora: x86_64 / ARMv9; Wersja oprogramowania układowego (Firmware): v2.9.77,"Oryginalny produkt marki Lenovo z serii Lenovo Tab P12. Wysoka jakość wykonania, znakomita wydajność oraz energooszczędność. Gwarancja pełnej kompatybilności & wsparcie techniczne producenta w standardzie.",http://localhost:8000/detail.html?id=262,karta,6
263,Sony RT-AX88U Pro #263,Akcesoria sieciowe,Sony,7551.88,PLN,Dostępny w salonie,Nowy,3.8,76,48 miesięcy,48,2026-10-05,True,SKU-10263,590000000263,Gwiezdna szarość,3.32,24 x 23 x 8 cm,Stop magnezu i aluminium,Tajwan,Baterie AAA / Akumulator,"CE, RoHS, ISO 9001, Energy Star","Urządzenie Sony RT-AX88U Pro, kabel zasilający, instrukcja obsługi w j. polskim, karta gwarancyjna",Taktowanie magistrali: 2449 MHz; Poziom emisji hałasu: 27 dB; Pobór mocy znamionowy: 59 W; Architektura procesora: x86_64 / ARMv9; Wersja oprogramowania układowego (Firmware): v3.4.67,"Oryginalny produkt marki Sony z serii RT-AX88U Pro. Wysoka jakość wykonania, znakomita wydajność oraz energooszczędność. Gwarancja pełnej kompatybilności & wsparcie techniczne producenta w standardzie.",http://localhost:8000/detail.html?id=263,karta,6
264,HP Major IV Bluetooth #264,Audio i Słuchawki,HP,779.02,PLN,Dostępny na zamówienie,Powystawowy,4.1,445,36 miesięcy,36,2026-04-03,True,SKU-10264,590000000264,Gwiezdna szarość,2.57,32 x 28 x 3 cm,Stop magnezu i aluminium,Niemcy,Baterie AAA / Akumulator,"CE, RoHS, ISO 9001, Energy Star","Urządzenie HP Major IV Bluetooth, kabel zasilający, instrukcja obsługi w j. polskim, karta gwarancyjna",Taktowanie magistrali: 5497 MHz; Poziom emisji hałasu: 30 dB; Pobór mocy znamionowy: 26 W; Architektura procesora: x86_64 / ARMv9; Wersja oprogramowania układowego (Firmware): v1.6.91,"Oryginalny produkt marki HP z serii Major IV Bluetooth. Wysoka jakość wykonania, znakomita wydajność oraz energooszczędność. Gwarancja pełnej kompatybilności & wsparcie techniczne producenta w standardzie.",http://localhost:8000/detail.html?id=264,karta,6
265,LG Black SN850X 1TB #265,Dyski SSD,LG,6626.36,PLN,Dostępny na zamówienie,Powystawowy,3.7,287,24 miesiące,24,2026-09-01,True,SKU-10265,590000000265,Gwiezdna szarość,2.29,32 x 30 x 4 cm,Aluminium szczotkowane,Polska,USB-C Power Delivery 65W,"CE, RoHS, ISO 9001, Energy Star","Urządzenie LG Black SN850X 1TB, kabel zasilający, instrukcja obsługi w j. polskim, karta gwarancyjna",Taktowanie magistrali: 3030 MHz; Poziom emisji hałasu: 26 dB; Pobór mocy znamionowy: 53 W; Architektura procesora: x86_64 / ARMv9; Wersja oprogramowania układowego (Firmware): v4.1.93,"Oryginalny produkt marki LG z serii Black SN850X 1TB. Wysoka jakość wykonania, znakomita wydajność oraz energooszczędność. Gwarancja pełnej kompatybilności & wsparcie techniczne producenta w standardzie.",http://localhost:8000/detail.html?id=265,karta,6
266,Lenovo RT-AX88U Pro #266,Akcesoria sieciowe,Lenovo,4689.42,PLN,Wysyłka w 24h,Odnowiony przez producenta,4.8,322,12 miesięcy,12,2026-10-07,True,SKU-10266,590000000266,Gwiezdna szarość,1.7,11 x 18 x 6 cm,Tworzywo ABS wzmocnione,Japonia,Sieciowe 230V,"CE, RoHS, ISO 9001, Energy Star","Urządzenie Lenovo RT-AX88U Pro, kabel zasilający, instrukcja obsługi w j. polskim, karta gwarancyjna",Taktowanie magistrali: 5862 MHz; Poziom emisji hałasu: 26 dB; Pobór mocy znamionowy: 35 W; Architektura procesora: x86_64 / ARMv9; Wersja oprogramowania układowego (Firmware): v1.2.50,"Oryginalny produkt marki Lenovo z serii RT-AX88U Pro. Wysoka jakość wykonania, znakomita wydajność oraz energooszczędność. Gwarancja pełnej kompatybilności & wsparcie techniczne producenta w standardzie.",http://localhost:8000/detail.html?id=266,karta,6
267,Apple T7 Shield 2TB #267,Dyski SSD,Apple,705.93,PLN,Dostępny na zamówienie,Nowy,4.3,392,,,2026-04-15,True,SKU-10267,590000000267,Granatowy metalik,2.67,36 x 14 x 1 cm,Szkło hartowane i metal,Niemcy,USB-C Power Delivery 65W,"CE, RoHS, ISO 9001, Energy Star","Urządzenie Apple T7 Shield 2TB, kabel zasilający, instrukcja obsługi w j. polskim, karta gwarancyjna",Taktowanie magistrali: 3721 MHz; Poziom emisji hałasu: 28 dB; Pobór mocy znamionowy: 120 W; Architektura procesora: x86_64 / ARMv9; Wersja oprogramowania układowego (Firmware): v3.4.97,"Oryginalny produkt marki Apple z serii T7 Shield 2TB. Wysoka jakość wykonania, znakomita wydajność oraz energooszczędność. Gwarancja pełnej kompatybilności & wsparcie techniczne producenta w standardzie.",http://localhost:8000/detail.html?id=267,karta,6
268,Logitech Surface Pro 9 #268,Tablety,Logitech,7294.23,PLN,W magazynie,Nowy,,0,,,2026-07-15,True,SKU-10268,590000000268,Gwiezdna szarość,4.17,25 x 21 x 5 cm,Tworzywo ABS wzmocnione,Chiny,Akumulator Li-Ion,"CE, RoHS, ISO 9001, Energy Star","Urządzenie Logitech Surface Pro 9, kabel zasilający, instrukcja obsługi w j. polskim, karta gwarancyjna",Taktowanie magistrali: 5656 MHz; Poziom emisji hałasu: 35 dB; Pobór mocy znamionowy: 93 W; Architektura procesora: x86_64 / ARMv9; Wersja oprogramowania układowego (Firmware): v1.6.68,"Oryginalny produkt marki Logitech z serii Surface Pro 9. Wysoka jakość wykonania, znakomita wydajność oraz energooszczędność. Gwarancja pełnej kompatybilności & wsparcie techniczne producenta w standardzie.",http://localhost:8000/detail.html?id=268,karta,6
269,Kingston RT-AX88U Pro #269,Akcesoria sieciowe,Kingston,2801.16,PLN,W magazynie,Powystawowy,3.3,418,,,2026-03-08,True,SKU-10269,590000000269,Czarny mat,0.49,34 x 25 x 7 cm,Stop magnezu i aluminium,Polska,Sieciowe 230V,"CE, RoHS, ISO 9001, Energy Star","Urządzenie Kingston RT-AX88U Pro, kabel zasilający, instrukcja obsługi w j. polskim, karta gwarancyjna",Taktowanie magistrali: 2983 MHz; Poziom emisji hałasu: 25 dB; Pobór mocy znamionowy: 54 W; Architektura procesora: x86_64 / ARMv9; Wersja oprogramowania układowego (Firmware): v2.3.26,"Oryginalny produkt marki Kingston z serii RT-AX88U Pro. Wysoka jakość wykonania, znakomita wydajność oraz energooszczędność. Gwarancja pełnej kompatybilności & wsparcie techniczne producenta w standardzie.",http://localhost:8000/detail.html?id=269,karta,6
270,LG ThinkPad T14 #270,Laptopy,LG,7276.38,PLN,Dostępny na zamówienie,Nowy,,0,12 miesięcy,12,2026-08-01,True,SKU-10270,590000000270,Czarny mat,0.78,33 x 18 x 10 cm,Tworzywo ABS wzmocnione,Tajwan,Akumulator Li-Ion,"CE, RoHS, ISO 9001, Energy Star","Urządzenie LG ThinkPad T14, kabel zasilający, instrukcja obsługi w j. polskim, karta gwarancyjna",Taktowanie magistrali: 6168 MHz; Poziom emisji hałasu: 37 dB; Pobór mocy znamionowy: 41 W; Architektura procesora: x86_64 / ARMv9; Wersja oprogramowania układowego (Firmware): v2.2.95,"Oryginalny produkt marki LG z serii ThinkPad T14. Wysoka jakość wykonania, znakomita wydajność oraz energooszczędność. Gwarancja pełnej kompatybilności & wsparcie techniczne producenta w standardzie.",http://localhost:8000/detail.html?id=270,karta,6
271,LG DeathAdder V3 #271,Klawiatury i Myszy,LG,6573.73,PLN,Dostępny w salonie,Nowy,4.2,367,36 miesięcy,36,2026-04-17,True,SKU-10271,590000000271,Biały perłowy,3.08,13 x 15 x 6 cm,Polikarbonat i aluminium,Japonia,Akumulator Li-Ion,"CE, RoHS, ISO 9001, Energy Star","Urządzenie LG DeathAdder V3, kabel zasilający, instrukcja obsługi w j. polskim, karta gwarancyjna",Taktowanie magistrali: 2417 MHz; Poziom emisji hałasu: 21 dB; Pobór mocy znamionowy: 42 W; Architektura procesora: x86_64 / ARMv9; Wersja oprogramowania układowego (Firmware): v4.5.99,"Oryginalny produkt marki LG z serii DeathAdder V3. Wysoka jakość wykonania, znakomita wydajność oraz energooszczędność. Gwarancja pełnej kompatybilności & wsparcie techniczne producenta w standardzie.",http://localhost:8000/detail.html?id=271,karta,6
272,ASUS MX Master 3S #272,Klawiatury i Myszy,ASUS,2581.81,PLN,Dostępny w salonie,Odnowiony przez producenta,4.1,254,36 miesięcy,36,2026-08-11,True,SKU-10272,590000000272,Srebrny,3.14,36 x 24 x 4 cm,Polikarbonat i aluminium,Korea Południowa,USB-C Power Delivery 65W,"CE, RoHS, ISO 9001, Energy Star","Urządzenie ASUS MX Master 3S, kabel zasilający, instrukcja obsługi w j. polskim, karta gwarancyjna",Taktowanie magistrali: 3743 MHz; Poziom emisji hałasu: 33 dB; Pobór mocy znamionowy: 29 W; Architektura procesora: x86_64 / ARMv9; Wersja oprogramowania układowego (Firmware): v4.4.68,"Oryginalny produkt marki ASUS z serii MX Master 3S. Wysoka jakość wykonania, znakomita wydajność oraz energooszczędność. Gwarancja pełnej kompatybilności & wsparcie techniczne producenta w standardzie.",http://localhost:8000/detail.html?id=272,karta,6
273,Samsung Major IV Bluetooth #273,Audio i Słuchawki,Samsung,6743.36,PLN,Wysyłka w 24h,Powystawowy,4.4,92,,,2026-03-13,True,SKU-10273,590000000273,Granatowy metalik,4.4,33 x 15 x 2 cm,Stop magnezu i aluminium,Tajwan,USB-C Power Delivery 65W,"CE, RoHS, ISO 9001, Energy Star","Urządzenie Samsung Major IV Bluetooth, kabel zasilający, instrukcja obsługi w j. polskim, karta gwarancyjna",Taktowanie magistrali: 2830 MHz; Poziom emisji hałasu: 30 dB; Pobór mocy znamionowy: 71 W; Architektura procesora: x86_64 / ARMv9; Wersja oprogramowania układowego (Firmware): v1.1.28,"Oryginalny produkt marki Samsung z serii Major IV Bluetooth. Wysoka jakość wykonania, znakomita wydajność oraz energooszczędność. Gwarancja pełnej kompatybilności & wsparcie techniczne producenta w standardzie.",http://localhost:8000/detail.html?id=273,karta,6
274,Kingston Ergo K860 #274,Klawiatury i Myszy,Kingston,1068.82,USD,Dostępny na zamówienie,Nowy,4.5,143,Dożywotnia producenta,,2026-10-04,True,SKU-10274,590000000274,Biały perłowy,0.62,18 x 25 x 8 cm,Stop magnezu i aluminium,Niemcy,Sieciowe 230V,"CE, RoHS, ISO 9001, Energy Star","Urządzenie Kingston Ergo K860, kabel zasilający, instrukcja obsługi w j. polskim, karta gwarancyjna",Taktowanie magistrali: 3858 MHz; Poziom emisji hałasu: 33 dB; Pobór mocy znamionowy: 100 W; Architektura procesora: x86_64 / ARMv9; Wersja oprogramowania układowego (Firmware): v4.7.75,"Oryginalny produkt marki Kingston z serii Ergo K860. Wysoka jakość wykonania, znakomita wydajność oraz energooszczędność. Gwarancja pełnej kompatybilności & wsparcie techniczne producenta w standardzie.",http://localhost:8000/detail.html?id=274,karta,6
275,Dell iPhone 15 Pro #275,Smartfony,Dell,310.32,PLN,Wysyłka w 24h,Nowy,,0,36 miesięcy,36,2026-06-16,True,SKU-10275,590000000275,Srebrny,3.03,25 x 26 x 5 cm,Tworzywo ABS wzmocnione,Korea Południowa,Sieciowe 230V,"CE, RoHS, ISO 9001, Energy Star","Urządzenie Dell iPhone 15 Pro, kabel zasilający, instrukcja obsługi w j. polskim, karta gwarancyjna",Taktowanie magistrali: 4947 MHz; Poziom emisji hałasu: 37 dB; Pobór mocy znamionowy: 27 W; Architektura procesora: x86_64 / ARMv9; Wersja oprogramowania układowego (Firmware): v1.8.73,"Oryginalny produkt marki Dell z serii iPhone 15 Pro. Wysoka jakość wykonania, znakomita wydajność oraz energooszczędność. Gwarancja pełnej kompatybilności & wsparcie techniczne producenta w standardzie.",http://localhost:8000/detail.html?id=275,karta,6
276,ASUS XPS 15 #276,Laptopy,ASUS,2584.02,PLN,W magazynie,Odnowiony przez producenta,4.0,17,,,2026-10-06,True,SKU-10276,590000000276,Biały perłowy,3.02,31 x 27 x 10 cm,Polikarbonat i aluminium,Japonia,Akumulator Li-Ion,"CE, RoHS, ISO 9001, Energy Star","Urządzenie ASUS XPS 15, kabel zasilający, instrukcja obsługi w j. polskim, karta gwarancyjna",Taktowanie magistrali: 4413 MHz; Poziom emisji hałasu: 31 dB; Pobór mocy znamionowy: 32 W; Architektura procesora: x86_64 / ARMv9; Wersja oprogramowania układowego (Firmware): v3.6.72,"Oryginalny produkt marki ASUS z serii XPS 15. Wysoka jakość wykonania, znakomita wydajność oraz energooszczędność. Gwarancja pełnej kompatybilności & wsparcie techniczne producenta w standardzie.",http://localhost:8000/detail.html?id=276,tabela,6
277,ASUS Pavilion Gaming #277,Laptopy,ASUS,7768.88,PLN,W magazynie,Powystawowy,3.8,146,12 miesięcy,12,2026-07-31,True,SKU-10277,590000000277,Srebrny,4.46,23 x 21 x 1 cm,Stop magnezu i aluminium,Chiny,Akumulator Li-Ion,"CE, RoHS, ISO 9001, Energy Star","Urządzenie ASUS Pavilion Gaming, kabel zasilający, instrukcja obsługi w j. polskim, karta gwarancyjna",Taktowanie magistrali: 5828 MHz; Poziom emisji hałasu: 29 dB; Pobór mocy znamionowy: 59 W; Architektura procesora: x86_64 / ARMv9; Wersja oprogramowania układowego (Firmware): v1.5.58,"Oryginalny produkt marki ASUS z serii Pavilion Gaming. Wysoka jakość wykonania, znakomita wydajność oraz energooszczędność. Gwarancja pełnej kompatybilności & wsparcie techniczne producenta w standardzie.",http://localhost:8000/detail.html?id=277,tabela,6
278,Apple DeathAdder V3 #278,Klawiatury i Myszy,Apple,5534.13,PLN,Wysyłka w 24h,Odnowiony przez producenta,3.4,87,,,2026-10-04,True,SKU-10278,590000000278,Czarny mat,4.44,22 x 28 x 7 cm,Szkło hartowane i metal,Tajwan,Sieciowe 230V,"CE, RoHS, ISO 9001, Energy Star","Urządzenie Apple DeathAdder V3, kabel zasilający, instrukcja obsługi w j. polskim, karta gwarancyjna",Taktowanie magistrali: 5094 MHz; Poziom emisji hałasu: 31 dB; Pobór mocy znamionowy: 87 W; Architektura procesora: x86_64 / ARMv9; Wersja oprogramowania układowego (Firmware): v4.4.12,"Oryginalny produkt marki Apple z serii DeathAdder V3. Wysoka jakość wykonania, znakomita wydajność oraz energooszczędność. Gwarancja pełnej kompatybilności & wsparcie techniczne producenta w standardzie.",http://localhost:8000/detail.html?id=278,tabela,6
279,Lenovo Fritz!Box 7590 AX #279,Akcesoria sieciowe,Lenovo,2753.14,PLN,Dostępny na zamówienie,Powystawowy,4.6,174,,,2026-10-04,True,SKU-10279,590000000279,Czarny mat,1.44,28 x 22 x 4 cm,Aluminium szczotkowane,Korea Południowa,Sieciowe 230V,"CE, RoHS, ISO 9001, Energy Star","Urządzenie Lenovo Fritz!Box 7590 AX, kabel zasilający, instrukcja obsługi w j. polskim, karta gwarancyjna",Taktowanie magistrali: 3226 MHz; Poziom emisji hałasu: 33 dB; Pobór mocy znamionowy: 96 W; Architektura procesora: x86_64 / ARMv9; Wersja oprogramowania układowego (Firmware): v1.8.37,"Oryginalny produkt marki Lenovo z serii Fritz!Box 7590 AX. Wysoka jakość wykonania, znakomita wydajność oraz energooszczędność. Gwarancja pełnej kompatybilności & wsparcie techniczne producenta w standardzie.",http://localhost:8000/detail.html?id=279,tabela,6
280,Apple Galaxy Tab S9 #280,Tablety,Apple,4294.4,PLN,Wysyłka w 24h,Odnowiony przez producenta,3.8,40,36 miesięcy,36,2026-10-05,True,SKU-10280,590000000280,Granatowy metalik,0.94,10 x 30 x 9 cm,Szkło hartowane i metal,Niemcy,Baterie AAA / Akumulator,"CE, RoHS, ISO 9001, Energy Star","Urządzenie Apple Galaxy Tab S9, kabel zasilający, instrukcja obsługi w j. polskim, karta gwarancyjna",Taktowanie magistrali: 3219 MHz; Poziom emisji hałasu: 31 dB; Pobór mocy znamionowy: 66 W; Architektura procesora: x86_64 / ARMv9; Wersja oprogramowania układowego (Firmware): v3.9.75,"Oryginalny produkt marki Apple z serii Galaxy Tab S9. Wysoka jakość wykonania, znakomita wydajność oraz energooszczędność. Gwarancja pełnej kompatybilności & wsparcie techniczne producenta w standardzie.",http://localhost:8000/detail.html?id=280,tabela,6
281,Logitech G Pro X Superlight #281,Klawiatury i Myszy,Logitech,4307.48,USD,Wysyłka w 24h,Powystawowy,4.6,223,12 miesięcy,12,2026-05-31,True,SKU-10281,590000000281,Czarny mat,2.91,37 x 23 x 5 cm,Stop magnezu i aluminium,Tajwan,USB-C Power Delivery 65W,"CE, RoHS, ISO 9001, Energy Star","Urządzenie Logitech G Pro X Superlight, kabel zasilający, instrukcja obsługi w j. polskim, karta gwarancyjna",Taktowanie magistrali: 4294 MHz; Poziom emisji hałasu: 22 dB; Pobór mocy znamionowy: 45 W; Architektura procesora: x86_64 / ARMv9; Wersja oprogramowania układowego (Firmware): v2.4.65,"Oryginalny produkt marki Logitech z serii G Pro X Superlight. Wysoka jakość wykonania, znakomita wydajność oraz energooszczędność. Gwarancja pełnej kompatybilności & wsparcie techniczne producenta w standardzie.",http://localhost:8000/detail.html?id=281,tabela,6
282,ASUS MX Keys Mini #282,Klawiatury i Myszy,ASUS,1615.14,PLN,W magazynie,Powystawowy,4.7,238,48 miesięcy,48,2026-03-20,True,SKU-10282,590000000282,Srebrny,3.02,15 x 30 x 1 cm,Polikarbonat i aluminium,Chiny,Sieciowe 230V,"CE, RoHS, ISO 9001, Energy Star","Urządzenie ASUS MX Keys Mini, kabel zasilający, instrukcja obsługi w j. polskim, karta gwarancyjna",Taktowanie magistrali: 6109 MHz; Poziom emisji hałasu: 19 dB; Pobór mocy znamionowy: 40 W; Architektura procesora: x86_64 / ARMv9; Wersja oprogramowania układowego (Firmware): v2.4.27,"Oryginalny produkt marki ASUS z serii MX Keys Mini. Wysoka jakość wykonania, znakomita wydajność oraz energooszczędność. Gwarancja pełnej kompatybilności & wsparcie techniczne producenta w standardzie.",http://localhost:8000/detail.html?id=282,tabela,6
283,Lenovo Legion Slim 5 #283,Laptopy,Lenovo,6949.66,PLN,Dostępny w salonie,Odnowiony przez producenta,3.9,187,12 miesięcy,12,2026-07-28,True,SKU-10283,590000000283,Srebrny,2.31,12 x 17 x 10 cm,Tworzywo ABS wzmocnione,Polska,USB-C Power Delivery 65W,"CE, RoHS, ISO 9001, Energy Star","Urządzenie Lenovo Legion Slim 5, kabel zasilający, instrukcja obsługi w j. polskim, karta gwarancyjna",Taktowanie magistrali: 3366 MHz; Poziom emisji hałasu: 21 dB; Pobór mocy znamionowy: 88 W; Architektura procesora: x86_64 / ARMv9; Wersja oprogramowania układowego (Firmware): v1.8.95,"Oryginalny produkt marki Lenovo z serii Legion Slim 5. Wysoka jakość wykonania, znakomita wydajność oraz energooszczędność. Gwarancja pełnej kompatybilności & wsparcie techniczne producenta w standardzie.",http://localhost:8000/detail.html?id=283,tabela,6
284,Samsung AirPods Pro 2 #284,Audio i Słuchawki,Samsung,942.83,PLN,Wysyłka w 24h,Powystawowy,3.7,210,Dożywotnia producenta,,2026-04-29,True,SKU-10284,590000000284,Gwiezdna szarość,4.34,38 x 14 x 6 cm,Tworzywo ABS wzmocnione,Japonia,USB-C Power Delivery 65W,"CE, RoHS, ISO 9001, Energy Star","Urządzenie Samsung AirPods Pro 2, kabel zasilający, instrukcja obsługi w j. polskim, karta gwarancyjna",Taktowanie magistrali: 4585 MHz; Poziom emisji hałasu: 29 dB; Pobór mocy znamionowy: 104 W; Architektura procesora: x86_64 / ARMv9; Wersja oprogramowania układowego (Firmware): v1.5.79,"Oryginalny produkt marki Samsung z serii AirPods Pro 2. Wysoka jakość wykonania, znakomita wydajność oraz energooszczędność. Gwarancja pełnej kompatybilności & wsparcie techniczne producenta w standardzie.",http://localhost:8000/detail.html?id=284,tabela,6
285,Kingston ThinkPad T14 #285,Laptopy,Kingston,5330.57,EUR,Wysyłka w 24h,Powystawowy,4.4,404,36 miesięcy,36,2026-06-14,True,SKU-10285,590000000285,Czarny mat,4.11,22 x 18 x 5 cm,Stop magnezu i aluminium,Polska,USB-C Power Delivery 65W,"CE, RoHS, ISO 9001, Energy Star","Urządzenie Kingston ThinkPad T14, kabel zasilający, instrukcja obsługi w j. polskim, karta gwarancyjna",Taktowanie magistrali: 5017 MHz; Poziom emisji hałasu: 29 dB; Pobór mocy znamionowy: 118 W; Architektura procesora: x86_64 / ARMv9; Wersja oprogramowania układowego (Firmware): v1.8.40,"Oryginalny produkt marki Kingston z serii ThinkPad T14. Wysoka jakość wykonania, znakomita wydajność oraz energooszczędność. Gwarancja pełnej kompatybilności & wsparcie techniczne producenta w standardzie.",http://localhost:8000/detail.html?id=285,tabela,6
286,HP Apex Pro TKL #286,Klawiatury i Myszy,HP,7046.79,PLN,Dostępny na zamówienie,Odnowiony przez producenta,3.9,18,12 miesięcy,12,2026-05-04,True,SKU-10286,590000000286,Czarny mat,1.68,29 x 27 x 6 cm,Aluminium szczotkowane,Japonia,Sieciowe 230V,"CE, RoHS, ISO 9001, Energy Star","Urządzenie HP Apex Pro TKL, kabel zasilający, instrukcja obsługi w j. polskim, karta gwarancyjna",Taktowanie magistrali: 5418 MHz; Poziom emisji hałasu: 31 dB; Pobór mocy znamionowy: 57 W; Architektura procesora: x86_64 / ARMv9; Wersja oprogramowania układowego (Firmware): v4.1.30,"Oryginalny produkt marki HP z serii Apex Pro TKL. Wysoka jakość wykonania, znakomita wydajność oraz energooszczędność. Gwarancja pełnej kompatybilności & wsparcie techniczne producenta w standardzie.",http://localhost:8000/detail.html?id=286,tabela,6
287,Logitech Modern MD271 #287,Monitory,Logitech,123.3,PLN,Wysyłka w 24h,Powystawowy,3.7,295,,,2026-06-30,False,SKU-10287,590000000287,Biały perłowy,2.23,33 x 14 x 5 cm,Szkło hartowane i metal,Niemcy,USB-C Power Delivery 65W,"CE, RoHS, ISO 9001, Energy Star","Urządzenie Logitech Modern MD271, kabel zasilający, instrukcja obsługi w j. polskim, karta gwarancyjna",Taktowanie magistrali: 4515 MHz; Poziom emisji hałasu: 38 dB; Pobór mocy znamionowy: 112 W; Architektura procesora: x86_64 / ARMv9; Wersja oprogramowania układowego (Firmware): v2.9.97,"Oryginalny produkt marki Logitech z serii Modern MD271. Wysoka jakość wykonania, znakomita wydajność oraz energooszczędność. Gwarancja pełnej kompatybilności & wsparcie techniczne producenta w standardzie.",http://localhost:8000/detail.html?id=287,tabela,6
288,Samsung 990 PRO 2TB #288,Dyski SSD,Samsung,1535.93,PLN,Wysyłka w 24h,Odnowiony przez producenta,4.9,293,12 miesięcy,12,2026-08-10,True,SKU-10288,590000000288,Biały perłowy,2.76,14 x 12 x 6 cm,Szkło hartowane i metal,Niemcy,Sieciowe 230V,"CE, RoHS, ISO 9001, Energy Star","Urządzenie Samsung 990 PRO 2TB, kabel zasilający, instrukcja obsługi w j. polskim, karta gwarancyjna",Taktowanie magistrali: 6390 MHz; Poziom emisji hałasu: 32 dB; Pobór mocy znamionowy: 40 W; Architektura procesora: x86_64 / ARMv9; Wersja oprogramowania układowego (Firmware): v3.2.16,"Oryginalny produkt marki Samsung z serii 990 PRO 2TB. Wysoka jakość wykonania, znakomita wydajność oraz energooszczędność. Gwarancja pełnej kompatybilności & wsparcie techniczne producenta w standardzie.",http://localhost:8000/detail.html?id=288,tabela,6
289,LG Latitude 5540 #289,Laptopy,LG,7432.45,PLN,Dostępny na zamówienie,Odnowiony przez producenta,4.1,115,24 miesiące,24,2026-10-04,True,SKU-10289,590000000289,Gwiezdna szarość,1.97,23 x 14 x 1 cm,Tworzywo ABS wzmocnione,Tajwan,Akumulator Li-Ion,"CE, RoHS, ISO 9001, Energy Star","Urządzenie LG Latitude 5540, kabel zasilający, instrukcja obsługi w j. polskim, karta gwarancyjna",Taktowanie magistrali: 3964 MHz; Poziom emisji hałasu: 22 dB; Pobór mocy znamionowy: 70 W; Architektura procesora: x86_64 / ARMv9; Wersja oprogramowania układowego (Firmware): v2.9.37,"Oryginalny produkt marki LG z serii Latitude 5540. Wysoka jakość wykonania, znakomita wydajność oraz energooszczędność. Gwarancja pełnej kompatybilności & wsparcie techniczne producenta w standardzie.",http://localhost:8000/detail.html?id=289,tabela,6
290,Samsung UniFi U6 Pro #290,Akcesoria sieciowe,Samsung,5212.16,PLN,W magazynie,Nowy,,0,36 miesięcy,36,2026-03-10,True,SKU-10290,590000000290,Granatowy metalik,0.41,20 x 17 x 8 cm,Szkło hartowane i metal,Tajwan,Sieciowe 230V,"CE, RoHS, ISO 9001, Energy Star","Urządzenie Samsung UniFi U6 Pro, kabel zasilający, instrukcja obsługi w j. polskim, karta gwarancyjna",Taktowanie magistrali: 3269 MHz; Poziom emisji hałasu: 30 dB; Pobór mocy znamionowy: 105 W; Architektura procesora: x86_64 / ARMv9; Wersja oprogramowania układowego (Firmware): v4.9.42,"Oryginalny produkt marki Samsung z serii UniFi U6 Pro. Wysoka jakość wykonania, znakomita wydajność oraz energooszczędność. Gwarancja pełnej kompatybilności & wsparcie techniczne producenta w standardzie.",http://localhost:8000/detail.html?id=290,tabela,6
291,Apple Latitude 5540 #291,Laptopy,Apple,3217.1,PLN,W magazynie,Powystawowy,4.9,287,,,2026-06-27,True,SKU-10291,590000000291,Granatowy metalik,2.03,18 x 13 x 6 cm,Stop magnezu i aluminium,Polska,Baterie AAA / Akumulator,"CE, RoHS, ISO 9001, Energy Star","Urządzenie Apple Latitude 5540, kabel zasilający, instrukcja obsługi w j. polskim, karta gwarancyjna",Taktowanie magistrali: 3095 MHz; Poziom emisji hałasu: 34 dB; Pobór mocy znamionowy: 78 W; Architektura procesora: x86_64 / ARMv9; Wersja oprogramowania układowego (Firmware): v3.7.26,"Oryginalny produkt marki Apple z serii Latitude 5540. Wysoka jakość wykonania, znakomita wydajność oraz energooszczędność. Gwarancja pełnej kompatybilności & wsparcie techniczne producenta w standardzie.",http://localhost:8000/detail.html?id=291,tabela,6
292,Sony Black SN850X 1TB #292,Dyski SSD,Sony,7026.8,PLN,Wysyłka w 24h,Nowy,4.6,136,48 miesięcy,48,2026-06-13,True,SKU-10292,590000000292,Gwiezdna szarość,0.8,17 x 15 x 1 cm,Tworzywo ABS wzmocnione,Japonia,Akumulator Li-Ion,"CE, RoHS, ISO 9001, Energy Star","Urządzenie Sony Black SN850X 1TB, kabel zasilający, instrukcja obsługi w j. polskim, karta gwarancyjna",Taktowanie magistrali: 5418 MHz; Poziom emisji hałasu: 33 dB; Pobór mocy znamionowy: 112 W; Architektura procesora: x86_64 / ARMv9; Wersja oprogramowania układowego (Firmware): v2.8.94,"Oryginalny produkt marki Sony z serii Black SN850X 1TB. Wysoka jakość wykonania, znakomita wydajność oraz energooszczędność. Gwarancja pełnej kompatybilności & wsparcie techniczne producenta w standardzie.",http://localhost:8000/detail.html?id=292,tabela,6
293,ASUS Archer AXE75 #293,Akcesoria sieciowe,ASUS,7423.93,USD,W magazynie,Nowy,,0,Dożywotnia producenta,,2026-05-07,True,SKU-10293,590000000293,Srebrny,0.94,15 x 26 x 5 cm,Szkło hartowane i metal,Korea Południowa,Akumulator Li-Ion,"CE, RoHS, ISO 9001, Energy Star","Urządzenie ASUS Archer AXE75, kabel zasilający, instrukcja obsługi w j. polskim, karta gwarancyjna",Taktowanie magistrali: 4419 MHz; Poziom emisji hałasu: 21 dB; Pobór mocy znamionowy: 107 W; Architektura procesora: x86_64 / ARMv9; Wersja oprogramowania układowego (Firmware): v2.1.54,"Oryginalny produkt marki ASUS z serii Archer AXE75. Wysoka jakość wykonania, znakomita wydajność oraz energooszczędność. Gwarancja pełnej kompatybilności & wsparcie techniczne producenta w standardzie.",http://localhost:8000/detail.html?id=293,tabela,6
294,LG ZenBook Pro #294,Laptopy,LG,706.0,PLN,W magazynie,Powystawowy,4.4,169,,,2026-05-24,True,SKU-10294,590000000294,Biały perłowy,2.13,40 x 18 x 10 cm,Aluminium szczotkowane,Chiny,USB-C Power Delivery 65W,"CE, RoHS, ISO 9001, Energy Star","Urządzenie LG ZenBook Pro, kabel zasilający, instrukcja obsługi w j. polskim, karta gwarancyjna",Taktowanie magistrali: 3930 MHz; Poziom emisji hałasu: 36 dB; Pobór mocy znamionowy: 28 W; Architektura procesora: x86_64 / ARMv9; Wersja oprogramowania układowego (Firmware): v3.2.13,"Oryginalny produkt marki LG z serii ZenBook Pro. Wysoka jakość wykonania, znakomita wydajność oraz energooszczędność. Gwarancja pełnej kompatybilności & wsparcie techniczne producenta w standardzie.",http://localhost:8000/detail.html?id=294,tabela,6
295,Kingston ExpertBook B9 #295,Laptopy,Kingston,5878.21,PLN,Dostępny w salonie,Powystawowy,4.9,292,,,2026-03-21,True,SKU-10295,590000000295,Czarny mat,1.89,15 x 17 x 7 cm,Aluminium szczotkowane,Polska,Akumulator Li-Ion,"CE, RoHS, ISO 9001, Energy Star","Urządzenie Kingston ExpertBook B9, kabel zasilający, instrukcja obsługi w j. polskim, karta gwarancyjna",Taktowanie magistrali: 3558 MHz; Poziom emisji hałasu: 28 dB; Pobór mocy znamionowy: 117 W; Architektura procesora: x86_64 / ARMv9; Wersja oprogramowania układowego (Firmware): v1.1.80,"Oryginalny produkt marki Kingston z serii ExpertBook B9. Wysoka jakość wykonania, znakomita wydajność oraz energooszczędność. Gwarancja pełnej kompatybilności & wsparcie techniczne producenta w standardzie.",http://localhost:8000/detail.html?id=295,tabela,6
296,ASUS Modern MD271 #296,Monitory,ASUS,5211.63,PLN,Wysyłka w 24h,Powystawowy,3.5,153,48 miesięcy,48,2026-10-06,True,SKU-10296,590000000296,Srebrny,2.6,23 x 12 x 7 cm,Szkło hartowane i metal,Tajwan,Akumulator Li-Ion,"CE, RoHS, ISO 9001, Energy Star","Urządzenie ASUS Modern MD271, kabel zasilający, instrukcja obsługi w j. polskim, karta gwarancyjna",Taktowanie magistrali: 3870 MHz; Poziom emisji hałasu: 21 dB; Pobór mocy znamionowy: 62 W; Architektura procesora: x86_64 / ARMv9; Wersja oprogramowania układowego (Firmware): v2.7.67,"Oryginalny produkt marki ASUS z serii Modern MD271. Wysoka jakość wykonania, znakomita wydajność oraz energooszczędność. Gwarancja pełnej kompatybilności & wsparcie techniczne producenta w standardzie.",http://localhost:8000/detail.html?id=296,tabela,6
297,ASUS WH-1000XM5 #297,Audio i Słuchawki,ASUS,2798.78,PLN,Ostatnie 3 sztuki,Odnowiony przez producenta,3.6,352,48 miesięcy,48,2026-06-19,True,SKU-10297,590000000297,Srebrny,3.81,26 x 23 x 5 cm,Aluminium szczotkowane,Korea Południowa,Sieciowe 230V,"CE, RoHS, ISO 9001, Energy Star","Urządzenie ASUS WH-1000XM5, kabel zasilający, instrukcja obsługi w j. polskim, karta gwarancyjna",Taktowanie magistrali: 4317 MHz; Poziom emisji hałasu: 31 dB; Pobór mocy znamionowy: 25 W; Architektura procesora: x86_64 / ARMv9; Wersja oprogramowania układowego (Firmware): v4.4.29,"Oryginalny produkt marki ASUS z serii WH-1000XM5. Wysoka jakość wykonania, znakomita wydajność oraz energooszczędność. Gwarancja pełnej kompatybilności & wsparcie techniczne producenta w standardzie.",http://localhost:8000/detail.html?id=297,tabela,6
298,LG XPS 15 #298,Laptopy,LG,3361.85,PLN,Wysyłka w 24h,Nowy,4.5,417,36 miesięcy,36,2026-04-26,True,SKU-10298,590000000298,Czarny mat,1.96,32 x 19 x 6 cm,Polikarbonat i aluminium,Korea Południowa,Baterie AAA / Akumulator,"CE, RoHS, ISO 9001, Energy Star","Urządzenie LG XPS 15, kabel zasilający, instrukcja obsługi w j. polskim, karta gwarancyjna",Taktowanie magistrali: 2466 MHz; Poziom emisji hałasu: 21 dB; Pobór mocy znamionowy: 109 W; Architektura procesora: x86_64 / ARMv9; Wersja oprogramowania układowego (Firmware): v4.2.33,"Oryginalny produkt marki LG z serii XPS 15. Wysoka jakość wykonania, znakomita wydajność oraz energooszczędność. Gwarancja pełnej kompatybilności & wsparcie techniczne producenta w standardzie.",http://localhost:8000/detail.html?id=298,tabela,6
299,Sony XS2000 2TB #299,Dyski SSD,Sony,1766.44,EUR,Ostatnie 3 sztuki,Odnowiony przez producenta,,0,36 miesięcy,36,2026-05-13,True,SKU-10299,590000000299,Biały perłowy,2.15,22 x 29 x 8 cm,Szkło hartowane i metal,Tajwan,USB-C Power Delivery 65W,"CE, RoHS, ISO 9001, Energy Star","Urządzenie Sony XS2000 2TB, kabel zasilający, instrukcja obsługi w j. polskim, karta gwarancyjna",Taktowanie magistrali: 4588 MHz; Poziom emisji hałasu: 18 dB; Pobór mocy znamionowy: 15 W; Architektura procesora: x86_64 / ARMv9; Wersja oprogramowania układowego (Firmware): v4.1.11,"Oryginalny produkt marki Sony z serii XS2000 2TB. Wysoka jakość wykonania, znakomita wydajność oraz energooszczędność. Gwarancja pełnej kompatybilności & wsparcie techniczne producenta w standardzie.",http://localhost:8000/detail.html?id=299,tabela,6
300,Apple WH-1000XM5 #300,Audio i Słuchawki,Apple,208.62,PLN,Dostępny w salonie,Nowy,,0,,,2026-08-26,False,SKU-10300,590000000300,Czarny mat,1.46,24 x 14 x 8 cm,Aluminium szczotkowane,Japonia,Sieciowe 230V,"CE, RoHS, ISO 9001, Energy Star","Urządzenie Apple WH-1000XM5, kabel zasilający, instrukcja obsługi w j. polskim, karta gwarancyjna",Taktowanie magistrali: 3257 MHz; Poziom emisji hałasu: 33 dB; Pobór mocy znamionowy: 98 W; Architektura procesora: x86_64 / ARMv9; Wersja oprogramowania układowego (Firmware): v2.3.65,"Oryginalny produkt marki Apple z serii WH-1000XM5. Wysoka jakość wykonania, znakomita wydajność oraz energooszczędność. Gwarancja pełnej kompatybilności & wsparcie techniczne producenta w standardzie.",http://localhost:8000/detail.html?id=300,tabela,6
301,HP Curved Gaming 34 #301,Monitory,HP,7713.55,PLN,Dostępny w salonie,Odnowiony przez producenta,4.7,300,36 miesięcy,36,2026-08-19,True,SKU-10301,590000000301,Granatowy metalik,4.5,11 x 25 x 7 cm,Szkło hartowane i metal,Japonia,Baterie AAA / Akumulator,"CE, RoHS, ISO 9001, Energy Star","Urządzenie HP Curved Gaming 34, kabel zasilający, instrukcja obsługi w j. polskim, karta gwarancyjna",Taktowanie magistrali: 3767 MHz; Poziom emisji hałasu: 18 dB; Pobór mocy znamionowy: 28 W; Architektura procesora: x86_64 / ARMv9; Wersja oprogramowania układowego (Firmware): v4.6.73,"Oryginalny produkt marki HP z serii Curved Gaming 34. Wysoka jakość wykonania, znakomita wydajność oraz energooszczędność. Gwarancja pełnej kompatybilności & wsparcie techniczne producenta w standardzie.",http://localhost:8000/detail.html?id=301,karta,7
302,Dell DeathAdder V3 #302,Klawiatury i Myszy,Dell,4652.59,PLN,Ostatnie 3 sztuki,Powystawowy,3.7,332,48 miesięcy,48,2026-04-28,True,SKU-10302,590000000302,Gwiezdna szarość,2.19,24 x 17 x 9 cm,Szkło hartowane i metal,Niemcy,USB-C Power Delivery 65W,"CE, RoHS, ISO 9001, Energy Star","Urządzenie Dell DeathAdder V3, kabel zasilający, instrukcja obsługi w j. polskim, karta gwarancyjna",Taktowanie magistrali: 4950 MHz; Poziom emisji hałasu: 38 dB; Pobór mocy znamionowy: 59 W; Architektura procesora: x86_64 / ARMv9; Wersja oprogramowania układowego (Firmware): v4.6.12,"Oryginalny produkt marki Dell z serii DeathAdder V3. Wysoka jakość wykonania, znakomita wydajność oraz energooszczędność. Gwarancja pełnej kompatybilności & wsparcie techniczne producenta w standardzie.",http://localhost:8000/detail.html?id=302,karta,7
303,HP UniFi U6 Pro #303,Akcesoria sieciowe,HP,3182.93,PLN,Ostatnie 3 sztuki,Nowy,4.9,335,48 miesięcy,48,2026-03-26,True,SKU-10303,590000000303,Gwiezdna szarość,2.79,13 x 23 x 8 cm,Stop magnezu i aluminium,Tajwan,Akumulator Li-Ion,"CE, RoHS, ISO 9001, Energy Star","Urządzenie HP UniFi U6 Pro, kabel zasilający, instrukcja obsługi w j. polskim, karta gwarancyjna",Taktowanie magistrali: 3248 MHz; Poziom emisji hałasu: 27 dB; Pobór mocy znamionowy: 103 W; Architektura procesora: x86_64 / ARMv9; Wersja oprogramowania układowego (Firmware): v1.7.26,"Oryginalny produkt marki HP z serii UniFi U6 Pro. Wysoka jakość wykonania, znakomita wydajność oraz energooszczędność. Gwarancja pełnej kompatybilności & wsparcie techniczne producenta w standardzie.",http://localhost:8000/detail.html?id=303,karta,7
304,Dell Legion Slim 5 #304,Laptopy,Dell,2919.65,EUR,Ostatnie 3 sztuki,Powystawowy,,0,Dożywotnia producenta,,2026-08-16,True,SKU-10304,590000000304,Srebrny,4.47,35 x 21 x 1 cm,Tworzywo ABS wzmocnione,Korea Południowa,Akumulator Li-Ion,"CE, RoHS, ISO 9001, Energy Star","Urządzenie Dell Legion Slim 5, kabel zasilający, instrukcja obsługi w j. polskim, karta gwarancyjna",Taktowanie magistrali: 3783 MHz; Poziom emisji hałasu: 31 dB; Pobór mocy znamionowy: 29 W; Architektura procesora: x86_64 / ARMv9; Wersja oprogramowania układowego (Firmware): v2.1.81,"Oryginalny produkt marki Dell z serii Legion Slim 5. Wysoka jakość wykonania, znakomita wydajność oraz energooszczędność. Gwarancja pełnej kompatybilności & wsparcie techniczne producenta w standardzie.",http://localhost:8000/detail.html?id=304,karta,7
305,Dell Nova 12 #305,Smartfony,Dell,7703.91,PLN,Ostatnie 3 sztuki,Odnowiony przez producenta,5.0,401,12 miesięcy,12,2026-04-25,True,SKU-10305,590000000305,Srebrny,3.23,34 x 26 x 8 cm,Aluminium szczotkowane,Chiny,Akumulator Li-Ion,"CE, RoHS, ISO 9001, Energy Star","Urządzenie Dell Nova 12, kabel zasilający, instrukcja obsługi w j. polskim, karta gwarancyjna",Taktowanie magistrali: 2831 MHz; Poziom emisji hałasu: 23 dB; Pobór mocy znamionowy: 95 W; Architektura procesora: x86_64 / ARMv9; Wersja oprogramowania układowego (Firmware): v1.3.56,"Oryginalny produkt marki Dell z serii Nova 12. Wysoka jakość wykonania, znakomita wydajność oraz energooszczędność. Gwarancja pełnej kompatybilności & wsparcie techniczne producenta w standardzie.",http://localhost:8000/detail.html?id=305,karta,7
306,Sony OnePlus Pad 2 #306,Tablety,Sony,6802.9,PLN,Wysyłka w 24h,Powystawowy,3.9,394,,,2026-06-06,True,SKU-10306,590000000306,Gwiezdna szarość,0.81,34 x 26 x 7 cm,Stop magnezu i aluminium,Niemcy,Baterie AAA / Akumulator,"CE, RoHS, ISO 9001, Energy Star","Urządzenie Sony OnePlus Pad 2, kabel zasilający, instrukcja obsługi w j. polskim, karta gwarancyjna",Taktowanie magistrali: 3574 MHz; Poziom emisji hałasu: 34 dB; Pobór mocy znamionowy: 36 W; Architektura procesora: x86_64 / ARMv9; Wersja oprogramowania układowego (Firmware): v1.4.57,"Oryginalny produkt marki Sony z serii OnePlus Pad 2. Wysoka jakość wykonania, znakomita wydajność oraz energooszczędność. Gwarancja pełnej kompatybilności & wsparcie techniczne producenta w standardzie.",http://localhost:8000/detail.html?id=306,karta,7
307,ASUS AirPods Pro 2 #307,Audio i Słuchawki,ASUS,4176.63,USD,Ostatnie 3 sztuki,Powystawowy,4.9,227,,,2026-04-22,True,SKU-10307,590000000307,Czarny mat,1.86,11 x 30 x 3 cm,Aluminium szczotkowane,Korea Południowa,USB-C Power Delivery 65W,"CE, RoHS, ISO 9001, Energy Star","Urządzenie ASUS AirPods Pro 2, kabel zasilający, instrukcja obsługi w j. polskim, karta gwarancyjna",Taktowanie magistrali: 6265 MHz; Poziom emisji hałasu: 20 dB; Pobór mocy znamionowy: 25 W; Architektura procesora: x86_64 / ARMv9; Wersja oprogramowania układowego (Firmware): v3.5.61,"Oryginalny produkt marki ASUS z serii AirPods Pro 2. Wysoka jakość wykonania, znakomita wydajność oraz energooszczędność. Gwarancja pełnej kompatybilności & wsparcie techniczne producenta w standardzie.",http://localhost:8000/detail.html?id=307,karta,7
308,ASUS Buds 2 Pro #308,Audio i Słuchawki,ASUS,7000.02,PLN,Dostępny w salonie,Odnowiony przez producenta,3.8,177,,,2026-10-06,True,SKU-10308,590000000308,Biały perłowy,3.18,38 x 30 x 7 cm,Tworzywo ABS wzmocnione,Niemcy,Sieciowe 230V,"CE, RoHS, ISO 9001, Energy Star","Urządzenie ASUS Buds 2 Pro, kabel zasilający, instrukcja obsługi w j. polskim, karta gwarancyjna",Taktowanie magistrali: 5268 MHz; Poziom emisji hałasu: 30 dB; Pobór mocy znamionowy: 72 W; Architektura procesora: x86_64 / ARMv9; Wersja oprogramowania układowego (Firmware): v2.8.89,"Oryginalny produkt marki ASUS z serii Buds 2 Pro. Wysoka jakość wykonania, znakomita wydajność oraz energooszczędność. Gwarancja pełnej kompatybilności & wsparcie techniczne producenta w standardzie.",http://localhost:8000/detail.html?id=308,karta,7
309,LG Legion Slim 5 #309,Laptopy,LG,5778.16,PLN,Dostępny w salonie,Powystawowy,4.1,277,12 miesięcy,12,2026-10-05,True,SKU-10309,590000000309,Gwiezdna szarość,3.77,19 x 23 x 9 cm,Aluminium szczotkowane,Polska,USB-C Power Delivery 65W,"CE, RoHS, ISO 9001, Energy Star","Urządzenie LG Legion Slim 5, kabel zasilający, instrukcja obsługi w j. polskim, karta gwarancyjna",Taktowanie magistrali: 5500 MHz; Poziom emisji hałasu: 38 dB; Pobór mocy znamionowy: 35 W; Architektura procesora: x86_64 / ARMv9; Wersja oprogramowania układowego (Firmware): v1.0.79,"Oryginalny produkt marki LG z serii Legion Slim 5. Wysoka jakość wykonania, znakomita wydajność oraz energooszczędność. Gwarancja pełnej kompatybilności & wsparcie techniczne producenta w standardzie.",http://localhost:8000/detail.html?id=309,karta,7
310,LG FireCuda 530 2TB #310,Dyski SSD,LG,6075.82,PLN,Ostatnie 3 sztuki,Nowy,4.0,294,48 miesięcy,48,2026-10-06,True,SKU-10310,590000000310,Srebrny,2.4,16 x 21 x 8 cm,Stop magnezu i aluminium,Polska,Baterie AAA / Akumulator,"CE, RoHS, ISO 9001, Energy Star","Urządzenie LG FireCuda 530 2TB, kabel zasilający, instrukcja obsługi w j. polskim, karta gwarancyjna",Taktowanie magistrali: 3834 MHz; Poziom emisji hałasu: 27 dB; Pobór mocy znamionowy: 51 W; Architektura procesora: x86_64 / ARMv9; Wersja oprogramowania układowego (Firmware): v2.6.76,"Oryginalny produkt marki LG z serii FireCuda 530 2TB. Wysoka jakość wykonania, znakomita wydajność oraz energooszczędność. Gwarancja pełnej kompatybilności & wsparcie techniczne producenta w standardzie.",http://localhost:8000/detail.html?id=310,karta,7
311,Lenovo WH-1000XM5 #311,Audio i Słuchawki,Lenovo,7118.22,PLN,Wysyłka w 24h,Odnowiony przez producenta,4.0,190,48 miesięcy,48,2026-06-26,True,SKU-10311,590000000311,Biały perłowy,3.73,14 x 26 x 3 cm,Polikarbonat i aluminium,Japonia,Akumulator Li-Ion,"CE, RoHS, ISO 9001, Energy Star","Urządzenie Lenovo WH-1000XM5, kabel zasilający, instrukcja obsługi w j. polskim, karta gwarancyjna",Taktowanie magistrali: 4793 MHz; Poziom emisji hałasu: 33 dB; Pobór mocy znamionowy: 96 W; Architektura procesora: x86_64 / ARMv9; Wersja oprogramowania układowego (Firmware): v4.7.98,"Oryginalny produkt marki Lenovo z serii WH-1000XM5. Wysoka jakość wykonania, znakomita wydajność oraz energooszczędność. Gwarancja pełnej kompatybilności & wsparcie techniczne producenta w standardzie.",http://localhost:8000/detail.html?id=311,karta,7
312,Samsung Nova 12 #312,Smartfony,Samsung,5996.32,PLN,W magazynie,Powystawowy,3.9,61,48 miesięcy,48,2026-08-02,True,SKU-10312,590000000312,Srebrny,4.46,19 x 19 x 8 cm,Stop magnezu i aluminium,Polska,Akumulator Li-Ion,"CE, RoHS, ISO 9001, Energy Star","Urządzenie Samsung Nova 12, kabel zasilający, instrukcja obsługi w j. polskim, karta gwarancyjna",Taktowanie magistrali: 3913 MHz; Poziom emisji hałasu: 36 dB; Pobór mocy znamionowy: 52 W; Architektura procesora: x86_64 / ARMv9; Wersja oprogramowania układowego (Firmware): v1.8.29,"Oryginalny produkt marki Samsung z serii Nova 12. Wysoka jakość wykonania, znakomita wydajność oraz energooszczędność. Gwarancja pełnej kompatybilności & wsparcie techniczne producenta w standardzie.",http://localhost:8000/detail.html?id=312,karta,7
313,Dell Momentum 4 #313,Audio i Słuchawki,Dell,1802.09,EUR,Wysyłka w 24h,Odnowiony przez producenta,4.1,63,12 miesięcy,12,2026-05-18,True,SKU-10313,590000000313,Granatowy metalik,0.73,14 x 26 x 8 cm,Polikarbonat i aluminium,Japonia,Akumulator Li-Ion,"CE, RoHS, ISO 9001, Energy Star","Urządzenie Dell Momentum 4, kabel zasilający, instrukcja obsługi w j. polskim, karta gwarancyjna",Taktowanie magistrali: 4370 MHz; Poziom emisji hałasu: 36 dB; Pobór mocy znamionowy: 54 W; Architektura procesora: x86_64 / ARMv9; Wersja oprogramowania układowego (Firmware): v4.5.58,"Oryginalny produkt marki Dell z serii Momentum 4. Wysoka jakość wykonania, znakomita wydajność oraz energooszczędność. Gwarancja pełnej kompatybilności & wsparcie techniczne producenta w standardzie.",http://localhost:8000/detail.html?id=313,karta,7
314,Lenovo OnePlus Pad 2 #314,Tablety,Lenovo,5025.36,PLN,Dostępny na zamówienie,Odnowiony przez producenta,4.8,174,48 miesięcy,48,2026-10-07,True,SKU-10314,590000000314,Czarny mat,2.95,12 x 16 x 10 cm,Szkło hartowane i metal,Korea Południowa,Sieciowe 230V,"CE, RoHS, ISO 9001, Energy Star","Urządzenie Lenovo OnePlus Pad 2, kabel zasilający, instrukcja obsługi w j. polskim, karta gwarancyjna",Taktowanie magistrali: 5946 MHz; Poziom emisji hałasu: 23 dB; Pobór mocy znamionowy: 105 W; Architektura procesora: x86_64 / ARMv9; Wersja oprogramowania układowego (Firmware): v1.9.90,"Oryginalny produkt marki Lenovo z serii OnePlus Pad 2. Wysoka jakość wykonania, znakomita wydajność oraz energooszczędność. Gwarancja pełnej kompatybilności & wsparcie techniczne producenta w standardzie.",http://localhost:8000/detail.html?id=314,karta,7
315,Logitech DeathAdder V3 #315,Klawiatury i Myszy,Logitech,1049.24,EUR,Dostępny na zamówienie,Powystawowy,3.5,10,24 miesiące,24,2026-03-05,True,SKU-10315,590000000315,Granatowy metalik,0.35,37 x 10 x 6 cm,Stop magnezu i aluminium,Japonia,Baterie AAA / Akumulator,"CE, RoHS, ISO 9001, Energy Star","Urządzenie Logitech DeathAdder V3, kabel zasilający, instrukcja obsługi w j. polskim, karta gwarancyjna",Taktowanie magistrali: 5836 MHz; Poziom emisji hałasu: 36 dB; Pobór mocy znamionowy: 71 W; Architektura procesora: x86_64 / ARMv9; Wersja oprogramowania układowego (Firmware): v1.8.87,"Oryginalny produkt marki Logitech z serii DeathAdder V3. Wysoka jakość wykonania, znakomita wydajność oraz energooszczędność. Gwarancja pełnej kompatybilności & wsparcie techniczne producenta w standardzie.",http://localhost:8000/detail.html?id=315,karta,7
316,LG Legion Slim 5 #316,Laptopy,LG,818.1,PLN,Dostępny na zamówienie,Nowy,4.2,147,,,2026-10-06,True,SKU-10316,590000000316,Czarny mat,3.25,19 x 22 x 2 cm,Stop magnezu i aluminium,Tajwan,Baterie AAA / Akumulator,"CE, RoHS, ISO 9001, Energy Star","Urządzenie LG Legion Slim 5, kabel zasilający, instrukcja obsługi w j. polskim, karta gwarancyjna",Taktowanie magistrali: 3656 MHz; Poziom emisji hałasu: 31 dB; Pobór mocy znamionowy: 101 W; Architektura procesora: x86_64 / ARMv9; Wersja oprogramowania układowego (Firmware): v2.0.88,"Oryginalny produkt marki LG z serii Legion Slim 5. Wysoka jakość wykonania, znakomita wydajność oraz energooszczędność. Gwarancja pełnej kompatybilności & wsparcie techniczne producenta w standardzie.",http://localhost:8000/detail.html?id=316,karta,7
317,Apple Surface Pro 9 #317,Tablety,Apple,7205.06,USD,Dostępny na zamówienie,Powystawowy,,0,Dożywotnia producenta,,2026-04-28,True,SKU-10317,590000000317,Granatowy metalik,1.92,25 x 10 x 7 cm,Stop magnezu i aluminium,Chiny,Sieciowe 230V,"CE, RoHS, ISO 9001, Energy Star","Urządzenie Apple Surface Pro 9, kabel zasilający, instrukcja obsługi w j. polskim, karta gwarancyjna",Taktowanie magistrali: 4483 MHz; Poziom emisji hałasu: 34 dB; Pobór mocy znamionowy: 64 W; Architektura procesora: x86_64 / ARMv9; Wersja oprogramowania układowego (Firmware): v1.4.17,"Oryginalny produkt marki Apple z serii Surface Pro 9. Wysoka jakość wykonania, znakomita wydajność oraz energooszczędność. Gwarancja pełnej kompatybilności & wsparcie techniczne producenta w standardzie.",http://localhost:8000/detail.html?id=317,karta,7
318,LG T7 Shield 2TB #318,Dyski SSD,LG,2044.9,PLN,Ostatnie 3 sztuki,Nowy,4.6,156,48 miesięcy,48,2026-03-23,True,SKU-10318,590000000318,Granatowy metalik,4.29,40 x 27 x 8 cm,Aluminium szczotkowane,Polska,Baterie AAA / Akumulator,"CE, RoHS, ISO 9001, Energy Star","Urządzenie LG T7 Shield 2TB, kabel zasilający, instrukcja obsługi w j. polskim, karta gwarancyjna",Taktowanie magistrali: 4449 MHz; Poziom emisji hałasu: 24 dB; Pobór mocy znamionowy: 115 W; Architektura procesora: x86_64 / ARMv9; Wersja oprogramowania układowego (Firmware): v2.5.79,"Oryginalny produkt marki LG z serii T7 Shield 2TB. Wysoka jakość wykonania, znakomita wydajność oraz energooszczędność. Gwarancja pełnej kompatybilności & wsparcie techniczne producenta w standardzie.",http://localhost:8000/detail.html?id=318,karta,7
319,HP 990 PRO 2TB #319,Dyski SSD,HP,7381.3,PLN,Dostępny w salonie,Nowy,3.7,349,36 miesięcy,36,2026-04-05,True,SKU-10319,590000000319,Srebrny,0.54,32 x 13 x 3 cm,Szkło hartowane i metal,Chiny,USB-C Power Delivery 65W,"CE, RoHS, ISO 9001, Energy Star","Urządzenie HP 990 PRO 2TB, kabel zasilający, instrukcja obsługi w j. polskim, karta gwarancyjna",Taktowanie magistrali: 5843 MHz; Poziom emisji hałasu: 34 dB; Pobór mocy znamionowy: 51 W; Architektura procesora: x86_64 / ARMv9; Wersja oprogramowania układowego (Firmware): v1.2.78,"Oryginalny produkt marki HP z serii 990 PRO 2TB. Wysoka jakość wykonania, znakomita wydajność oraz energooszczędność. Gwarancja pełnej kompatybilności & wsparcie techniczne producenta w standardzie.",http://localhost:8000/detail.html?id=319,karta,7
320,Samsung WF-1000XM5 #320,Audio i Słuchawki,Samsung,6435.25,PLN,Ostatnie 3 sztuki,Odnowiony przez producenta,4.9,326,48 miesięcy,48,2026-10-05,True,SKU-10320,590000000320,Czarny mat,2.8,10 x 10 x 3 cm,Szkło hartowane i metal,Japonia,Baterie AAA / Akumulator,"CE, RoHS, ISO 9001, Energy Star","Urządzenie Samsung WF-1000XM5, kabel zasilający, instrukcja obsługi w j. polskim, karta gwarancyjna",Taktowanie magistrali: 3799 MHz; Poziom emisji hałasu: 24 dB; Pobór mocy znamionowy: 73 W; Architektura procesora: x86_64 / ARMv9; Wersja oprogramowania układowego (Firmware): v3.0.98,"Oryginalny produkt marki Samsung z serii WF-1000XM5. Wysoka jakość wykonania, znakomita wydajność oraz energooszczędność. Gwarancja pełnej kompatybilności & wsparcie techniczne producenta w standardzie.",http://localhost:8000/detail.html?id=320,karta,7
321,LG WH-1000XM5 #321,Audio i Słuchawki,LG,5226.87,PLN,Wysyłka w 24h,Nowy,,0,,,2026-03-13,True,SKU-10321,590000000321,Czarny mat,0.69,21 x 16 x 8 cm,Stop magnezu i aluminium,Polska,Sieciowe 230V,"CE, RoHS, ISO 9001, Energy Star","Urządzenie LG WH-1000XM5, kabel zasilający, instrukcja obsługi w j. polskim, karta gwarancyjna",Taktowanie magistrali: 2905 MHz; Poziom emisji hałasu: 29 dB; Pobór mocy znamionowy: 119 W; Architektura procesora: x86_64 / ARMv9; Wersja oprogramowania układowego (Firmware): v4.9.55,"Oryginalny produkt marki LG z serii WH-1000XM5. Wysoka jakość wykonania, znakomita wydajność oraz energooszczędność. Gwarancja pełnej kompatybilności & wsparcie techniczne producenta w standardzie.",http://localhost:8000/detail.html?id=321,karta,7
322,Sony KC3000 1TB #322,Dyski SSD,Sony,4945.2,PLN,Wysyłka w 24h,Nowy,4.5,120,36 miesięcy,36,2026-06-22,True,SKU-10322,590000000322,Srebrny,2.63,25 x 15 x 9 cm,Szkło hartowane i metal,Niemcy,Akumulator Li-Ion,"CE, RoHS, ISO 9001, Energy Star","Urządzenie Sony KC3000 1TB, kabel zasilający, instrukcja obsługi w j. polskim, karta gwarancyjna",Taktowanie magistrali: 4418 MHz; Poziom emisji hałasu: 37 dB; Pobór mocy znamionowy: 41 W; Architektura procesora: x86_64 / ARMv9; Wersja oprogramowania układowego (Firmware): v1.3.91,"Oryginalny produkt marki Sony z serii KC3000 1TB. Wysoka jakość wykonania, znakomita wydajność oraz energooszczędność. Gwarancja pełnej kompatybilności & wsparcie techniczne producenta w standardzie.",http://localhost:8000/detail.html?id=322,karta,7
323,Kingston Pixel 8 Pro #323,Smartfony,Kingston,1105.7,PLN,W magazynie,Powystawowy,4.7,268,36 miesięcy,36,2026-03-12,True,SKU-10323,590000000323,Czarny mat,3.86,20 x 23 x 7 cm,Aluminium szczotkowane,Tajwan,Baterie AAA / Akumulator,"CE, RoHS, ISO 9001, Energy Star","Urządzenie Kingston Pixel 8 Pro, kabel zasilający, instrukcja obsługi w j. polskim, karta gwarancyjna",Taktowanie magistrali: 2494 MHz; Poziom emisji hałasu: 35 dB; Pobór mocy znamionowy: 93 W; Architektura procesora: x86_64 / ARMv9; Wersja oprogramowania układowego (Firmware): v3.8.68,"Oryginalny produkt marki Kingston z serii Pixel 8 Pro. Wysoka jakość wykonania, znakomita wydajność oraz energooszczędność. Gwarancja pełnej kompatybilności & wsparcie techniczne producenta w standardzie.",http://localhost:8000/detail.html?id=323,karta,7
324,Sony RT-AX88U Pro #324,Akcesoria sieciowe,Sony,7081.04,PLN,Wysyłka w 24h,Nowy,3.7,216,36 miesięcy,36,2026-05-24,True,SKU-10324,590000000324,Gwiezdna szarość,1.01,20 x 19 x 2 cm,Aluminium szczotkowane,Chiny,Sieciowe 230V,"CE, RoHS, ISO 9001, Energy Star","Urządzenie Sony RT-AX88U Pro, kabel zasilający, instrukcja obsługi w j. polskim, karta gwarancyjna",Taktowanie magistrali: 3197 MHz; Poziom emisji hałasu: 28 dB; Pobór mocy znamionowy: 25 W; Architektura procesora: x86_64 / ARMv9; Wersja oprogramowania układowego (Firmware): v1.3.98,"Oryginalny produkt marki Sony z serii RT-AX88U Pro. Wysoka jakość wykonania, znakomita wydajność oraz energooszczędność. Gwarancja pełnej kompatybilności & wsparcie techniczne producenta w standardzie.",http://localhost:8000/detail.html?id=324,karta,7
325,ASUS MikroTik hAP ax3 #325,Akcesoria sieciowe,ASUS,6397.05,PLN,W magazynie,Odnowiony przez producenta,4.7,127,,,2026-06-06,True,SKU-10325,590000000325,Granatowy metalik,2.06,13 x 30 x 8 cm,Aluminium szczotkowane,Korea Południowa,Sieciowe 230V,"CE, RoHS, ISO 9001, Energy Star","Urządzenie ASUS MikroTik hAP ax3, kabel zasilający, instrukcja obsługi w j. polskim, karta gwarancyjna",Taktowanie magistrali: 5809 MHz; Poziom emisji hałasu: 19 dB; Pobór mocy znamionowy: 120 W; Architektura procesora: x86_64 / ARMv9; Wersja oprogramowania układowego (Firmware): v3.8.40,"Oryginalny produkt marki ASUS z serii MikroTik hAP ax3. Wysoka jakość wykonania, znakomita wydajność oraz energooszczędność. Gwarancja pełnej kompatybilności & wsparcie techniczne producenta w standardzie.",http://localhost:8000/detail.html?id=325,karta,7
326,Dell Latitude 5540 #326,Laptopy,Dell,6795.77,PLN,W magazynie,Odnowiony przez producenta,,0,,,2026-08-18,True,SKU-10326,590000000326,Czarny mat,1.43,22 x 22 x 2 cm,Polikarbonat i aluminium,Korea Południowa,Akumulator Li-Ion,"CE, RoHS, ISO 9001, Energy Star","Urządzenie Dell Latitude 5540, kabel zasilający, instrukcja obsługi w j. polskim, karta gwarancyjna",Taktowanie magistrali: 3634 MHz; Poziom emisji hałasu: 37 dB; Pobór mocy znamionowy: 95 W; Architektura procesora: x86_64 / ARMv9; Wersja oprogramowania układowego (Firmware): v4.1.23,"Oryginalny produkt marki Dell z serii Latitude 5540. Wysoka jakość wykonania, znakomita wydajność oraz energooszczędność. Gwarancja pełnej kompatybilności & wsparcie techniczne producenta w standardzie.",http://localhost:8000/detail.html?id=326,tabela,7
327,Logitech Latitude 5540 #327,Laptopy,Logitech,3481.04,PLN,Dostępny w salonie,Odnowiony przez producenta,3.4,334,12 miesięcy,12,2026-04-22,True,SKU-10327,590000000327,Czarny mat,2.73,36 x 16 x 10 cm,Szkło hartowane i metal,Niemcy,USB-C Power Delivery 65W,"CE, RoHS, ISO 9001, Energy Star","Urządzenie Logitech Latitude 5540, kabel zasilający, instrukcja obsługi w j. polskim, karta gwarancyjna",Taktowanie magistrali: 3744 MHz; Poziom emisji hałasu: 36 dB; Pobór mocy znamionowy: 39 W; Architektura procesora: x86_64 / ARMv9; Wersja oprogramowania układowego (Firmware): v1.1.11,"Oryginalny produkt marki Logitech z serii Latitude 5540. Wysoka jakość wykonania, znakomita wydajność oraz energooszczędność. Gwarancja pełnej kompatybilności & wsparcie techniczne producenta w standardzie.",http://localhost:8000/detail.html?id=327,tabela,7
328,ASUS Surface Pro 9 #328,Tablety,ASUS,3611.53,PLN,Dostępny w salonie,Nowy,4.6,31,,,2026-04-23,True,SKU-10328,590000000328,Gwiezdna szarość,2.19,29 x 20 x 5 cm,Aluminium szczotkowane,Tajwan,Akumulator Li-Ion,"CE, RoHS, ISO 9001, Energy Star","Urządzenie ASUS Surface Pro 9, kabel zasilający, instrukcja obsługi w j. polskim, karta gwarancyjna",Taktowanie magistrali: 6331 MHz; Poziom emisji hałasu: 38 dB; Pobór mocy znamionowy: 111 W; Architektura procesora: x86_64 / ARMv9; Wersja oprogramowania układowego (Firmware): v3.4.84,"Oryginalny produkt marki ASUS z serii Surface Pro 9. Wysoka jakość wykonania, znakomita wydajność oraz energooszczędność. Gwarancja pełnej kompatybilności & wsparcie techniczne producenta w standardzie.",http://localhost:8000/detail.html?id=328,tabela,7
329,Samsung ThinkPad T14 #329,Laptopy,Samsung,1642.72,PLN,Dostępny na zamówienie,Odnowiony przez producenta,4.8,403,,,2026-03-15,True,SKU-10329,590000000329,Srebrny,1.97,15 x 13 x 8 cm,Polikarbonat i aluminium,Polska,Akumulator Li-Ion,"CE, RoHS, ISO 9001, Energy Star","Urządzenie Samsung ThinkPad T14, kabel zasilający, instrukcja obsługi w j. polskim, karta gwarancyjna",Taktowanie magistrali: 4348 MHz; Poziom emisji hałasu: 32 dB; Pobór mocy znamionowy: 91 W; Architektura procesora: x86_64 / ARMv9; Wersja oprogramowania układowego (Firmware): v3.9.82,"Oryginalny produkt marki Samsung z serii ThinkPad T14. Wysoka jakość wykonania, znakomita wydajność oraz energooszczędność. Gwarancja pełnej kompatybilności & wsparcie techniczne producenta w standardzie.",http://localhost:8000/detail.html?id=329,tabela,7
330,Samsung MacBook Air M3 #330,Laptopy,Samsung,1782.79,PLN,W magazynie,Odnowiony przez producenta,4.6,418,48 miesięcy,48,2026-05-22,True,SKU-10330,590000000330,Czarny mat,0.77,24 x 16 x 10 cm,Aluminium szczotkowane,Tajwan,Sieciowe 230V,"CE, RoHS, ISO 9001, Energy Star","Urządzenie Samsung MacBook Air M3, kabel zasilający, instrukcja obsługi w j. polskim, karta gwarancyjna",Taktowanie magistrali: 3154 MHz; Poziom emisji hałasu: 18 dB; Pobór mocy znamionowy: 61 W; Architektura procesora: x86_64 / ARMv9; Wersja oprogramowania układowego (Firmware): v1.1.55,"Oryginalny produkt marki Samsung z serii MacBook Air M3. Wysoka jakość wykonania, znakomita wydajność oraz energooszczędność. Gwarancja pełnej kompatybilności & wsparcie techniczne producenta w standardzie.",http://localhost:8000/detail.html?id=330,tabela,7
331,Samsung G Pro X Superlight #331,Klawiatury i Myszy,Samsung,7093.52,PLN,W magazynie,Powystawowy,3.8,284,24 miesiące,24,2026-07-18,True,SKU-10331,590000000331,Gwiezdna szarość,1.48,17 x 21 x 6 cm,Stop magnezu i aluminium,Chiny,Baterie AAA / Akumulator,"CE, RoHS, ISO 9001, Energy Star","Urządzenie Samsung G Pro X Superlight, kabel zasilający, instrukcja obsługi w j. polskim, karta gwarancyjna",Taktowanie magistrali: 5852 MHz; Poziom emisji hałasu: 26 dB; Pobór mocy znamionowy: 27 W; Architektura procesora: x86_64 / ARMv9; Wersja oprogramowania układowego (Firmware): v1.2.58,"Oryginalny produkt marki Samsung z serii G Pro X Superlight. Wysoka jakość wykonania, znakomita wydajność oraz energooszczędność. Gwarancja pełnej kompatybilności & wsparcie techniczne producenta w standardzie.",http://localhost:8000/detail.html?id=331,tabela,7
332,Lenovo Pixel 8 Pro #332,Smartfony,Lenovo,1132.28,EUR,Ostatnie 3 sztuki,Powystawowy,4.2,356,Dożywotnia producenta,,2026-03-23,True,SKU-10332,590000000332,Gwiezdna szarość,0.38,35 x 18 x 3 cm,Szkło hartowane i metal,Korea Południowa,Baterie AAA / Akumulator,"CE, RoHS, ISO 9001, Energy Star","Urządzenie Lenovo Pixel 8 Pro, kabel zasilający, instrukcja obsługi w j. polskim, karta gwarancyjna",Taktowanie magistrali: 3401 MHz; Poziom emisji hałasu: 19 dB; Pobór mocy znamionowy: 112 W; Architektura procesora: x86_64 / ARMv9; Wersja oprogramowania układowego (Firmware): v2.8.47,"Oryginalny produkt marki Lenovo z serii Pixel 8 Pro. Wysoka jakość wykonania, znakomita wydajność oraz energooszczędność. Gwarancja pełnej kompatybilności & wsparcie techniczne producenta w standardzie.",http://localhost:8000/detail.html?id=332,tabela,7
333,Lenovo Ergo K860 #333,Klawiatury i Myszy,Lenovo,5340.67,PLN,Wysyłka w 24h,Odnowiony przez producenta,,0,Dożywotnia producenta,,2026-10-04,True,SKU-10333,590000000333,Biały perłowy,2.21,28 x 22 x 10 cm,Aluminium szczotkowane,Chiny,Akumulator Li-Ion,"CE, RoHS, ISO 9001, Energy Star","Urządzenie Lenovo Ergo K860, kabel zasilający, instrukcja obsługi w j. polskim, karta gwarancyjna",Taktowanie magistrali: 3133 MHz; Poziom emisji hałasu: 28 dB; Pobór mocy znamionowy: 106 W; Architektura procesora: x86_64 / ARMv9; Wersja oprogramowania układowego (Firmware): v3.8.98,"Oryginalny produkt marki Lenovo z serii Ergo K860. Wysoka jakość wykonania, znakomita wydajność oraz energooszczędność. Gwarancja pełnej kompatybilności & wsparcie techniczne producenta w standardzie.",http://localhost:8000/detail.html?id=333,tabela,7
334,Samsung Apex Pro TKL #334,Klawiatury i Myszy,Samsung,3226.61,EUR,Ostatnie 3 sztuki,Odnowiony przez producenta,4.8,293,,,2026-10-07,True,SKU-10334,590000000334,Czarny mat,2.17,29 x 20 x 7 cm,Polikarbonat i aluminium,Japonia,Baterie AAA / Akumulator,"CE, RoHS, ISO 9001, Energy Star","Urządzenie Samsung Apex Pro TKL, kabel zasilający, instrukcja obsługi w j. polskim, karta gwarancyjna",Taktowanie magistrali: 2950 MHz; Poziom emisji hałasu: 20 dB; Pobór mocy znamionowy: 52 W; Architektura procesora: x86_64 / ARMv9; Wersja oprogramowania układowego (Firmware): v4.8.55,"Oryginalny produkt marki Samsung z serii Apex Pro TKL. Wysoka jakość wykonania, znakomita wydajność oraz energooszczędność. Gwarancja pełnej kompatybilności & wsparcie techniczne producenta w standardzie.",http://localhost:8000/detail.html?id=334,tabela,7
335,Sony Major IV Bluetooth #335,Audio i Słuchawki,Sony,2255.85,PLN,W magazynie,Nowy,,0,36 miesięcy,36,2026-06-02,True,SKU-10335,590000000335,Czarny mat,1.72,27 x 16 x 6 cm,Tworzywo ABS wzmocnione,Niemcy,USB-C Power Delivery 65W,"CE, RoHS, ISO 9001, Energy Star","Urządzenie Sony Major IV Bluetooth, kabel zasilający, instrukcja obsługi w j. polskim, karta gwarancyjna",Taktowanie magistrali: 6092 MHz; Poziom emisji hałasu: 20 dB; Pobór mocy znamionowy: 52 W; Architektura procesora: x86_64 / ARMv9; Wersja oprogramowania układowego (Firmware): v1.4.39,"Oryginalny produkt marki Sony z serii Major IV Bluetooth. Wysoka jakość wykonania, znakomita wydajność oraz energooszczędność. Gwarancja pełnej kompatybilności & wsparcie techniczne producenta w standardzie.",http://localhost:8000/detail.html?id=335,tabela,7
336,Apple KC3000 1TB #336,Dyski SSD,Apple,7983.17,PLN,W magazynie,Powystawowy,4.6,379,36 miesięcy,36,2026-06-17,True,SKU-10336,590000000336,Granatowy metalik,4.45,40 x 14 x 7 cm,Stop magnezu i aluminium,Niemcy,Akumulator Li-Ion,"CE, RoHS, ISO 9001, Energy Star","Urządzenie Apple KC3000 1TB, kabel zasilający, instrukcja obsługi w j. polskim, karta gwarancyjna",Taktowanie magistrali: 3554 MHz; Poziom emisji hałasu: 29 dB; Pobór mocy znamionowy: 115 W; Architektura procesora: x86_64 / ARMv9; Wersja oprogramowania układowego (Firmware): v4.6.84,"Oryginalny produkt marki Apple z serii KC3000 1TB. Wysoka jakość wykonania, znakomita wydajność oraz energooszczędność. Gwarancja pełnej kompatybilności & wsparcie techniczne producenta w standardzie.",http://localhost:8000/detail.html?id=336,tabela,7
337,Samsung RT-AX88U Pro #337,Akcesoria sieciowe,Samsung,4464.66,PLN,W magazynie,Powystawowy,4.7,175,36 miesięcy,36,2026-05-15,True,SKU-10337,590000000337,Gwiezdna szarość,2.66,14 x 19 x 1 cm,Tworzywo ABS wzmocnione,Japonia,USB-C Power Delivery 65W,"CE, RoHS, ISO 9001, Energy Star","Urządzenie Samsung RT-AX88U Pro, kabel zasilający, instrukcja obsługi w j. polskim, karta gwarancyjna",Taktowanie magistrali: 5554 MHz; Poziom emisji hałasu: 31 dB; Pobór mocy znamionowy: 41 W; Architektura procesora: x86_64 / ARMv9; Wersja oprogramowania układowego (Firmware): v4.7.81,"Oryginalny produkt marki Samsung z serii RT-AX88U Pro. Wysoka jakość wykonania, znakomita wydajność oraz energooszczędność. Gwarancja pełnej kompatybilności & wsparcie techniczne producenta w standardzie.",http://localhost:8000/detail.html?id=337,tabela,7
338,ASUS Apex Pro TKL #338,Klawiatury i Myszy,ASUS,3285.61,PLN,Wysyłka w 24h,Nowy,4.2,167,Dożywotnia producenta,,2026-07-28,True,SKU-10338,590000000338,Granatowy metalik,1.83,25 x 13 x 6 cm,Polikarbonat i aluminium,Korea Południowa,USB-C Power Delivery 65W,"CE, RoHS, ISO 9001, Energy Star","Urządzenie ASUS Apex Pro TKL, kabel zasilający, instrukcja obsługi w j. polskim, karta gwarancyjna",Taktowanie magistrali: 3029 MHz; Poziom emisji hałasu: 28 dB; Pobór mocy znamionowy: 87 W; Architektura procesora: x86_64 / ARMv9; Wersja oprogramowania układowego (Firmware): v4.6.36,"Oryginalny produkt marki ASUS z serii Apex Pro TKL. Wysoka jakość wykonania, znakomita wydajność oraz energooszczędność. Gwarancja pełnej kompatybilności & wsparcie techniczne producenta w standardzie.",http://localhost:8000/detail.html?id=338,tabela,7
339,HP iPhone 15 Pro #339,Smartfony,HP,1502.33,PLN,Dostępny na zamówienie,Odnowiony przez producenta,4.3,14,12 miesięcy,12,2026-06-21,True,SKU-10339,590000000339,Czarny mat,0.9,37 x 23 x 7 cm,Aluminium szczotkowane,Niemcy,Akumulator Li-Ion,"CE, RoHS, ISO 9001, Energy Star","Urządzenie HP iPhone 15 Pro, kabel zasilający, instrukcja obsługi w j. polskim, karta gwarancyjna",Taktowanie magistrali: 3243 MHz; Poziom emisji hałasu: 25 dB; Pobór mocy znamionowy: 52 W; Architektura procesora: x86_64 / ARMv9; Wersja oprogramowania układowego (Firmware): v1.7.17,"Oryginalny produkt marki HP z serii iPhone 15 Pro. Wysoka jakość wykonania, znakomita wydajność oraz energooszczędność. Gwarancja pełnej kompatybilności & wsparcie techniczne producenta w standardzie.",http://localhost:8000/detail.html?id=339,tabela,7
340,Logitech Buds 2 Pro #340,Audio i Słuchawki,Logitech,7644.26,PLN,Wysyłka w 24h,Powystawowy,3.4,106,48 miesięcy,48,2026-03-31,True,SKU-10340,590000000340,Gwiezdna szarość,0.18,14 x 24 x 2 cm,Szkło hartowane i metal,Japonia,Akumulator Li-Ion,"CE, RoHS, ISO 9001, Energy Star","Urządzenie Logitech Buds 2 Pro, kabel zasilający, instrukcja obsługi w j. polskim, karta gwarancyjna",Taktowanie magistrali: 4755 MHz; Poziom emisji hałasu: 27 dB; Pobór mocy znamionowy: 90 W; Architektura procesora: x86_64 / ARMv9; Wersja oprogramowania układowego (Firmware): v2.8.97,"Oryginalny produkt marki Logitech z serii Buds 2 Pro. Wysoka jakość wykonania, znakomita wydajność oraz energooszczędność. Gwarancja pełnej kompatybilności & wsparcie techniczne producenta w standardzie.",http://localhost:8000/detail.html?id=340,tabela,7
341,Kingston Surface Pro 9 #341,Tablety,Kingston,4650.45,PLN,Wysyłka w 24h,Powystawowy,3.7,234,36 miesięcy,36,2026-03-29,True,SKU-10341,590000000341,Biały perłowy,4.11,15 x 28 x 2 cm,Aluminium szczotkowane,Japonia,Akumulator Li-Ion,"CE, RoHS, ISO 9001, Energy Star","Urządzenie Kingston Surface Pro 9, kabel zasilający, instrukcja obsługi w j. polskim, karta gwarancyjna",Taktowanie magistrali: 5772 MHz; Poziom emisji hałasu: 23 dB; Pobór mocy znamionowy: 68 W; Architektura procesora: x86_64 / ARMv9; Wersja oprogramowania układowego (Firmware): v2.2.89,"Oryginalny produkt marki Kingston z serii Surface Pro 9. Wysoka jakość wykonania, znakomita wydajność oraz energooszczędność. Gwarancja pełnej kompatybilności & wsparcie techniczne producenta w standardzie.",http://localhost:8000/detail.html?id=341,tabela,7
342,Apple Curved Gaming 34 #342,Monitory,Apple,5365.59,PLN,Dostępny w salonie,Powystawowy,,0,24 miesiące,24,2026-05-19,True,SKU-10342,590000000342,Biały perłowy,2.11,18 x 16 x 9 cm,Polikarbonat i aluminium,Polska,Sieciowe 230V,"CE, RoHS, ISO 9001, Energy Star","Urządzenie Apple Curved Gaming 34, kabel zasilający, instrukcja obsługi w j. polskim, karta gwarancyjna",Taktowanie magistrali: 5520 MHz; Poziom emisji hałasu: 35 dB; Pobór mocy znamionowy: 30 W; Architektura procesora: x86_64 / ARMv9; Wersja oprogramowania układowego (Firmware): v3.1.23,"Oryginalny produkt marki Apple z serii Curved Gaming 34. Wysoka jakość wykonania, znakomita wydajność oraz energooszczędność. Gwarancja pełnej kompatybilności & wsparcie techniczne producenta w standardzie.",http://localhost:8000/detail.html?id=342,tabela,7
343,Logitech Nord 4 #343,Smartfony,Logitech,3253.8,PLN,Dostępny w salonie,Odnowiony przez producenta,3.3,129,,,2026-06-10,True,SKU-10343,590000000343,Gwiezdna szarość,3.25,24 x 14 x 8 cm,Stop magnezu i aluminium,Tajwan,Akumulator Li-Ion,"CE, RoHS, ISO 9001, Energy Star","Urządzenie Logitech Nord 4, kabel zasilający, instrukcja obsługi w j. polskim, karta gwarancyjna",Taktowanie magistrali: 5145 MHz; Poziom emisji hałasu: 32 dB; Pobór mocy znamionowy: 77 W; Architektura procesora: x86_64 / ARMv9; Wersja oprogramowania układowego (Firmware): v4.1.20,"Oryginalny produkt marki Logitech z serii Nord 4. Wysoka jakość wykonania, znakomita wydajność oraz energooszczędność. Gwarancja pełnej kompatybilności & wsparcie techniczne producenta w standardzie.",http://localhost:8000/detail.html?id=343,tabela,7
344,Kingston XPS 15 #344,Laptopy,Kingston,1079.8,PLN,Wysyłka w 24h,Odnowiony przez producenta,3.5,344,36 miesięcy,36,2026-05-12,True,SKU-10344,590000000344,Czarny mat,3.79,35 x 26 x 2 cm,Tworzywo ABS wzmocnione,Japonia,Baterie AAA / Akumulator,"CE, RoHS, ISO 9001, Energy Star","Urządzenie Kingston XPS 15, kabel zasilający, instrukcja obsługi w j. polskim, karta gwarancyjna",Taktowanie magistrali: 3866 MHz; Poziom emisji hałasu: 23 dB; Pobór mocy znamionowy: 42 W; Architektura procesora: x86_64 / ARMv9; Wersja oprogramowania układowego (Firmware): v1.8.37,"Oryginalny produkt marki Kingston z serii XPS 15. Wysoka jakość wykonania, znakomita wydajność oraz energooszczędność. Gwarancja pełnej kompatybilności & wsparcie techniczne producenta w standardzie.",http://localhost:8000/detail.html?id=344,tabela,7
345,Kingston ThinkPad T14 #345,Laptopy,Kingston,3080.42,PLN,W magazynie,Odnowiony przez producenta,3.6,123,12 miesięcy,12,2026-08-25,True,SKU-10345,590000000345,Gwiezdna szarość,3.3,11 x 23 x 9 cm,Tworzywo ABS wzmocnione,Polska,USB-C Power Delivery 65W,"CE, RoHS, ISO 9001, Energy Star","Urządzenie Kingston ThinkPad T14, kabel zasilający, instrukcja obsługi w j. polskim, karta gwarancyjna",Taktowanie magistrali: 2459 MHz; Poziom emisji hałasu: 28 dB; Pobór mocy znamionowy: 120 W; Architektura procesora: x86_64 / ARMv9; Wersja oprogramowania układowego (Firmware): v2.1.38,"Oryginalny produkt marki Kingston z serii ThinkPad T14. Wysoka jakość wykonania, znakomita wydajność oraz energooszczędność. Gwarancja pełnej kompatybilności & wsparcie techniczne producenta w standardzie.",http://localhost:8000/detail.html?id=345,tabela,7
346,Kingston MX Keys Mini #346,Klawiatury i Myszy,Kingston,3220.0,USD,Ostatnie 3 sztuki,Nowy,3.6,55,24 miesiące,24,2026-05-22,True,SKU-10346,590000000346,Srebrny,2.98,21 x 11 x 2 cm,Polikarbonat i aluminium,Niemcy,USB-C Power Delivery 65W,"CE, RoHS, ISO 9001, Energy Star","Urządzenie Kingston MX Keys Mini, kabel zasilający, instrukcja obsługi w j. polskim, karta gwarancyjna",Taktowanie magistrali: 5078 MHz; Poziom emisji hałasu: 28 dB; Pobór mocy znamionowy: 16 W; Architektura procesora: x86_64 / ARMv9; Wersja oprogramowania układowego (Firmware): v4.3.68,"Oryginalny produkt marki Kingston z serii MX Keys Mini. Wysoka jakość wykonania, znakomita wydajność oraz energooszczędność. Gwarancja pełnej kompatybilności & wsparcie techniczne producenta w standardzie.",http://localhost:8000/detail.html?id=346,tabela,7
347,Lenovo Fritz!Box 7590 AX #347,Akcesoria sieciowe,Lenovo,7924.2,PLN,Dostępny na zamówienie,Nowy,3.5,49,48 miesięcy,48,2026-06-08,True,SKU-10347,590000000347,Granatowy metalik,4.12,24 x 22 x 9 cm,Stop magnezu i aluminium,Chiny,Sieciowe 230V,"CE, RoHS, ISO 9001, Energy Star","Urządzenie Lenovo Fritz!Box 7590 AX, kabel zasilający, instrukcja obsługi w j. polskim, karta gwarancyjna",Taktowanie magistrali: 3118 MHz; Poziom emisji hałasu: 38 dB; Pobór mocy znamionowy: 112 W; Architektura procesora: x86_64 / ARMv9; Wersja oprogramowania układowego (Firmware): v3.7.18,"Oryginalny produkt marki Lenovo z serii Fritz!Box 7590 AX. Wysoka jakość wykonania, znakomita wydajność oraz energooszczędność. Gwarancja pełnej kompatybilności & wsparcie techniczne producenta w standardzie.",http://localhost:8000/detail.html?id=347,tabela,7
348,Dell DeathAdder V3 #348,Klawiatury i Myszy,Dell,1079.04,PLN,W magazynie,Nowy,4.0,125,12 miesięcy,12,2026-05-29,True,SKU-10348,590000000348,Granatowy metalik,4.45,24 x 20 x 3 cm,Tworzywo ABS wzmocnione,Tajwan,Sieciowe 230V,"CE, RoHS, ISO 9001, Energy Star","Urządzenie Dell DeathAdder V3, kabel zasilający, instrukcja obsługi w j. polskim, karta gwarancyjna",Taktowanie magistrali: 4442 MHz; Poziom emisji hałasu: 27 dB; Pobór mocy znamionowy: 40 W; Architektura procesora: x86_64 / ARMv9; Wersja oprogramowania układowego (Firmware): v2.6.36,"Oryginalny produkt marki Dell z serii DeathAdder V3. Wysoka jakość wykonania, znakomita wydajność oraz energooszczędność. Gwarancja pełnej kompatybilności & wsparcie techniczne producenta w standardzie.",http://localhost:8000/detail.html?id=348,tabela,7
349,Apple Major IV Bluetooth #349,Audio i Słuchawki,Apple,6789.79,PLN,Ostatnie 3 sztuki,Powystawowy,3.6,277,,,2026-03-10,True,SKU-10349,590000000349,Czarny mat,0.43,25 x 12 x 4 cm,Stop magnezu i aluminium,Polska,Akumulator Li-Ion,"CE, RoHS, ISO 9001, Energy Star","Urządzenie Apple Major IV Bluetooth, kabel zasilający, instrukcja obsługi w j. polskim, karta gwarancyjna",Taktowanie magistrali: 5251 MHz; Poziom emisji hałasu: 25 dB; Pobór mocy znamionowy: 92 W; Architektura procesora: x86_64 / ARMv9; Wersja oprogramowania układowego (Firmware): v4.8.51,"Oryginalny produkt marki Apple z serii Major IV Bluetooth. Wysoka jakość wykonania, znakomita wydajność oraz energooszczędność. Gwarancja pełnej kompatybilności & wsparcie techniczne producenta w standardzie.",http://localhost:8000/detail.html?id=349,tabela,7
350,Lenovo Odyssey G7 #350,Monitory,Lenovo,6665.64,PLN,Dostępny w salonie,Powystawowy,3.6,41,48 miesięcy,48,2026-10-06,True,SKU-10350,590000000350,Gwiezdna szarość,1.33,35 x 25 x 2 cm,Polikarbonat i aluminium,Tajwan,Baterie AAA / Akumulator,"CE, RoHS, ISO 9001, Energy Star","Urządzenie Lenovo Odyssey G7, kabel zasilający, instrukcja obsługi w j. polskim, karta gwarancyjna",Taktowanie magistrali: 3403 MHz; Poziom emisji hałasu: 31 dB; Pobór mocy znamionowy: 37 W; Architektura procesora: x86_64 / ARMv9; Wersja oprogramowania układowego (Firmware): v2.4.46,"Oryginalny produkt marki Lenovo z serii Odyssey G7. Wysoka jakość wykonania, znakomita wydajność oraz energooszczędność. Gwarancja pełnej kompatybilności & wsparcie techniczne producenta w standardzie.",http://localhost:8000/detail.html?id=350,tabela,7
351,Logitech UltraGear 27GR95QE #351,Monitory,Logitech,4913.21,PLN,Dostępny na zamówienie,Powystawowy,3.5,407,48 miesięcy,48,2026-08-11,True,SKU-10351,590000000351,Biały perłowy,1.48,19 x 22 x 9 cm,Polikarbonat i aluminium,Korea Południowa,Sieciowe 230V,"CE, RoHS, ISO 9001, Energy Star","Urządzenie Logitech UltraGear 27GR95QE, kabel zasilający, instrukcja obsługi w j. polskim, karta gwarancyjna",Taktowanie magistrali: 5508 MHz; Poziom emisji hałasu: 27 dB; Pobór mocy znamionowy: 91 W; Architektura procesora: x86_64 / ARMv9; Wersja oprogramowania układowego (Firmware): v2.8.32,"Oryginalny produkt marki Logitech z serii UltraGear 27GR95QE. Wysoka jakość wykonania, znakomita wydajność oraz energooszczędność. Gwarancja pełnej kompatybilności & wsparcie techniczne producenta w standardzie.",http://localhost:8000/detail.html?id=351,karta,8
352,HP Lenovo Tab P12 #352,Tablety,HP,1321.32,PLN,Dostępny na zamówienie,Odnowiony przez producenta,3.2,257,36 miesięcy,36,2026-05-21,True,SKU-10352,590000000352,Granatowy metalik,0.46,38 x 11 x 2 cm,Szkło hartowane i metal,Japonia,Akumulator Li-Ion,"CE, RoHS, ISO 9001, Energy Star","Urządzenie HP Lenovo Tab P12, kabel zasilający, instrukcja obsługi w j. polskim, karta gwarancyjna",Taktowanie magistrali: 6191 MHz; Poziom emisji hałasu: 31 dB; Pobór mocy znamionowy: 65 W; Architektura procesora: x86_64 / ARMv9; Wersja oprogramowania układowego (Firmware): v3.6.72,"Oryginalny produkt marki HP z serii Lenovo Tab P12. Wysoka jakość wykonania, znakomita wydajność oraz energooszczędność. Gwarancja pełnej kompatybilności & wsparcie techniczne producenta w standardzie.",http://localhost:8000/detail.html?id=352,karta,8
353,ASUS G Pro X Superlight #353,Klawiatury i Myszy,ASUS,6036.46,PLN,W magazynie,Odnowiony przez producenta,4.5,326,12 miesięcy,12,2026-05-16,True,SKU-10353,590000000353,Gwiezdna szarość,1.29,24 x 14 x 5 cm,Szkło hartowane i metal,Niemcy,Akumulator Li-Ion,"CE, RoHS, ISO 9001, Energy Star","Urządzenie ASUS G Pro X Superlight, kabel zasilający, instrukcja obsługi w j. polskim, karta gwarancyjna",Taktowanie magistrali: 5413 MHz; Poziom emisji hałasu: 25 dB; Pobór mocy znamionowy: 46 W; Architektura procesora: x86_64 / ARMv9; Wersja oprogramowania układowego (Firmware): v4.0.56,"Oryginalny produkt marki ASUS z serii G Pro X Superlight. Wysoka jakość wykonania, znakomita wydajność oraz energooszczędność. Gwarancja pełnej kompatybilności & wsparcie techniczne producenta w standardzie.",http://localhost:8000/detail.html?id=353,karta,8
354,Lenovo XPS 15 #354,Laptopy,Lenovo,7342.37,PLN,Wysyłka w 24h,Odnowiony przez producenta,4.3,42,24 miesiące,24,2026-07-21,True,SKU-10354,590000000354,Srebrny,3.34,34 x 12 x 2 cm,Szkło hartowane i metal,Chiny,USB-C Power Delivery 65W,"CE, RoHS, ISO 9001, Energy Star","Urządzenie Lenovo XPS 15, kabel zasilający, instrukcja obsługi w j. polskim, karta gwarancyjna",Taktowanie magistrali: 5798 MHz; Poziom emisji hałasu: 31 dB; Pobór mocy znamionowy: 47 W; Architektura procesora: x86_64 / ARMv9; Wersja oprogramowania układowego (Firmware): v3.8.78,"Oryginalny produkt marki Lenovo z serii XPS 15. Wysoka jakość wykonania, znakomita wydajność oraz energooszczędność. Gwarancja pełnej kompatybilności & wsparcie techniczne producenta w standardzie.",http://localhost:8000/detail.html?id=354,karta,8
355,Apple Curved Gaming 34 #355,Monitory,Apple,6010.49,PLN,Ostatnie 3 sztuki,Nowy,3.2,87,12 miesięcy,12,2026-08-15,True,SKU-10355,590000000355,Srebrny,0.96,14 x 16 x 8 cm,Szkło hartowane i metal,Niemcy,Sieciowe 230V,"CE, RoHS, ISO 9001, Energy Star","Urządzenie Apple Curved Gaming 34, kabel zasilający, instrukcja obsługi w j. polskim, karta gwarancyjna",Taktowanie magistrali: 5569 MHz; Poziom emisji hałasu: 31 dB; Pobór mocy znamionowy: 82 W; Architektura procesora: x86_64 / ARMv9; Wersja oprogramowania układowego (Firmware): v4.4.65,"Oryginalny produkt marki Apple z serii Curved Gaming 34. Wysoka jakość wykonania, znakomita wydajność oraz energooszczędność. Gwarancja pełnej kompatybilności & wsparcie techniczne producenta w standardzie.",http://localhost:8000/detail.html?id=355,karta,8
356,Kingston MikroTik hAP ax3 #356,Akcesoria sieciowe,Kingston,1686.43,PLN,W magazynie,Powystawowy,4.7,99,48 miesięcy,48,2026-03-25,True,SKU-10356,590000000356,Czarny mat,1.35,20 x 10 x 10 cm,Polikarbonat i aluminium,Niemcy,Baterie AAA / Akumulator,"CE, RoHS, ISO 9001, Energy Star","Urządzenie Kingston MikroTik hAP ax3, kabel zasilający, instrukcja obsługi w j. polskim, karta gwarancyjna",Taktowanie magistrali: 6139 MHz; Poziom emisji hałasu: 37 dB; Pobór mocy znamionowy: 28 W; Architektura procesora: x86_64 / ARMv9; Wersja oprogramowania układowego (Firmware): v2.1.47,"Oryginalny produkt marki Kingston z serii MikroTik hAP ax3. Wysoka jakość wykonania, znakomita wydajność oraz energooszczędność. Gwarancja pełnej kompatybilności & wsparcie techniczne producenta w standardzie.",http://localhost:8000/detail.html?id=356,karta,8
357,Dell Galaxy S24 Ultra #357,Smartfony,Dell,7645.19,PLN,Dostępny na zamówienie,Odnowiony przez producenta,4.6,22,,,2026-05-28,True,SKU-10357,590000000357,Biały perłowy,1.61,31 x 20 x 6 cm,Tworzywo ABS wzmocnione,Niemcy,Baterie AAA / Akumulator,"CE, RoHS, ISO 9001, Energy Star","Urządzenie Dell Galaxy S24 Ultra, kabel zasilający, instrukcja obsługi w j. polskim, karta gwarancyjna",Taktowanie magistrali: 4869 MHz; Poziom emisji hałasu: 34 dB; Pobór mocy znamionowy: 112 W; Architektura procesora: x86_64 / ARMv9; Wersja oprogramowania układowego (Firmware): v3.7.70,"Oryginalny produkt marki Dell z serii Galaxy S24 Ultra. Wysoka jakość wykonania, znakomita wydajność oraz energooszczędność. Gwarancja pełnej kompatybilności & wsparcie techniczne producenta w standardzie.",http://localhost:8000/detail.html?id=357,karta,8
358,Kingston WH-1000XM5 #358,Audio i Słuchawki,Kingston,6996.31,USD,Dostępny w salonie,Odnowiony przez producenta,3.2,446,24 miesiące,24,2026-03-31,True,SKU-10358,590000000358,Biały perłowy,2.39,31 x 16 x 1 cm,Tworzywo ABS wzmocnione,Chiny,Sieciowe 230V,"CE, RoHS, ISO 9001, Energy Star","Urządzenie Kingston WH-1000XM5, kabel zasilający, instrukcja obsługi w j. polskim, karta gwarancyjna",Taktowanie magistrali: 2903 MHz; Poziom emisji hałasu: 34 dB; Pobór mocy znamionowy: 50 W; Architektura procesora: x86_64 / ARMv9; Wersja oprogramowania układowego (Firmware): v2.5.67,"Oryginalny produkt marki Kingston z serii WH-1000XM5. Wysoka jakość wykonania, znakomita wydajność oraz energooszczędność. Gwarancja pełnej kompatybilności & wsparcie techniczne producenta w standardzie.",http://localhost:8000/detail.html?id=358,karta,8
359,Dell OnePlus Pad 2 #359,Tablety,Dell,5454.64,PLN,Ostatnie 3 sztuki,Odnowiony przez producenta,4.1,379,12 miesięcy,12,2026-10-04,True,SKU-10359,590000000359,Gwiezdna szarość,3.93,38 x 28 x 9 cm,Stop magnezu i aluminium,Polska,Baterie AAA / Akumulator,"CE, RoHS, ISO 9001, Energy Star","Urządzenie Dell OnePlus Pad 2, kabel zasilający, instrukcja obsługi w j. polskim, karta gwarancyjna",Taktowanie magistrali: 5096 MHz; Poziom emisji hałasu: 21 dB; Pobór mocy znamionowy: 108 W; Architektura procesora: x86_64 / ARMv9; Wersja oprogramowania układowego (Firmware): v4.4.87,"Oryginalny produkt marki Dell z serii OnePlus Pad 2. Wysoka jakość wykonania, znakomita wydajność oraz energooszczędność. Gwarancja pełnej kompatybilności & wsparcie techniczne producenta w standardzie.",http://localhost:8000/detail.html?id=359,karta,8
360,Apple Nova 12 #360,Smartfony,Apple,3624.66,PLN,Dostępny na zamówienie,Powystawowy,,0,24 miesiące,24,2026-07-09,True,SKU-10360,590000000360,Srebrny,1.11,18 x 25 x 2 cm,Stop magnezu i aluminium,Chiny,Baterie AAA / Akumulator,"CE, RoHS, ISO 9001, Energy Star","Urządzenie Apple Nova 12, kabel zasilający, instrukcja obsługi w j. polskim, karta gwarancyjna",Taktowanie magistrali: 3098 MHz; Poziom emisji hałasu: 20 dB; Pobór mocy znamionowy: 28 W; Architektura procesora: x86_64 / ARMv9; Wersja oprogramowania układowego (Firmware): v4.0.30,"Oryginalny produkt marki Apple z serii Nova 12. Wysoka jakość wykonania, znakomita wydajność oraz energooszczędność. Gwarancja pełnej kompatybilności & wsparcie techniczne producenta w standardzie.",http://localhost:8000/detail.html?id=360,karta,8
361,Sony Edge 50 Ultra #361,Smartfony,Sony,6153.07,USD,W magazynie,Powystawowy,4.4,194,48 miesięcy,48,2026-07-04,True,SKU-10361,590000000361,Granatowy metalik,4.23,33 x 13 x 10 cm,Stop magnezu i aluminium,Tajwan,USB-C Power Delivery 65W,"CE, RoHS, ISO 9001, Energy Star","Urządzenie Sony Edge 50 Ultra, kabel zasilający, instrukcja obsługi w j. polskim, karta gwarancyjna",Taktowanie magistrali: 3315 MHz; Poziom emisji hałasu: 26 dB; Pobór mocy znamionowy: 29 W; Architektura procesora: x86_64 / ARMv9; Wersja oprogramowania układowego (Firmware): v3.1.24,"Oryginalny produkt marki Sony z serii Edge 50 Ultra. Wysoka jakość wykonania, znakomita wydajność oraz energooszczędność. Gwarancja pełnej kompatybilności & wsparcie techniczne producenta w standardzie.",http://localhost:8000/detail.html?id=361,karta,8
362,Kingston Buds 2 Pro #362,Audio i Słuchawki,Kingston,587.89,PLN,W magazynie,Odnowiony przez producenta,4.7,217,36 miesięcy,36,2026-04-21,True,SKU-10362,590000000362,Biały perłowy,1.52,36 x 19 x 4 cm,Polikarbonat i aluminium,Japonia,Akumulator Li-Ion,"CE, RoHS, ISO 9001, Energy Star","Urządzenie Kingston Buds 2 Pro, kabel zasilający, instrukcja obsługi w j. polskim, karta gwarancyjna",Taktowanie magistrali: 5118 MHz; Poziom emisji hałasu: 37 dB; Pobór mocy znamionowy: 90 W; Architektura procesora: x86_64 / ARMv9; Wersja oprogramowania układowego (Firmware): v2.1.60,"Oryginalny produkt marki Kingston z serii Buds 2 Pro. Wysoka jakość wykonania, znakomita wydajność oraz energooszczędność. Gwarancja pełnej kompatybilności & wsparcie techniczne producenta w standardzie.",http://localhost:8000/detail.html?id=362,karta,8
363,HP Crucial T700 1TB #363,Dyski SSD,HP,6429.2,PLN,Dostępny na zamówienie,Nowy,4.3,159,12 miesięcy,12,2026-10-04,True,SKU-10363,590000000363,Gwiezdna szarość,3.84,39 x 17 x 1 cm,Polikarbonat i aluminium,Niemcy,Baterie AAA / Akumulator,"CE, RoHS, ISO 9001, Energy Star","Urządzenie HP Crucial T700 1TB, kabel zasilający, instrukcja obsługi w j. polskim, karta gwarancyjna",Taktowanie magistrali: 4984 MHz; Poziom emisji hałasu: 24 dB; Pobór mocy znamionowy: 78 W; Architektura procesora: x86_64 / ARMv9; Wersja oprogramowania układowego (Firmware): v3.6.17,"Oryginalny produkt marki HP z serii Crucial T700 1TB. Wysoka jakość wykonania, znakomita wydajność oraz energooszczędność. Gwarancja pełnej kompatybilności & wsparcie techniczne producenta w standardzie.",http://localhost:8000/detail.html?id=363,karta,8
364,HP 990 PRO 2TB #364,Dyski SSD,HP,2764.54,PLN,Dostępny w salonie,Nowy,5.0,388,12 miesięcy,12,2026-10-06,True,SKU-10364,590000000364,Srebrny,2.14,15 x 28 x 3 cm,Polikarbonat i aluminium,Japonia,USB-C Power Delivery 65W,"CE, RoHS, ISO 9001, Energy Star","Urządzenie HP 990 PRO 2TB, kabel zasilający, instrukcja obsługi w j. polskim, karta gwarancyjna",Taktowanie magistrali: 5271 MHz; Poziom emisji hałasu: 35 dB; Pobór mocy znamionowy: 65 W; Architektura procesora: x86_64 / ARMv9; Wersja oprogramowania układowego (Firmware): v1.2.51,"Oryginalny produkt marki HP z serii 990 PRO 2TB. Wysoka jakość wykonania, znakomita wydajność oraz energooszczędność. Gwarancja pełnej kompatybilności & wsparcie techniczne producenta w standardzie.",http://localhost:8000/detail.html?id=364,karta,8
365,Samsung Odyssey G7 #365,Monitory,Samsung,1644.68,EUR,Ostatnie 3 sztuki,Nowy,3.9,439,24 miesiące,24,2026-05-15,True,SKU-10365,590000000365,Czarny mat,4.41,30 x 20 x 10 cm,Stop magnezu i aluminium,Japonia,Baterie AAA / Akumulator,"CE, RoHS, ISO 9001, Energy Star","Urządzenie Samsung Odyssey G7, kabel zasilający, instrukcja obsługi w j. polskim, karta gwarancyjna",Taktowanie magistrali: 5183 MHz; Poziom emisji hałasu: 23 dB; Pobór mocy znamionowy: 22 W; Architektura procesora: x86_64 / ARMv9; Wersja oprogramowania układowego (Firmware): v1.5.70,"Oryginalny produkt marki Samsung z serii Odyssey G7. Wysoka jakość wykonania, znakomita wydajność oraz energooszczędność. Gwarancja pełnej kompatybilności & wsparcie techniczne producenta w standardzie.",http://localhost:8000/detail.html?id=365,karta,8
366,Dell MX Master 3S #366,Klawiatury i Myszy,Dell,3959.14,PLN,W magazynie,Nowy,4.9,335,12 miesięcy,12,2026-03-19,True,SKU-10366,590000000366,Czarny mat,0.68,30 x 26 x 4 cm,Szkło hartowane i metal,Polska,Baterie AAA / Akumulator,"CE, RoHS, ISO 9001, Energy Star","Urządzenie Dell MX Master 3S, kabel zasilający, instrukcja obsługi w j. polskim, karta gwarancyjna",Taktowanie magistrali: 3965 MHz; Poziom emisji hałasu: 26 dB; Pobór mocy znamionowy: 95 W; Architektura procesora: x86_64 / ARMv9; Wersja oprogramowania układowego (Firmware): v4.5.11,"Oryginalny produkt marki Dell z serii MX Master 3S. Wysoka jakość wykonania, znakomita wydajność oraz energooszczędność. Gwarancja pełnej kompatybilności & wsparcie techniczne producenta w standardzie.",http://localhost:8000/detail.html?id=366,karta,8
367,Lenovo XS2000 2TB #367,Dyski SSD,Lenovo,3132.28,PLN,Dostępny w salonie,Odnowiony przez producenta,4.5,153,12 miesięcy,12,2026-10-06,True,SKU-10367,590000000367,Czarny mat,3.43,16 x 13 x 3 cm,Stop magnezu i aluminium,Korea Południowa,Sieciowe 230V,"CE, RoHS, ISO 9001, Energy Star","Urządzenie Lenovo XS2000 2TB, kabel zasilający, instrukcja obsługi w j. polskim, karta gwarancyjna",Taktowanie magistrali: 4060 MHz; Poziom emisji hałasu: 18 dB; Pobór mocy znamionowy: 65 W; Architektura procesora: x86_64 / ARMv9; Wersja oprogramowania układowego (Firmware): v4.1.76,"Oryginalny produkt marki Lenovo z serii XS2000 2TB. Wysoka jakość wykonania, znakomita wydajność oraz energooszczędność. Gwarancja pełnej kompatybilności & wsparcie techniczne producenta w standardzie.",http://localhost:8000/detail.html?id=367,karta,8
368,Sony Archer AXE75 #368,Akcesoria sieciowe,Sony,4642.14,PLN,W magazynie,Nowy,3.4,132,12 miesięcy,12,2026-08-01,True,SKU-10368,590000000368,Srebrny,0.35,40 x 26 x 5 cm,Szkło hartowane i metal,Chiny,Baterie AAA / Akumulator,"CE, RoHS, ISO 9001, Energy Star","Urządzenie Sony Archer AXE75, kabel zasilający, instrukcja obsługi w j. polskim, karta gwarancyjna",Taktowanie magistrali: 4473 MHz; Poziom emisji hałasu: 27 dB; Pobór mocy znamionowy: 61 W; Architektura procesora: x86_64 / ARMv9; Wersja oprogramowania układowego (Firmware): v2.6.94,"Oryginalny produkt marki Sony z serii Archer AXE75. Wysoka jakość wykonania, znakomita wydajność oraz energooszczędność. Gwarancja pełnej kompatybilności & wsparcie techniczne producenta w standardzie.",http://localhost:8000/detail.html?id=368,karta,8
369,Kingston UltraGear 27GR95QE #369,Monitory,Kingston,4228.06,PLN,Dostępny w salonie,Odnowiony przez producenta,3.8,276,12 miesięcy,12,2026-07-03,True,SKU-10369,590000000369,Gwiezdna szarość,2.72,18 x 14 x 10 cm,Aluminium szczotkowane,Japonia,USB-C Power Delivery 65W,"CE, RoHS, ISO 9001, Energy Star","Urządzenie Kingston UltraGear 27GR95QE, kabel zasilający, instrukcja obsługi w j. polskim, karta gwarancyjna",Taktowanie magistrali: 2550 MHz; Poziom emisji hałasu: 24 dB; Pobór mocy znamionowy: 33 W; Architektura procesora: x86_64 / ARMv9; Wersja oprogramowania układowego (Firmware): v3.3.27,"Oryginalny produkt marki Kingston z serii UltraGear 27GR95QE. Wysoka jakość wykonania, znakomita wydajność oraz energooszczędność. Gwarancja pełnej kompatybilności & wsparcie techniczne producenta w standardzie.",http://localhost:8000/detail.html?id=369,karta,8
370,ASUS Crucial T700 1TB #370,Dyski SSD,ASUS,3259.47,USD,Dostępny w salonie,Odnowiony przez producenta,,0,48 miesięcy,48,2026-04-17,True,SKU-10370,590000000370,Granatowy metalik,2.78,23 x 14 x 6 cm,Polikarbonat i aluminium,Japonia,Sieciowe 230V,"CE, RoHS, ISO 9001, Energy Star","Urządzenie ASUS Crucial T700 1TB, kabel zasilający, instrukcja obsługi w j. polskim, karta gwarancyjna",Taktowanie magistrali: 3234 MHz; Poziom emisji hałasu: 20 dB; Pobór mocy znamionowy: 95 W; Architektura procesora: x86_64 / ARMv9; Wersja oprogramowania układowego (Firmware): v3.3.57,"Oryginalny produkt marki ASUS z serii Crucial T700 1TB. Wysoka jakość wykonania, znakomita wydajność oraz energooszczędność. Gwarancja pełnej kompatybilności & wsparcie techniczne producenta w standardzie.",http://localhost:8000/detail.html?id=370,karta,8
371,Lenovo G Pro X Superlight #371,Klawiatury i Myszy,Lenovo,967.92,PLN,Ostatnie 3 sztuki,Powystawowy,3.3,328,,,2026-10-06,True,SKU-10371,590000000371,Czarny mat,3.55,13 x 15 x 9 cm,Tworzywo ABS wzmocnione,Chiny,Baterie AAA / Akumulator,"CE, RoHS, ISO 9001, Energy Star","Urządzenie Lenovo G Pro X Superlight, kabel zasilający, instrukcja obsługi w j. polskim, karta gwarancyjna",Taktowanie magistrali: 5958 MHz; Poziom emisji hałasu: 25 dB; Pobór mocy znamionowy: 50 W; Architektura procesora: x86_64 / ARMv9; Wersja oprogramowania układowego (Firmware): v1.1.58,"Oryginalny produkt marki Lenovo z serii G Pro X Superlight. Wysoka jakość wykonania, znakomita wydajność oraz energooszczędność. Gwarancja pełnej kompatybilności & wsparcie techniczne producenta w standardzie.",http://localhost:8000/detail.html?id=371,karta,8
372,LG Xperia 1 VI #372,Smartfony,LG,6935.65,PLN,Ostatnie 3 sztuki,Powystawowy,4.3,25,,,2026-07-17,True,SKU-10372,590000000372,Czarny mat,3.14,32 x 14 x 3 cm,Polikarbonat i aluminium,Niemcy,USB-C Power Delivery 65W,"CE, RoHS, ISO 9001, Energy Star","Urządzenie LG Xperia 1 VI, kabel zasilający, instrukcja obsługi w j. polskim, karta gwarancyjna",Taktowanie magistrali: 3813 MHz; Poziom emisji hałasu: 35 dB; Pobór mocy znamionowy: 85 W; Architektura procesora: x86_64 / ARMv9; Wersja oprogramowania układowego (Firmware): v4.7.85,"Oryginalny produkt marki LG z serii Xperia 1 VI. Wysoka jakość wykonania, znakomita wydajność oraz energooszczędność. Gwarancja pełnej kompatybilności & wsparcie techniczne producenta w standardzie.",http://localhost:8000/detail.html?id=372,karta,8
373,Sony MacBook Air M3 #373,Laptopy,Sony,3403.13,PLN,Dostępny na zamówienie,Nowy,4.0,182,Dożywotnia producenta,,2026-10-04,True,SKU-10373,590000000373,Czarny mat,0.48,17 x 12 x 3 cm,Aluminium szczotkowane,Korea Południowa,Sieciowe 230V,"CE, RoHS, ISO 9001, Energy Star","Urządzenie Sony MacBook Air M3, kabel zasilający, instrukcja obsługi w j. polskim, karta gwarancyjna",Taktowanie magistrali: 4532 MHz; Poziom emisji hałasu: 25 dB; Pobór mocy znamionowy: 54 W; Architektura procesora: x86_64 / ARMv9; Wersja oprogramowania układowego (Firmware): v1.4.62,"Oryginalny produkt marki Sony z serii MacBook Air M3. Wysoka jakość wykonania, znakomita wydajność oraz energooszczędność. Gwarancja pełnej kompatybilności & wsparcie techniczne producenta w standardzie.",http://localhost:8000/detail.html?id=373,karta,8
374,LG Black SN850X 1TB #374,Dyski SSD,LG,183.49,EUR,Dostępny w salonie,Nowy,4.4,375,,,2026-04-23,False,SKU-10374,590000000374,Czarny mat,3.26,32 x 27 x 6 cm,Szkło hartowane i metal,Niemcy,Sieciowe 230V,"CE, RoHS, ISO 9001, Energy Star","Urządzenie LG Black SN850X 1TB, kabel zasilający, instrukcja obsługi w j. polskim, karta gwarancyjna",Taktowanie magistrali: 5206 MHz; Poziom emisji hałasu: 35 dB; Pobór mocy znamionowy: 104 W; Architektura procesora: x86_64 / ARMv9; Wersja oprogramowania układowego (Firmware): v1.6.11,"Oryginalny produkt marki LG z serii Black SN850X 1TB. Wysoka jakość wykonania, znakomita wydajność oraz energooszczędność. Gwarancja pełnej kompatybilności & wsparcie techniczne producenta w standardzie.",http://localhost:8000/detail.html?id=374,karta,8
375,HP Fritz!Box 7590 AX #375,Akcesoria sieciowe,HP,6132.31,USD,Ostatnie 3 sztuki,Odnowiony przez producenta,3.5,188,Dożywotnia producenta,,2026-10-04,True,SKU-10375,590000000375,Czarny mat,1.41,25 x 19 x 5 cm,Aluminium szczotkowane,Niemcy,Baterie AAA / Akumulator,"CE, RoHS, ISO 9001, Energy Star","Urządzenie HP Fritz!Box 7590 AX, kabel zasilający, instrukcja obsługi w j. polskim, karta gwarancyjna",Taktowanie magistrali: 4429 MHz; Poziom emisji hałasu: 30 dB; Pobór mocy znamionowy: 36 W; Architektura procesora: x86_64 / ARMv9; Wersja oprogramowania układowego (Firmware): v3.1.53,"Oryginalny produkt marki HP z serii Fritz!Box 7590 AX. Wysoka jakość wykonania, znakomita wydajność oraz energooszczędność. Gwarancja pełnej kompatybilności & wsparcie techniczne producenta w standardzie.",http://localhost:8000/detail.html?id=375,karta,8
376,Apple K780 Wireless #376,Klawiatury i Myszy,Apple,7157.0,PLN,Dostępny na zamówienie,Odnowiony przez producenta,4.8,435,36 miesięcy,36,2026-03-28,True,SKU-10376,590000000376,Gwiezdna szarość,1.9,10 x 13 x 7 cm,Stop magnezu i aluminium,Japonia,Sieciowe 230V,"CE, RoHS, ISO 9001, Energy Star","Urządzenie Apple K780 Wireless, kabel zasilający, instrukcja obsługi w j. polskim, karta gwarancyjna",Taktowanie magistrali: 4285 MHz; Poziom emisji hałasu: 28 dB; Pobór mocy znamionowy: 53 W; Architektura procesora: x86_64 / ARMv9; Wersja oprogramowania układowego (Firmware): v3.1.10,"Oryginalny produkt marki Apple z serii K780 Wireless. Wysoka jakość wykonania, znakomita wydajność oraz energooszczędność. Gwarancja pełnej kompatybilności & wsparcie techniczne producenta w standardzie.",http://localhost:8000/detail.html?id=376,tabela,8
377,ASUS UltraSharp U2724D #377,Monitory,ASUS,153.59,USD,Ostatnie 3 sztuki,Powystawowy,3.7,241,36 miesięcy,36,2026-10-06,False,SKU-10377,590000000377,Biały perłowy,0.18,38 x 16 x 2 cm,Tworzywo ABS wzmocnione,Niemcy,Sieciowe 230V,"CE, RoHS, ISO 9001, Energy Star","Urządzenie ASUS UltraSharp U2724D, kabel zasilający, instrukcja obsługi w j. polskim, karta gwarancyjna",Taktowanie magistrali: 4597 MHz; Poziom emisji hałasu: 26 dB; Pobór mocy znamionowy: 28 W; Architektura procesora: x86_64 / ARMv9; Wersja oprogramowania układowego (Firmware): v4.7.30,"Oryginalny produkt marki ASUS z serii UltraSharp U2724D. Wysoka jakość wykonania, znakomita wydajność oraz energooszczędność. Gwarancja pełnej kompatybilności & wsparcie techniczne producenta w standardzie.",http://localhost:8000/detail.html?id=377,tabela,8
378,ASUS UltraGear 27GR95QE #378,Monitory,ASUS,7216.88,PLN,Dostępny w salonie,Odnowiony przez producenta,,0,48 miesięcy,48,2026-10-04,True,SKU-10378,590000000378,Biały perłowy,0.72,40 x 13 x 1 cm,Stop magnezu i aluminium,Niemcy,USB-C Power Delivery 65W,"CE, RoHS, ISO 9001, Energy Star","Urządzenie ASUS UltraGear 27GR95QE, kabel zasilający, instrukcja obsługi w j. polskim, karta gwarancyjna",Taktowanie magistrali: 4403 MHz; Poziom emisji hałasu: 35 dB; Pobór mocy znamionowy: 78 W; Architektura procesora: x86_64 / ARMv9; Wersja oprogramowania układowego (Firmware): v2.5.61,"Oryginalny produkt marki ASUS z serii UltraGear 27GR95QE. Wysoka jakość wykonania, znakomita wydajność oraz energooszczędność. Gwarancja pełnej kompatybilności & wsparcie techniczne producenta w standardzie.",http://localhost:8000/detail.html?id=378,tabela,8
379,Samsung ThinkPad T14 #379,Laptopy,Samsung,2801.91,PLN,Ostatnie 3 sztuki,Powystawowy,4.5,223,36 miesięcy,36,2026-08-11,True,SKU-10379,590000000379,Czarny mat,3.91,32 x 17 x 7 cm,Polikarbonat i aluminium,Niemcy,Sieciowe 230V,"CE, RoHS, ISO 9001, Energy Star","Urządzenie Samsung ThinkPad T14, kabel zasilający, instrukcja obsługi w j. polskim, karta gwarancyjna",Taktowanie magistrali: 5516 MHz; Poziom emisji hałasu: 31 dB; Pobór mocy znamionowy: 46 W; Architektura procesora: x86_64 / ARMv9; Wersja oprogramowania układowego (Firmware): v2.8.33,"Oryginalny produkt marki Samsung z serii ThinkPad T14. Wysoka jakość wykonania, znakomita wydajność oraz energooszczędność. Gwarancja pełnej kompatybilności & wsparcie techniczne producenta w standardzie.",http://localhost:8000/detail.html?id=379,tabela,8
380,Samsung Modern MD271 #380,Monitory,Samsung,5111.37,PLN,Wysyłka w 24h,Odnowiony przez producenta,3.4,20,24 miesiące,24,2026-05-15,True,SKU-10380,590000000380,Srebrny,3.2,17 x 17 x 6 cm,Polikarbonat i aluminium,Japonia,Sieciowe 230V,"CE, RoHS, ISO 9001, Energy Star","Urządzenie Samsung Modern MD271, kabel zasilający, instrukcja obsługi w j. polskim, karta gwarancyjna",Taktowanie magistrali: 2472 MHz; Poziom emisji hałasu: 37 dB; Pobór mocy znamionowy: 40 W; Architektura procesora: x86_64 / ARMv9; Wersja oprogramowania układowego (Firmware): v1.0.58,"Oryginalny produkt marki Samsung z serii Modern MD271. Wysoka jakość wykonania, znakomita wydajność oraz energooszczędność. Gwarancja pełnej kompatybilności & wsparcie techniczne producenta w standardzie.",http://localhost:8000/detail.html?id=380,tabela,8
381,Dell Momentum 4 #381,Audio i Słuchawki,Dell,2971.25,PLN,Wysyłka w 24h,Powystawowy,4.5,127,12 miesięcy,12,2026-08-22,True,SKU-10381,590000000381,Granatowy metalik,0.59,15 x 18 x 8 cm,Tworzywo ABS wzmocnione,Tajwan,USB-C Power Delivery 65W,"CE, RoHS, ISO 9001, Energy Star","Urządzenie Dell Momentum 4, kabel zasilający, instrukcja obsługi w j. polskim, karta gwarancyjna",Taktowanie magistrali: 2402 MHz; Poziom emisji hałasu: 19 dB; Pobór mocy znamionowy: 99 W; Architektura procesora: x86_64 / ARMv9; Wersja oprogramowania układowego (Firmware): v3.3.46,"Oryginalny produkt marki Dell z serii Momentum 4. Wysoka jakość wykonania, znakomita wydajność oraz energooszczędność. Gwarancja pełnej kompatybilności & wsparcie techniczne producenta w standardzie.",http://localhost:8000/detail.html?id=381,tabela,8
382,Lenovo Galaxy S24 Ultra #382,Smartfony,Lenovo,6185.66,PLN,Dostępny w salonie,Nowy,,0,36 miesięcy,36,2026-10-05,True,SKU-10382,590000000382,Czarny mat,2.7,39 x 30 x 4 cm,Polikarbonat i aluminium,Niemcy,Sieciowe 230V,"CE, RoHS, ISO 9001, Energy Star","Urządzenie Lenovo Galaxy S24 Ultra, kabel zasilający, instrukcja obsługi w j. polskim, karta gwarancyjna",Taktowanie magistrali: 3260 MHz; Poziom emisji hałasu: 36 dB; Pobór mocy znamionowy: 64 W; Architektura procesora: x86_64 / ARMv9; Wersja oprogramowania układowego (Firmware): v1.1.26,"Oryginalny produkt marki Lenovo z serii Galaxy S24 Ultra. Wysoka jakość wykonania, znakomita wydajność oraz energooszczędność. Gwarancja pełnej kompatybilności & wsparcie techniczne producenta w standardzie.",http://localhost:8000/detail.html?id=382,tabela,8
383,LG Xperia 1 VI #383,Smartfony,LG,3845.17,PLN,W magazynie,Powystawowy,4.2,79,,,2026-05-17,True,SKU-10383,590000000383,Czarny mat,2.25,26 x 26 x 1 cm,Szkło hartowane i metal,Niemcy,USB-C Power Delivery 65W,"CE, RoHS, ISO 9001, Energy Star","Urządzenie LG Xperia 1 VI, kabel zasilający, instrukcja obsługi w j. polskim, karta gwarancyjna",Taktowanie magistrali: 4654 MHz; Poziom emisji hałasu: 26 dB; Pobór mocy znamionowy: 112 W; Architektura procesora: x86_64 / ARMv9; Wersja oprogramowania układowego (Firmware): v3.5.67,"Oryginalny produkt marki LG z serii Xperia 1 VI. Wysoka jakość wykonania, znakomita wydajność oraz energooszczędność. Gwarancja pełnej kompatybilności & wsparcie techniczne producenta w standardzie.",http://localhost:8000/detail.html?id=383,tabela,8
384,Apple UltraSharp U2724D #384,Monitory,Apple,579.27,USD,Dostępny na zamówienie,Nowy,3.5,418,Dożywotnia producenta,,2026-07-21,True,SKU-10384,590000000384,Gwiezdna szarość,0.17,28 x 16 x 10 cm,Aluminium szczotkowane,Chiny,Baterie AAA / Akumulator,"CE, RoHS, ISO 9001, Energy Star","Urządzenie Apple UltraSharp U2724D, kabel zasilający, instrukcja obsługi w j. polskim, karta gwarancyjna",Taktowanie magistrali: 4193 MHz; Poziom emisji hałasu: 34 dB; Pobór mocy znamionowy: 64 W; Architektura procesora: x86_64 / ARMv9; Wersja oprogramowania układowego (Firmware): v4.6.87,"Oryginalny produkt marki Apple z serii UltraSharp U2724D. Wysoka jakość wykonania, znakomita wydajność oraz energooszczędność. Gwarancja pełnej kompatybilności & wsparcie techniczne producenta w standardzie.",http://localhost:8000/detail.html?id=384,tabela,8
385,Apple XS2000 2TB #385,Dyski SSD,Apple,5694.21,PLN,Ostatnie 3 sztuki,Nowy,3.5,24,36 miesięcy,36,2026-03-22,True,SKU-10385,590000000385,Granatowy metalik,0.66,30 x 21 x 10 cm,Tworzywo ABS wzmocnione,Tajwan,Sieciowe 230V,"CE, RoHS, ISO 9001, Energy Star","Urządzenie Apple XS2000 2TB, kabel zasilający, instrukcja obsługi w j. polskim, karta gwarancyjna",Taktowanie magistrali: 3006 MHz; Poziom emisji hałasu: 26 dB; Pobór mocy znamionowy: 32 W; Architektura procesora: x86_64 / ARMv9; Wersja oprogramowania układowego (Firmware): v3.0.92,"Oryginalny produkt marki Apple z serii XS2000 2TB. Wysoka jakość wykonania, znakomita wydajność oraz energooszczędność. Gwarancja pełnej kompatybilności & wsparcie techniczne producenta w standardzie.",http://localhost:8000/detail.html?id=385,tabela,8
386,HP Black SN850X 1TB #386,Dyski SSD,HP,2428.67,EUR,Dostępny na zamówienie,Odnowiony przez producenta,4.3,6,24 miesiące,24,2026-10-05,True,SKU-10386,590000000386,Granatowy metalik,2.55,36 x 24 x 4 cm,Tworzywo ABS wzmocnione,Tajwan,Akumulator Li-Ion,"CE, RoHS, ISO 9001, Energy Star","Urządzenie HP Black SN850X 1TB, kabel zasilający, instrukcja obsługi w j. polskim, karta gwarancyjna",Taktowanie magistrali: 6379 MHz; Poziom emisji hałasu: 18 dB; Pobór mocy znamionowy: 83 W; Architektura procesora: x86_64 / ARMv9; Wersja oprogramowania układowego (Firmware): v1.6.93,"Oryginalny produkt marki HP z serii Black SN850X 1TB. Wysoka jakość wykonania, znakomita wydajność oraz energooszczędność. Gwarancja pełnej kompatybilności & wsparcie techniczne producenta w standardzie.",http://localhost:8000/detail.html?id=386,tabela,8
387,HP AirPods Pro 2 #387,Audio i Słuchawki,HP,5836.66,PLN,Dostępny na zamówienie,Nowy,4.8,48,48 miesięcy,48,2026-07-18,True,SKU-10387,590000000387,Gwiezdna szarość,3.71,31 x 29 x 4 cm,Stop magnezu i aluminium,Polska,Sieciowe 230V,"CE, RoHS, ISO 9001, Energy Star","Urządzenie HP AirPods Pro 2, kabel zasilający, instrukcja obsługi w j. polskim, karta gwarancyjna",Taktowanie magistrali: 3173 MHz; Poziom emisji hałasu: 36 dB; Pobór mocy znamionowy: 77 W; Architektura procesora: x86_64 / ARMv9; Wersja oprogramowania układowego (Firmware): v2.4.12,"Oryginalny produkt marki HP z serii AirPods Pro 2. Wysoka jakość wykonania, znakomita wydajność oraz energooszczędność. Gwarancja pełnej kompatybilności & wsparcie techniczne producenta w standardzie.",http://localhost:8000/detail.html?id=387,tabela,8
388,Samsung AirPods Pro 2 #388,Audio i Słuchawki,Samsung,7765.05,USD,Ostatnie 3 sztuki,Nowy,,0,12 miesięcy,12,2026-05-28,True,SKU-10388,590000000388,Srebrny,0.77,30 x 29 x 1 cm,Aluminium szczotkowane,Polska,USB-C Power Delivery 65W,"CE, RoHS, ISO 9001, Energy Star","Urządzenie Samsung AirPods Pro 2, kabel zasilający, instrukcja obsługi w j. polskim, karta gwarancyjna",Taktowanie magistrali: 3972 MHz; Poziom emisji hałasu: 18 dB; Pobór mocy znamionowy: 29 W; Architektura procesora: x86_64 / ARMv9; Wersja oprogramowania układowego (Firmware): v1.0.26,"Oryginalny produkt marki Samsung z serii AirPods Pro 2. Wysoka jakość wykonania, znakomita wydajność oraz energooszczędność. Gwarancja pełnej kompatybilności & wsparcie techniczne producenta w standardzie.",http://localhost:8000/detail.html?id=388,tabela,8
389,Samsung Pixel 8 Pro #389,Smartfony,Samsung,4545.52,PLN,W magazynie,Odnowiony przez producenta,3.5,170,24 miesiące,24,2026-04-15,True,SKU-10389,590000000389,Srebrny,0.6,38 x 23 x 3 cm,Stop magnezu i aluminium,Polska,Sieciowe 230V,"CE, RoHS, ISO 9001, Energy Star","Urządzenie Samsung Pixel 8 Pro, kabel zasilający, instrukcja obsługi w j. polskim, karta gwarancyjna",Taktowanie magistrali: 5234 MHz; Poziom emisji hałasu: 26 dB; Pobór mocy znamionowy: 95 W; Architektura procesora: x86_64 / ARMv9; Wersja oprogramowania układowego (Firmware): v1.0.15,"Oryginalny produkt marki Samsung z serii Pixel 8 Pro. Wysoka jakość wykonania, znakomita wydajność oraz energooszczędność. Gwarancja pełnej kompatybilności & wsparcie techniczne producenta w standardzie.",http://localhost:8000/detail.html?id=389,tabela,8
390,ASUS Apex Pro TKL #390,Klawiatury i Myszy,ASUS,5276.38,PLN,Dostępny w salonie,Powystawowy,4.8,197,12 miesięcy,12,2026-07-20,True,SKU-10390,590000000390,Czarny mat,1.72,39 x 12 x 1 cm,Stop magnezu i aluminium,Korea Południowa,Akumulator Li-Ion,"CE, RoHS, ISO 9001, Energy Star","Urządzenie ASUS Apex Pro TKL, kabel zasilający, instrukcja obsługi w j. polskim, karta gwarancyjna",Taktowanie magistrali: 2851 MHz; Poziom emisji hałasu: 25 dB; Pobór mocy znamionowy: 28 W; Architektura procesora: x86_64 / ARMv9; Wersja oprogramowania układowego (Firmware): v3.5.19,"Oryginalny produkt marki ASUS z serii Apex Pro TKL. Wysoka jakość wykonania, znakomita wydajność oraz energooszczędność. Gwarancja pełnej kompatybilności & wsparcie techniczne producenta w standardzie.",http://localhost:8000/detail.html?id=390,tabela,8
391,LG Momentum 4 #391,Audio i Słuchawki,LG,5466.52,PLN,W magazynie,Nowy,,0,36 miesięcy,36,2026-10-07,True,SKU-10391,590000000391,Gwiezdna szarość,1.54,22 x 24 x 8 cm,Aluminium szczotkowane,Polska,Baterie AAA / Akumulator,"CE, RoHS, ISO 9001, Energy Star","Urządzenie LG Momentum 4, kabel zasilający, instrukcja obsługi w j. polskim, karta gwarancyjna",Taktowanie magistrali: 3510 MHz; Poziom emisji hałasu: 33 dB; Pobór mocy znamionowy: 99 W; Architektura procesora: x86_64 / ARMv9; Wersja oprogramowania układowego (Firmware): v3.4.19,"Oryginalny produkt marki LG z serii Momentum 4. Wysoka jakość wykonania, znakomita wydajność oraz energooszczędność. Gwarancja pełnej kompatybilności & wsparcie techniczne producenta w standardzie.",http://localhost:8000/detail.html?id=391,tabela,8
392,HP 990 PRO 2TB #392,Dyski SSD,HP,1106.53,PLN,Wysyłka w 24h,Odnowiony przez producenta,3.8,254,48 miesięcy,48,2026-10-06,True,SKU-10392,590000000392,Granatowy metalik,3.72,22 x 12 x 10 cm,Polikarbonat i aluminium,Chiny,Akumulator Li-Ion,"CE, RoHS, ISO 9001, Energy Star","Urządzenie HP 990 PRO 2TB, kabel zasilający, instrukcja obsługi w j. polskim, karta gwarancyjna",Taktowanie magistrali: 3969 MHz; Poziom emisji hałasu: 31 dB; Pobór mocy znamionowy: 85 W; Architektura procesora: x86_64 / ARMv9; Wersja oprogramowania układowego (Firmware): v4.8.78,"Oryginalny produkt marki HP z serii 990 PRO 2TB. Wysoka jakość wykonania, znakomita wydajność oraz energooszczędność. Gwarancja pełnej kompatybilności & wsparcie techniczne producenta w standardzie.",http://localhost:8000/detail.html?id=392,tabela,8
393,Samsung Xperia 1 VI #393,Smartfony,Samsung,7950.85,PLN,Ostatnie 3 sztuki,Odnowiony przez producenta,,0,24 miesiące,24,2026-08-17,True,SKU-10393,590000000393,Biały perłowy,1.2,36 x 17 x 1 cm,Stop magnezu i aluminium,Chiny,Sieciowe 230V,"CE, RoHS, ISO 9001, Energy Star","Urządzenie Samsung Xperia 1 VI, kabel zasilający, instrukcja obsługi w j. polskim, karta gwarancyjna",Taktowanie magistrali: 6132 MHz; Poziom emisji hałasu: 29 dB; Pobór mocy znamionowy: 61 W; Architektura procesora: x86_64 / ARMv9; Wersja oprogramowania układowego (Firmware): v2.4.68,"Oryginalny produkt marki Samsung z serii Xperia 1 VI. Wysoka jakość wykonania, znakomita wydajność oraz energooszczędność. Gwarancja pełnej kompatybilności & wsparcie techniczne producenta w standardzie.",http://localhost:8000/detail.html?id=393,tabela,8
394,ASUS Curved Gaming 34 #394,Monitory,ASUS,7721.81,PLN,W magazynie,Odnowiony przez producenta,4.5,340,48 miesięcy,48,2026-08-25,True,SKU-10394,590000000394,Biały perłowy,0.8,15 x 25 x 3 cm,Szkło hartowane i metal,Chiny,USB-C Power Delivery 65W,"CE, RoHS, ISO 9001, Energy Star","Urządzenie ASUS Curved Gaming 34, kabel zasilający, instrukcja obsługi w j. polskim, karta gwarancyjna",Taktowanie magistrali: 3001 MHz; Poziom emisji hałasu: 29 dB; Pobór mocy znamionowy: 33 W; Architektura procesora: x86_64 / ARMv9; Wersja oprogramowania układowego (Firmware): v1.3.19,"Oryginalny produkt marki ASUS z serii Curved Gaming 34. Wysoka jakość wykonania, znakomita wydajność oraz energooszczędność. Gwarancja pełnej kompatybilności & wsparcie techniczne producenta w standardzie.",http://localhost:8000/detail.html?id=394,tabela,8
395,ASUS Fritz!Box 7590 AX #395,Akcesoria sieciowe,ASUS,6272.04,PLN,Wysyłka w 24h,Odnowiony przez producenta,3.7,80,,,2026-03-31,True,SKU-10395,590000000395,Biały perłowy,2.56,36 x 18 x 10 cm,Tworzywo ABS wzmocnione,Korea Południowa,Akumulator Li-Ion,"CE, RoHS, ISO 9001, Energy Star","Urządzenie ASUS Fritz!Box 7590 AX, kabel zasilający, instrukcja obsługi w j. polskim, karta gwarancyjna",Taktowanie magistrali: 5476 MHz; Poziom emisji hałasu: 23 dB; Pobór mocy znamionowy: 79 W; Architektura procesora: x86_64 / ARMv9; Wersja oprogramowania układowego (Firmware): v2.0.60,"Oryginalny produkt marki ASUS z serii Fritz!Box 7590 AX. Wysoka jakość wykonania, znakomita wydajność oraz energooszczędność. Gwarancja pełnej kompatybilności & wsparcie techniczne producenta w standardzie.",http://localhost:8000/detail.html?id=395,tabela,8
396,HP Momentum 4 #396,Audio i Słuchawki,HP,4218.86,USD,Dostępny na zamówienie,Odnowiony przez producenta,3.4,109,12 miesięcy,12,2026-05-24,True,SKU-10396,590000000396,Biały perłowy,3.75,15 x 11 x 6 cm,Polikarbonat i aluminium,Chiny,Akumulator Li-Ion,"CE, RoHS, ISO 9001, Energy Star","Urządzenie HP Momentum 4, kabel zasilający, instrukcja obsługi w j. polskim, karta gwarancyjna",Taktowanie magistrali: 3152 MHz; Poziom emisji hałasu: 35 dB; Pobór mocy znamionowy: 92 W; Architektura procesora: x86_64 / ARMv9; Wersja oprogramowania układowego (Firmware): v1.7.71,"Oryginalny produkt marki HP z serii Momentum 4. Wysoka jakość wykonania, znakomita wydajność oraz energooszczędność. Gwarancja pełnej kompatybilności & wsparcie techniczne producenta w standardzie.",http://localhost:8000/detail.html?id=396,tabela,8
397,Lenovo 990 PRO 2TB #397,Dyski SSD,Lenovo,4864.2,PLN,Ostatnie 3 sztuki,Odnowiony przez producenta,3.3,145,,,2026-08-16,True,SKU-10397,590000000397,Czarny mat,1.2,12 x 28 x 10 cm,Szkło hartowane i metal,Polska,Baterie AAA / Akumulator,"CE, RoHS, ISO 9001, Energy Star","Urządzenie Lenovo 990 PRO 2TB, kabel zasilający, instrukcja obsługi w j. polskim, karta gwarancyjna",Taktowanie magistrali: 3267 MHz; Poziom emisji hałasu: 37 dB; Pobór mocy znamionowy: 16 W; Architektura procesora: x86_64 / ARMv9; Wersja oprogramowania układowego (Firmware): v3.3.80,"Oryginalny produkt marki Lenovo z serii 990 PRO 2TB. Wysoka jakość wykonania, znakomita wydajność oraz energooszczędność. Gwarancja pełnej kompatybilności & wsparcie techniczne producenta w standardzie.",http://localhost:8000/detail.html?id=397,tabela,8
398,Dell Legion Slim 5 #398,Laptopy,Dell,2536.98,PLN,Dostępny w salonie,Nowy,4.6,204,36 miesięcy,36,2026-06-02,True,SKU-10398,590000000398,Granatowy metalik,3.66,14 x 10 x 10 cm,Polikarbonat i aluminium,Japonia,Sieciowe 230V,"CE, RoHS, ISO 9001, Energy Star","Urządzenie Dell Legion Slim 5, kabel zasilający, instrukcja obsługi w j. polskim, karta gwarancyjna",Taktowanie magistrali: 6388 MHz; Poziom emisji hałasu: 22 dB; Pobór mocy znamionowy: 104 W; Architektura procesora: x86_64 / ARMv9; Wersja oprogramowania układowego (Firmware): v1.5.62,"Oryginalny produkt marki Dell z serii Legion Slim 5. Wysoka jakość wykonania, znakomita wydajność oraz energooszczędność. Gwarancja pełnej kompatybilności & wsparcie techniczne producenta w standardzie.",http://localhost:8000/detail.html?id=398,tabela,8
399,HP KC3000 1TB #399,Dyski SSD,HP,721.15,PLN,Dostępny na zamówienie,Powystawowy,4.9,119,24 miesiące,24,2026-04-26,True,SKU-10399,590000000399,Srebrny,2.86,40 x 23 x 1 cm,Polikarbonat i aluminium,Chiny,Akumulator Li-Ion,"CE, RoHS, ISO 9001, Energy Star","Urządzenie HP KC3000 1TB, kabel zasilający, instrukcja obsługi w j. polskim, karta gwarancyjna",Taktowanie magistrali: 4514 MHz; Poziom emisji hałasu: 37 dB; Pobór mocy znamionowy: 98 W; Architektura procesora: x86_64 / ARMv9; Wersja oprogramowania układowego (Firmware): v3.7.26,"Oryginalny produkt marki HP z serii KC3000 1TB. Wysoka jakość wykonania, znakomita wydajność oraz energooszczędność. Gwarancja pełnej kompatybilności & wsparcie techniczne producenta w standardzie.",http://localhost:8000/detail.html?id=399,tabela,8
400,Kingston DeathAdder V3 #400,Klawiatury i Myszy,Kingston,1302.97,PLN,Ostatnie 3 sztuki,Nowy,4.1,413,,,2026-10-07,True,SKU-10400,590000000400,Srebrny,2.66,21 x 12 x 2 cm,Polikarbonat i aluminium,Niemcy,USB-C Power Delivery 65W,"CE, RoHS, ISO 9001, Energy Star","Urządzenie Kingston DeathAdder V3, kabel zasilający, instrukcja obsługi w j. polskim, karta gwarancyjna",Taktowanie magistrali: 4443 MHz; Poziom emisji hałasu: 21 dB; Pobór mocy znamionowy: 73 W; Architektura procesora: x86_64 / ARMv9; Wersja oprogramowania układowego (Firmware): v3.2.47,"Oryginalny produkt marki Kingston z serii DeathAdder V3. Wysoka jakość wykonania, znakomita wydajność oraz energooszczędność. Gwarancja pełnej kompatybilności & wsparcie techniczne producenta w standardzie.",http://localhost:8000/detail.html?id=400,tabela,8
401,Apple MikroTik hAP ax3 #401,Akcesoria sieciowe,Apple,5236.31,EUR,Ostatnie 3 sztuki,Powystawowy,,0,,,2026-08-22,True,SKU-10401,590000000401,Srebrny,2.38,29 x 20 x 6 cm,Polikarbonat i aluminium,Polska,Baterie AAA / Akumulator,"CE, RoHS, ISO 9001, Energy Star","Urządzenie Apple MikroTik hAP ax3, kabel zasilający, instrukcja obsługi w j. polskim, karta gwarancyjna",Taktowanie magistrali: 3888 MHz; Poziom emisji hałasu: 27 dB; Pobór mocy znamionowy: 66 W; Architektura procesora: x86_64 / ARMv9; Wersja oprogramowania układowego (Firmware): v4.9.97,"Oryginalny produkt marki Apple z serii MikroTik hAP ax3. Wysoka jakość wykonania, znakomita wydajność oraz energooszczędność. Gwarancja pełnej kompatybilności & wsparcie techniczne producenta w standardzie.",http://localhost:8000/detail.html?id=401,karta,9
402,Dell T7 Shield 2TB #402,Dyski SSD,Dell,549.76,USD,Wysyłka w 24h,Powystawowy,4.5,288,,,2026-06-19,True,SKU-10402,590000000402,Czarny mat,1.67,24 x 30 x 9 cm,Aluminium szczotkowane,Japonia,Sieciowe 230V,"CE, RoHS, ISO 9001, Energy Star","Urządzenie Dell T7 Shield 2TB, kabel zasilający, instrukcja obsługi w j. polskim, karta gwarancyjna",Taktowanie magistrali: 3939 MHz; Poziom emisji hałasu: 23 dB; Pobór mocy znamionowy: 87 W; Architektura procesora: x86_64 / ARMv9; Wersja oprogramowania układowego (Firmware): v4.1.38,"Oryginalny produkt marki Dell z serii T7 Shield 2TB. Wysoka jakość wykonania, znakomita wydajność oraz energooszczędność. Gwarancja pełnej kompatybilności & wsparcie techniczne producenta w standardzie.",http://localhost:8000/detail.html?id=402,karta,9
403,Lenovo UltraGear 27GR95QE #403,Monitory,Lenovo,1674.82,PLN,Ostatnie 3 sztuki,Powystawowy,3.8,310,48 miesięcy,48,2026-06-22,True,SKU-10403,590000000403,Granatowy metalik,0.29,29 x 22 x 1 cm,Polikarbonat i aluminium,Tajwan,Baterie AAA / Akumulator,"CE, RoHS, ISO 9001, Energy Star","Urządzenie Lenovo UltraGear 27GR95QE, kabel zasilający, instrukcja obsługi w j. polskim, karta gwarancyjna",Taktowanie magistrali: 4261 MHz; Poziom emisji hałasu: 19 dB; Pobór mocy znamionowy: 84 W; Architektura procesora: x86_64 / ARMv9; Wersja oprogramowania układowego (Firmware): v2.7.28,"Oryginalny produkt marki Lenovo z serii UltraGear 27GR95QE. Wysoka jakość wykonania, znakomita wydajność oraz energooszczędność. Gwarancja pełnej kompatybilności & wsparcie techniczne producenta w standardzie.",http://localhost:8000/detail.html?id=403,karta,9
404,Dell MX Keys Mini #404,Klawiatury i Myszy,Dell,7624.9,EUR,Dostępny w salonie,Nowy,3.7,326,,,2026-08-15,True,SKU-10404,590000000404,Srebrny,0.95,11 x 12 x 7 cm,Tworzywo ABS wzmocnione,Tajwan,Akumulator Li-Ion,"CE, RoHS, ISO 9001, Energy Star","Urządzenie Dell MX Keys Mini, kabel zasilający, instrukcja obsługi w j. polskim, karta gwarancyjna",Taktowanie magistrali: 3521 MHz; Poziom emisji hałasu: 30 dB; Pobór mocy znamionowy: 25 W; Architektura procesora: x86_64 / ARMv9; Wersja oprogramowania układowego (Firmware): v3.7.63,"Oryginalny produkt marki Dell z serii MX Keys Mini. Wysoka jakość wykonania, znakomita wydajność oraz energooszczędność. Gwarancja pełnej kompatybilności & wsparcie techniczne producenta w standardzie.",http://localhost:8000/detail.html?id=404,karta,9
405,Sony Apex Pro TKL #405,Klawiatury i Myszy,Sony,4329.5,PLN,Ostatnie 3 sztuki,Powystawowy,4.9,224,Dożywotnia producenta,,2026-08-30,True,SKU-10405,590000000405,Srebrny,0.21,38 x 24 x 3 cm,Tworzywo ABS wzmocnione,Japonia,Sieciowe 230V,"CE, RoHS, ISO 9001, Energy Star","Urządzenie Sony Apex Pro TKL, kabel zasilający, instrukcja obsługi w j. polskim, karta gwarancyjna",Taktowanie magistrali: 4697 MHz; Poziom emisji hałasu: 37 dB; Pobór mocy znamionowy: 40 W; Architektura procesora: x86_64 / ARMv9; Wersja oprogramowania układowego (Firmware): v1.9.88,"Oryginalny produkt marki Sony z serii Apex Pro TKL. Wysoka jakość wykonania, znakomita wydajność oraz energooszczędność. Gwarancja pełnej kompatybilności & wsparcie techniczne producenta w standardzie.",http://localhost:8000/detail.html?id=405,karta,9
406,Apple WF-1000XM5 #406,Audio i Słuchawki,Apple,7906.08,PLN,Ostatnie 3 sztuki,Powystawowy,4.7,325,Dożywotnia producenta,,2026-08-23,True,SKU-10406,590000000406,Gwiezdna szarość,4.29,31 x 28 x 1 cm,Tworzywo ABS wzmocnione,Tajwan,Sieciowe 230V,"CE, RoHS, ISO 9001, Energy Star","Urządzenie Apple WF-1000XM5, kabel zasilający, instrukcja obsługi w j. polskim, karta gwarancyjna",Taktowanie magistrali: 3295 MHz; Poziom emisji hałasu: 24 dB; Pobór mocy znamionowy: 68 W; Architektura procesora: x86_64 / ARMv9; Wersja oprogramowania układowego (Firmware): v2.9.58,"Oryginalny produkt marki Apple z serii WF-1000XM5. Wysoka jakość wykonania, znakomita wydajność oraz energooszczędność. Gwarancja pełnej kompatybilności & wsparcie techniczne producenta w standardzie.",http://localhost:8000/detail.html?id=406,karta,9
407,Apple T7 Shield 2TB #407,Dyski SSD,Apple,1084.49,EUR,Dostępny na zamówienie,Nowy,5.0,212,36 miesięcy,36,2026-04-21,True,SKU-10407,590000000407,Granatowy metalik,2.74,27 x 23 x 7 cm,Polikarbonat i aluminium,Tajwan,USB-C Power Delivery 65W,"CE, RoHS, ISO 9001, Energy Star","Urządzenie Apple T7 Shield 2TB, kabel zasilający, instrukcja obsługi w j. polskim, karta gwarancyjna",Taktowanie magistrali: 6389 MHz; Poziom emisji hałasu: 28 dB; Pobór mocy znamionowy: 29 W; Architektura procesora: x86_64 / ARMv9; Wersja oprogramowania układowego (Firmware): v2.7.64,"Oryginalny produkt marki Apple z serii T7 Shield 2TB. Wysoka jakość wykonania, znakomita wydajność oraz energooszczędność. Gwarancja pełnej kompatybilności & wsparcie techniczne producenta w standardzie.",http://localhost:8000/detail.html?id=407,karta,9
408,Lenovo iPhone 15 Pro #408,Smartfony,Lenovo,228.77,PLN,Ostatnie 3 sztuki,Nowy,3.4,384,Dożywotnia producenta,,2026-03-23,False,SKU-10408,590000000408,Biały perłowy,2.55,13 x 16 x 8 cm,Tworzywo ABS wzmocnione,Polska,Baterie AAA / Akumulator,"CE, RoHS, ISO 9001, Energy Star","Urządzenie Lenovo iPhone 15 Pro, kabel zasilający, instrukcja obsługi w j. polskim, karta gwarancyjna",Taktowanie magistrali: 4219 MHz; Poziom emisji hałasu: 34 dB; Pobór mocy znamionowy: 89 W; Architektura procesora: x86_64 / ARMv9; Wersja oprogramowania układowego (Firmware): v1.4.63,"Oryginalny produkt marki Lenovo z serii iPhone 15 Pro. Wysoka jakość wykonania, znakomita wydajność oraz energooszczędność. Gwarancja pełnej kompatybilności & wsparcie techniczne producenta w standardzie.",http://localhost:8000/detail.html?id=408,karta,9
409,ASUS WH-1000XM5 #409,Audio i Słuchawki,ASUS,6278.35,USD,Dostępny na zamówienie,Odnowiony przez producenta,3.7,338,48 miesięcy,48,2026-08-31,True,SKU-10409,590000000409,Granatowy metalik,1.53,15 x 28 x 7 cm,Szkło hartowane i metal,Niemcy,Baterie AAA / Akumulator,"CE, RoHS, ISO 9001, Energy Star","Urządzenie ASUS WH-1000XM5, kabel zasilający, instrukcja obsługi w j. polskim, karta gwarancyjna",Taktowanie magistrali: 6087 MHz; Poziom emisji hałasu: 31 dB; Pobór mocy znamionowy: 19 W; Architektura procesora: x86_64 / ARMv9; Wersja oprogramowania układowego (Firmware): v1.0.29,"Oryginalny produkt marki ASUS z serii WH-1000XM5. Wysoka jakość wykonania, znakomita wydajność oraz energooszczędność. Gwarancja pełnej kompatybilności & wsparcie techniczne producenta w standardzie.",http://localhost:8000/detail.html?id=409,karta,9
410,Kingston K780 Wireless #410,Klawiatury i Myszy,Kingston,506.49,PLN,Dostępny w salonie,Nowy,4.0,326,24 miesiące,24,2026-06-12,True,SKU-10410,590000000410,Granatowy metalik,3.56,36 x 30 x 5 cm,Stop magnezu i aluminium,Korea Południowa,USB-C Power Delivery 65W,"CE, RoHS, ISO 9001, Energy Star","Urządzenie Kingston K780 Wireless, kabel zasilający, instrukcja obsługi w j. polskim, karta gwarancyjna",Taktowanie magistrali: 4518 MHz; Poziom emisji hałasu: 23 dB; Pobór mocy znamionowy: 70 W; Architektura procesora: x86_64 / ARMv9; Wersja oprogramowania układowego (Firmware): v2.1.26,"Oryginalny produkt marki Kingston z serii K780 Wireless. Wysoka jakość wykonania, znakomita wydajność oraz energooszczędność. Gwarancja pełnej kompatybilności & wsparcie techniczne producenta w standardzie.",http://localhost:8000/detail.html?id=410,karta,9
411,Lenovo MX Master 3S #411,Klawiatury i Myszy,Lenovo,190.15,PLN,Ostatnie 3 sztuki,Powystawowy,3.5,317,12 miesięcy,12,2026-08-26,False,SKU-10411,590000000411,Gwiezdna szarość,2.48,17 x 22 x 5 cm,Aluminium szczotkowane,Chiny,USB-C Power Delivery 65W,"CE, RoHS, ISO 9001, Energy Star","Urządzenie Lenovo MX Master 3S, kabel zasilający, instrukcja obsługi w j. polskim, karta gwarancyjna",Taktowanie magistrali: 5440 MHz; Poziom emisji hałasu: 22 dB; Pobór mocy znamionowy: 73 W; Architektura procesora: x86_64 / ARMv9; Wersja oprogramowania układowego (Firmware): v3.2.40,"Oryginalny produkt marki Lenovo z serii MX Master 3S. Wysoka jakość wykonania, znakomita wydajność oraz energooszczędność. Gwarancja pełnej kompatybilności & wsparcie techniczne producenta w standardzie.",http://localhost:8000/detail.html?id=411,karta,9
412,HP Galaxy S24 Ultra #412,Smartfony,HP,4675.9,PLN,Wysyłka w 24h,Powystawowy,,0,Dożywotnia producenta,,2026-08-05,True,SKU-10412,590000000412,Gwiezdna szarość,1.85,25 x 10 x 7 cm,Polikarbonat i aluminium,Polska,Sieciowe 230V,"CE, RoHS, ISO 9001, Energy Star","Urządzenie HP Galaxy S24 Ultra, kabel zasilający, instrukcja obsługi w j. polskim, karta gwarancyjna",Taktowanie magistrali: 2980 MHz; Poziom emisji hałasu: 27 dB; Pobór mocy znamionowy: 48 W; Architektura procesora: x86_64 / ARMv9; Wersja oprogramowania układowego (Firmware): v2.1.19,"Oryginalny produkt marki HP z serii Galaxy S24 Ultra. Wysoka jakość wykonania, znakomita wydajność oraz energooszczędność. Gwarancja pełnej kompatybilności & wsparcie techniczne producenta w standardzie.",http://localhost:8000/detail.html?id=412,karta,9
413,ASUS Apex Pro TKL #413,Klawiatury i Myszy,ASUS,5104.06,EUR,Dostępny na zamówienie,Powystawowy,3.5,153,,,2026-03-17,True,SKU-10413,590000000413,Granatowy metalik,2.76,10 x 15 x 9 cm,Tworzywo ABS wzmocnione,Chiny,Sieciowe 230V,"CE, RoHS, ISO 9001, Energy Star","Urządzenie ASUS Apex Pro TKL, kabel zasilający, instrukcja obsługi w j. polskim, karta gwarancyjna",Taktowanie magistrali: 4723 MHz; Poziom emisji hałasu: 38 dB; Pobór mocy znamionowy: 92 W; Architektura procesora: x86_64 / ARMv9; Wersja oprogramowania układowego (Firmware): v1.1.53,"Oryginalny produkt marki ASUS z serii Apex Pro TKL. Wysoka jakość wykonania, znakomita wydajność oraz energooszczędność. Gwarancja pełnej kompatybilności & wsparcie techniczne producenta w standardzie.",http://localhost:8000/detail.html?id=413,karta,9
414,Kingston MX Master 3S #414,Klawiatury i Myszy,Kingston,4191.16,PLN,Dostępny na zamówienie,Powystawowy,3.6,187,,,2026-08-25,True,SKU-10414,590000000414,Gwiezdna szarość,4.3,21 x 27 x 5 cm,Polikarbonat i aluminium,Japonia,Baterie AAA / Akumulator,"CE, RoHS, ISO 9001, Energy Star","Urządzenie Kingston MX Master 3S, kabel zasilający, instrukcja obsługi w j. polskim, karta gwarancyjna",Taktowanie magistrali: 3741 MHz; Poziom emisji hałasu: 22 dB; Pobór mocy znamionowy: 43 W; Architektura procesora: x86_64 / ARMv9; Wersja oprogramowania układowego (Firmware): v1.2.44,"Oryginalny produkt marki Kingston z serii MX Master 3S. Wysoka jakość wykonania, znakomita wydajność oraz energooszczędność. Gwarancja pełnej kompatybilności & wsparcie techniczne producenta w standardzie.",http://localhost:8000/detail.html?id=414,karta,9
415,Samsung Momentum 4 #415,Audio i Słuchawki,Samsung,5526.75,PLN,Dostępny na zamówienie,Powystawowy,3.7,202,,,2026-10-06,True,SKU-10415,590000000415,Granatowy metalik,0.62,22 x 23 x 4 cm,Tworzywo ABS wzmocnione,Korea Południowa,USB-C Power Delivery 65W,"CE, RoHS, ISO 9001, Energy Star","Urządzenie Samsung Momentum 4, kabel zasilający, instrukcja obsługi w j. polskim, karta gwarancyjna",Taktowanie magistrali: 6306 MHz; Poziom emisji hałasu: 33 dB; Pobór mocy znamionowy: 70 W; Architektura procesora: x86_64 / ARMv9; Wersja oprogramowania układowego (Firmware): v4.6.86,"Oryginalny produkt marki Samsung z serii Momentum 4. Wysoka jakość wykonania, znakomita wydajność oraz energooszczędność. Gwarancja pełnej kompatybilności & wsparcie techniczne producenta w standardzie.",http://localhost:8000/detail.html?id=415,karta,9
416,Logitech Pixel 8 Pro #416,Smartfony,Logitech,7667.97,EUR,Dostępny na zamówienie,Nowy,3.9,310,Dożywotnia producenta,,2026-10-07,True,SKU-10416,590000000416,Czarny mat,1.09,21 x 21 x 3 cm,Aluminium szczotkowane,Tajwan,Sieciowe 230V,"CE, RoHS, ISO 9001, Energy Star","Urządzenie Logitech Pixel 8 Pro, kabel zasilający, instrukcja obsługi w j. polskim, karta gwarancyjna",Taktowanie magistrali: 2869 MHz; Poziom emisji hałasu: 23 dB; Pobór mocy znamionowy: 118 W; Architektura procesora: x86_64 / ARMv9; Wersja oprogramowania układowego (Firmware): v3.6.33,"Oryginalny produkt marki Logitech z serii Pixel 8 Pro. Wysoka jakość wykonania, znakomita wydajność oraz energooszczędność. Gwarancja pełnej kompatybilności & wsparcie techniczne producenta w standardzie.",http://localhost:8000/detail.html?id=416,tabela,9
417,Dell Lenovo Tab P12 #417,Tablety,Dell,3775.48,PLN,W magazynie,Odnowiony przez producenta,4.8,288,,,2026-10-06,True,SKU-10417,590000000417,Biały perłowy,3.12,23 x 20 x 6 cm,Stop magnezu i aluminium,Niemcy,Sieciowe 230V,"CE, RoHS, ISO 9001, Energy Star","Urządzenie Dell Lenovo Tab P12, kabel zasilający, instrukcja obsługi w j. polskim, karta gwarancyjna",Taktowanie magistrali: 4559 MHz; Poziom emisji hałasu: 24 dB; Pobór mocy znamionowy: 28 W; Architektura procesora: x86_64 / ARMv9; Wersja oprogramowania układowego (Firmware): v3.9.95,"Oryginalny produkt marki Dell z serii Lenovo Tab P12. Wysoka jakość wykonania, znakomita wydajność oraz energooszczędność. Gwarancja pełnej kompatybilności & wsparcie techniczne producenta w standardzie.",http://localhost:8000/detail.html?id=417,tabela,9
418,Logitech Archer AXE75 #418,Akcesoria sieciowe,Logitech,3426.77,USD,Dostępny w salonie,Nowy,,0,,,2026-10-04,True,SKU-10418,590000000418,Biały perłowy,1.39,36 x 22 x 1 cm,Szkło hartowane i metal,Korea Południowa,Sieciowe 230V,"CE, RoHS, ISO 9001, Energy Star","Urządzenie Logitech Archer AXE75, kabel zasilający, instrukcja obsługi w j. polskim, karta gwarancyjna",Taktowanie magistrali: 3368 MHz; Poziom emisji hałasu: 36 dB; Pobór mocy znamionowy: 17 W; Architektura procesora: x86_64 / ARMv9; Wersja oprogramowania układowego (Firmware): v3.0.92,"Oryginalny produkt marki Logitech z serii Archer AXE75. Wysoka jakość wykonania, znakomita wydajność oraz energooszczędność. Gwarancja pełnej kompatybilności & wsparcie techniczne producenta w standardzie.",http://localhost:8000/detail.html?id=418,tabela,9
419,Dell Galaxy Tab S9 #419,Tablety,Dell,6654.82,PLN,Wysyłka w 24h,Powystawowy,3.7,163,48 miesięcy,48,2026-04-12,True,SKU-10419,590000000419,Czarny mat,3.82,40 x 29 x 2 cm,Stop magnezu i aluminium,Polska,Sieciowe 230V,"CE, RoHS, ISO 9001, Energy Star","Urządzenie Dell Galaxy Tab S9, kabel zasilający, instrukcja obsługi w j. polskim, karta gwarancyjna",Taktowanie magistrali: 5572 MHz; Poziom emisji hałasu: 28 dB; Pobór mocy znamionowy: 78 W; Architektura procesora: x86_64 / ARMv9; Wersja oprogramowania układowego (Firmware): v1.6.48,"Oryginalny produkt marki Dell z serii Galaxy Tab S9. Wysoka jakość wykonania, znakomita wydajność oraz energooszczędność. Gwarancja pełnej kompatybilności & wsparcie techniczne producenta w standardzie.",http://localhost:8000/detail.html?id=419,tabela,9
420,HP XPS 15 #420,Laptopy,HP,6903.97,USD,Dostępny na zamówienie,Nowy,3.6,46,36 miesięcy,36,2026-03-09,True,SKU-10420,590000000420,Srebrny,1.58,29 x 22 x 5 cm,Stop magnezu i aluminium,Chiny,Akumulator Li-Ion,"CE, RoHS, ISO 9001, Energy Star","Urządzenie HP XPS 15, kabel zasilający, instrukcja obsługi w j. polskim, karta gwarancyjna",Taktowanie magistrali: 5955 MHz; Poziom emisji hałasu: 19 dB; Pobór mocy znamionowy: 48 W; Architektura procesora: x86_64 / ARMv9; Wersja oprogramowania układowego (Firmware): v1.1.16,"Oryginalny produkt marki HP z serii XPS 15. Wysoka jakość wykonania, znakomita wydajność oraz energooszczędność. Gwarancja pełnej kompatybilności & wsparcie techniczne producenta w standardzie.",http://localhost:8000/detail.html?id=420,tabela,9
