id;sku;nazwa;kategoria;producent;cena_pln;waluta;cena_oryginalna;dostepnosc;ocena;liczba_opinii;data_dodania;gwarancja;kolor;waga;waga_kg;stan_magazynowy;wymiary;material;kraj_pochodzenia;data_premiery;sprzedawca;czas_dostawy;koszt_dostawy_pln;ean;numer_katalogowy;zawartosc_zestawu;specyfikacja;opis;link
1001;LAP-92315;Dell Inspiron 15 8/256 GB;Laptopy;Dell;5429.99;PLN;5429.99;Na zamówienie;4.0;21;15.11.2024;24 mies.;niebieski;1,43 kg;1.43;0;33,9 × 38,7 × 17,7 cm;aluminium i tworzywo;Tajlandia;10.09.2023;TechStore;do 14 dni;0.0;5906021458421;DEINSPIRON-118;laptop, zasilacz, instrukcja;"Procesor: AMD Ryzen 7 7735HS | Ekran: 16"" 2560×1600 | System operacyjny: bez systemu";Dell Inspiron 15 to laptop z oferty TechStore. Produkt dostarczany jest w oryginalnym opakowaniu producenta i objęty pełną obsługą serwisową.;produkt.html?id=1001
1002;SMA-61014;Nokia X30 6/128 GB;Smartfony;Nokia;3779.99;PLN;3779.99;Dostępny;;170;28.03.2024;36 mies.;niebieski;0,17 kg;0.17;75;39,3 × 38,6 × 16,5 cm;stal i tworzywo;Wietnam;17.09.2022;TechStore;24 h;0.0;5903244845263;NOX30-864;telefon, kabel USB-C, kluczyk do karty SIM;"Przekątna ekranu: 6,1"" | Aparat główny: 64 Mpx | Bateria: 5000 mAh";Nokia X30 to smartfon z oferty TechStore. Produkt dostarczany jest w oryginalnym opakowaniu producenta i objęty pełną obsługą serwisową.;produkt.html?id=1002
1003;SLU-94332;Logitech G435 zielone;Słuchawki;Logitech;1039.99;PLN;1039.99;Na zamówienie;3.8;1507;14.11.2025;12 mies.;zielone;0,31 kg;0.31;0;52,9 × 33,5 × 10,1 cm;aluminium i tworzywo;Indie;24.10.2024;TechStore;do 14 dni;0.0;5903829932157;LOG435-209;słuchawki, etui, kabel USB-C;Typ: douszne | Łączność: Bluetooth 5.2 | Czas pracy: 30 h;Logitech G435 to słuchawki z oferty TechStore. Produkt dostarczany jest w oryginalnym opakowaniu producenta i objęty pełną obsługą serwisową.;produkt.html?id=1003
1004;MON-20819;Dell P2723DE + kabel DisplayPort;Monitory;Dell;1889.99;PLN;1889.99;Ostatnie sztuki;5.0;2026;28.07.2026;36 mies.;biały;5,89 kg;5.89;1;13,9 × 36,9 × 6,3 cm;aluminium i tworzywo;Wietnam;01.11.2024;Partner: ElektroHurt;1–2 dni robocze;0.0;5903256885576;DEP2723DE-421;monitor, podstawa, kabel zasilający, kabel HDMI;"Przekątna: 27"" | Rozdzielczość: 1920×1080 | Odświeżanie: 144 Hz";Dell P2723DE to monitor z oferty TechStore. Produkt dostarczany jest w oryginalnym opakowaniu producenta i objęty pełną obsługą serwisową.;produkt.html?id=1004
1005;DRU-25446;Brother HL-L2445DW + kabel USB;Drukarki;Brother;1299.99;PLN;1299.99;Ostatnie sztuki;4.7;1820;01.10.2024;24 mies.;srebrny;8,63 kg;8.63;3;39,5 × 19,8 × 14,2 cm;aluminium i tworzywo;Indie;23.09.2023;Partner: ElektroHurt;1–2 dni robocze;0.0;5908435281449;BRHLL2445D-569;drukarka, startowy materiał eksploatacyjny, kabel zasilający;Technologia druku: laserowa mono | Prędkość druku: 34 str./min | Łączność: Wi-Fi, LAN, USB;Brother HL-L2445DW to drukarka z oferty TechStore. Produkt dostarczany jest w oryginalnym opakowaniu producenta i objęty pełną obsługą serwisową.;produkt.html?id=1005
1006;AKC-37513;Logitech G502 X czarny;Akcesoria;Logitech;819.99;PLN;819.99;Niedostępny;4.3;245;21.02.2026;24 mies.;czarny;0,69 kg;0.69;0;47,6 × 23,0 × 22,3 cm;aluminium i tworzywo;Chiny;11.06.2025;TechStore;brak terminu;0.0;5902048425996;LOG502X-952;urządzenie, odbiornik/kabel, instrukcja;Łączność: Bluetooth | Zasilanie: bateria AA | Kompatybilność: Windows;Logitech G502 X to akcesorium komputerowe z oferty TechStore. Produkt dostarczany jest w oryginalnym opakowaniu producenta i objęty pełną obsługą serwisową.;produkt.html?id=1006
1007;LAP-92597;ASUS TUF Gaming A15 8/256 GB;Laptopy;ASUS;7149.99;PLN;7149.99;Ostatnie sztuki;4.2;768;11.06.2025;36 mies.;czarny;1,53 kg;1.53;3;27,4 × 24,9 × 15,1 cm;tworzywo sztuczne;Chiny;08.08.2024;TechStore;1–2 dni robocze;0.0;5901253739241;ASTUFGAMIN-681;laptop, zasilacz, instrukcja;"Procesor: AMD Ryzen 7 7735HS | Ekran: 14"" 1920×1200 | System operacyjny: Windows 11 Home";ASUS TUF Gaming A15 to laptop z oferty TechStore. Produkt dostarczany jest w oryginalnym opakowaniu producenta i objęty pełną obsługą serwisową.;produkt.html?id=1007
1008;SMA-55030;Xiaomi Redmi Note 13 12/256 GB;Smartfony;Xiaomi;2789.99;PLN;2789.99;Ostatnie sztuki;4.3;1045;04.11.2025;24 mies.;biały;0,21 kg;0.21;3;19,3 × 38,4 × 10,6 cm;tworzywo sztuczne;Tajlandia;11.08.2024;TechStore;1–2 dni robocze;0.0;5904072075473;XIREDMINOT-476;telefon, kabel USB-C, kluczyk do karty SIM;"Przekątna ekranu: 6,1"" | Aparat główny: 108 Mpx | Bateria: 5000 mAh";Xiaomi Redmi Note 13 to smartfon z oferty TechStore. Produkt dostarczany jest w oryginalnym opakowaniu producenta i objęty pełną obsługą serwisową.;produkt.html?id=1008
1009;SLU-96580;JBL Tune Beam zielone;Słuchawki;JBL;1169.99;PLN;1169.99;Na zamówienie;3.4;2302;28.11.2024;12 mies.;zielone;0,19 kg;0.19;0;28,0 × 38,9 × 4,0 cm;tworzywo sztuczne;Wietnam;12.06.2024;Partner: ElektroHurt;do 14 dni;0.0;5904886193073;JBTUNEBEAM-314;słuchawki, etui, kabel USB-C;Typ: dokanałowe | Łączność: Bluetooth 5.3 + jack 3,5 mm | Czas pracy: 50 h;JBL Tune Beam to słuchawki z oferty TechStore. Produkt dostarczany jest w oryginalnym opakowaniu producenta i objęty pełną obsługą serwisową.;produkt.html?id=1009
1010;MON-89530;iiyama G-Master GB2770 + uchwyt VESA;Monitory;iiyama;1409.99;PLN;1409.99;Niedostępny;;2346;06.07.2025;36 mies.;szary;4,07 kg;4.07;0;14,4 × 5,3 × 5,5 cm;tworzywo sztuczne;Malezja;25.11.2023;Partner: ElektroHurt;brak terminu;0.0;5900442248527;IIGMASTERG-272;monitor, podstawa, kabel zasilający, kabel HDMI;"Przekątna: 23,8"" | Rozdzielczość: 2560×1440 | Odświeżanie: 144 Hz";iiyama G-Master GB2770 to monitor z oferty TechStore. Produkt dostarczany jest w oryginalnym opakowaniu producenta i objęty pełną obsługą serwisową.;produkt.html?id=1010
1011;DRU-29090;Xerox B230 + etui na dokumenty;Drukarki;Xerox;1459.99;PLN;1459.99;Ostatnie sztuki;;387;07.06.2024;24 mies.;niebieski;14,05 kg;14.05;1;51,1 × 13,1 × 16,9 cm;stal i tworzywo;Tajwan;28.11.2023;TechStore Outlet;1–2 dni robocze;0.0;5904502831663;XEB230-953;drukarka, startowy materiał eksploatacyjny, kabel zasilający;Technologia druku: laserowa kolor | Prędkość druku: 30 str./min | Łączność: USB;Xerox B230 to drukarka z oferty TechStore. Produkt dostarczany jest w oryginalnym opakowaniu producenta i objęty pełną obsługą serwisową.;produkt.html?id=1011
1012;AKC-83271;Logitech MX Master 3S niebieski;Akcesoria;Logitech;429.99;PLN;429.99;Dostępny;4.8;864;06.10.2025;brak informacji;niebieski;0,9 kg;0.9;16;54,4 × 43,6 × 11,3 cm;tworzywo sztuczne;Indie;16.11.2024;TechStore Outlet;24 h;0.0;5903115921236;LOMXMASTER-293;urządzenie, odbiornik/kabel, instrukcja;Łączność: Bluetooth | Zasilanie: akumulator | Kompatybilność: Windows, macOS, Linux;Logitech MX Master 3S to akcesorium komputerowe z oferty TechStore. Produkt dostarczany jest w oryginalnym opakowaniu producenta i objęty pełną obsługą serwisową.;produkt.html?id=1012
1013;LAP-24085;Acer Swift Go 14 32/2 TB;Laptopy;Acer;2349.99;PLN;2349.99;Dostępny;3.5;1470;14.05.2025;24 mies.;grafitowy;2,38 kg;2.38;76;50,3 × 25,1 × 13,7 cm;aluminium;Wietnam;07.03.2025;TechStore Outlet;24 h;0.0;5909908541775;ACSWIFTGO1-659;laptop, zasilacz, instrukcja;"Procesor: Intel Core i5-1335U | Ekran: 16"" 2560×1600 | System operacyjny: Windows 11 Home";Acer Swift Go 14 to laptop z oferty TechStore. Produkt dostarczany jest w oryginalnym opakowaniu producenta i objęty pełną obsługą serwisową.;produkt.html?id=1013
1014;SMA-85363;Nokia X30 8/128 GB;Smartfony;Nokia;969.99;PLN;969.99;Ostatnie sztuki;4.0;89;29.03.2026;24 mies.;biały;0,21 kg;0.21;4;58,4 × 34,6 × 13,5 cm;aluminium i tworzywo;Indie;19.04.2025;TechStore;1–2 dni robocze;0.0;5902016128400;NOX30-866;telefon, kabel USB-C, kluczyk do karty SIM;"Przekątna ekranu: 6,6"" | Aparat główny: 64 Mpx | Bateria: 5000 mAh";Nokia X30 to smartfon z oferty TechStore. Produkt dostarczany jest w oryginalnym opakowaniu producenta i objęty pełną obsługą serwisową.;produkt.html?id=1014
1015;SLU-42665;Sennheiser Accentum czarne;Słuchawki;Sennheiser;1329.99;PLN;1329.99;Dostępny;;465;04.03.2025;24 mies.;czarne;0,05 kg;0.05;61;30,1 × 8,9 × 6,8 cm;aluminium i tworzywo;Wietnam;19.06.2023;Partner: ElektroHurt;24 h;0.0;5907967807360;SEACCENTUM-642;słuchawki, etui, kabel USB-C;Typ: nauszne | Łączność: Bluetooth 5.2 | Czas pracy: 40 h;Sennheiser Accentum to słuchawki z oferty TechStore. Produkt dostarczany jest w oryginalnym opakowaniu producenta i objęty pełną obsługą serwisową.;produkt.html?id=1015
1016;MON-32290;Dell U2424H + uchwyt VESA;Monitory;Dell;2879.99;PLN;2879.99;Dostępny;4.6;432;23.08.2025;36 mies.;grafitowy;3,55 kg;3.55;56;13,4 × 41,3 × 6,2 cm;aluminium;Malezja;25.07.2024;TechStore;24 h;0.0;5900330428451;DEU2424H-361;monitor, podstawa, kabel zasilający, kabel HDMI;"Przekątna: 31,5"" | Rozdzielczość: 2560×1440 | Odświeżanie: 75 Hz";Dell U2424H to monitor z oferty TechStore. Produkt dostarczany jest w oryginalnym opakowaniu producenta i objęty pełną obsługą serwisową.;produkt.html?id=1016
1017;DRU-16162;Canon PIXMA TS5350i;Drukarki;Canon;2409.99;PLN;2409.99;Niedostępny;3.4;268;28.10.2025;24 mies.;srebrny;14,72 kg;14.72;0;32,9 × 25,7 × 12,9 cm;aluminium;Tajlandia;07.02.2025;TechStore Outlet;brak terminu;0.0;5900490741828;CAPIXMATS5-750;drukarka, startowy materiał eksploatacyjny, kabel zasilający;Technologia druku: laserowa kolor | Prędkość druku: 30 str./min | Łączność: Wi-Fi, LAN, USB;Canon PIXMA TS5350i to drukarka z oferty TechStore. Produkt dostarczany jest w oryginalnym opakowaniu producenta i objęty pełną obsługą serwisową.;produkt.html?id=1017
1018;AKC-33392;Logitech G502 X biały;Akcesoria;Logitech;147.96;USD;36.99;Dostępny;3.4;816;27.03.2025;36 mies.;biały;0,83 kg;0.83;35;52,3 × 35,7 × 20,7 cm;stal i tworzywo;Indie;01.04.2024;TechStore;24 h;14.99;5905642710512;LOG502X-680;urządzenie, odbiornik/kabel, instrukcja;Łączność: przewodowa USB | Zasilanie: akumulator | Kompatybilność: Windows;Logitech G502 X to akcesorium komputerowe z oferty TechStore. Produkt dostarczany jest w oryginalnym opakowaniu producenta i objęty pełną obsługą serwisową.;produkt.html?id=1018
1019;LAP-54382;Acer Aspire 5 8/256 GB;Laptopy;Acer;2959.96;USD;739.99;Niedostępny;;86;04.03.2025;brak informacji;biały;2,01 kg;2.01;0;33,8 × 43,8 × 9,2 cm;tworzywo sztuczne;Indie;09.06.2023;Partner: ElektroHurt;brak terminu;0.0;5903163499924;ACASPIRE5-864;laptop, zasilacz, instrukcja;"Procesor: Intel Core i5-1335U | Ekran: 14"" 1920×1200 | System operacyjny: bez systemu";Acer Aspire 5 to laptop z oferty TechStore. Produkt dostarczany jest w oryginalnym opakowaniu producenta i objęty pełną obsługą serwisową.;produkt.html?id=1019
1020;SMA-24828;Xiaomi 14T 12/512 GB;Smartfony;Xiaomi;2489.99;PLN;2489.99;Na zamówienie;3.1;2160;13.08.2026;24 mies.;srebrny;0,21 kg;0.21;0;10,8 × 12,6 × 8,8 cm;aluminium;Malezja;21.04.2025;TechStore Outlet;do 14 dni;0.0;5906407942607;XI14T-701;telefon, kabel USB-C, kluczyk do karty SIM;"Przekątna ekranu: 6,6"" | Aparat główny: 108 Mpx | Bateria: 5000 mAh";Xiaomi 14T to smartfon z oferty TechStore. Produkt dostarczany jest w oryginalnym opakowaniu producenta i objęty pełną obsługą serwisową.;produkt.html?id=1020
1021;SLU-90269;Sony WF-1000XM5 zielone;Słuchawki;Sony;879.99;PLN;879.99;Dostępny;;1206;17.04.2026;24 mies.;zielone;0,09 kg;0.09;31;34,0 × 11,7 × 14,2 cm;stal i tworzywo;Indie;28.03.2025;TechStore Outlet;24 h;0.0;5906352136295;SOWF1000XM-760;słuchawki, etui, kabel USB-C;Typ: douszne | Łączność: Bluetooth 5.3 | Czas pracy: 40 h;Sony WF-1000XM5 to słuchawki z oferty TechStore. Produkt dostarczany jest w oryginalnym opakowaniu producenta i objęty pełną obsługą serwisową.;produkt.html?id=1021
1022;MON-68304;iiyama G-Master GB2770 + kabel DisplayPort;Monitory;iiyama;1771.56;EUR;411.99;Ostatnie sztuki;4.0;242;17.11.2025;48 mies.;biały;5,87 kg;5.87;4;48,9 × 37,9 × 15,7 cm;aluminium i tworzywo;Wietnam;28.04.2024;Partner: ElektroHurt;1–2 dni robocze;0.0;5900985846388;IIGMASTERG-392;monitor, podstawa, kabel zasilający, kabel HDMI;"Przekątna: 23,8"" | Rozdzielczość: 1920×1080 | Odświeżanie: 180 Hz";iiyama G-Master GB2770 to monitor z oferty TechStore. Produkt dostarczany jest w oryginalnym opakowaniu producenta i objęty pełną obsługą serwisową.;produkt.html?id=1022
1023;DRU-41982;Canon i-SENSYS MF453dw;Drukarki;Canon;1479.99;PLN;1479.99;Dostępny;4.7;119;24.05.2026;brak informacji;srebrny;14,48 kg;14.48;50;5,7 × 6,6 × 3,4 cm;tworzywo sztuczne;Malezja;11.01.2025;TechStore;24 h;0.0;5903279672683;CAISENSYSM-482;drukarka, startowy materiał eksploatacyjny, kabel zasilający;Technologia druku: laserowa kolor | Prędkość druku: 30 str./min | Łączność: USB;Canon i-SENSYS MF453dw to drukarka z oferty TechStore. Produkt dostarczany jest w oryginalnym opakowaniu producenta i objęty pełną obsługą serwisową.;produkt.html?id=1023
1024;AKC-18692;Trust Ozaa biały;Akcesoria;Trust;499.99;PLN;499.99;Dostępny;3.4;1695;08.07.2026;24 mies.;biały;0,07 kg;0.07;89;12,4 × 22,6 × 21,5 cm;aluminium;Tajlandia;25.01.2026;Partner: ElektroHurt;24 h;0.0;5901387592115;TROZAA-342;urządzenie, odbiornik/kabel, instrukcja;Łączność: przewodowa USB | Zasilanie: bateria AA | Kompatybilność: Windows;Trust Ozaa to akcesorium komputerowe z oferty TechStore. Produkt dostarczany jest w oryginalnym opakowaniu producenta i objęty pełną obsługą serwisową.;produkt.html?id=1024
1025;LAP-22916;Lenovo Yoga 7 32/1 TB;Laptopy;Lenovo;4939.99;PLN;4939.99;Ostatnie sztuki;3.4;281;01.05.2025;24 mies.;szary;1,62 kg;1.62;1;48,3 × 13,8 × 20,2 cm;aluminium;Indie;24.03.2024;TechStore;1–2 dni robocze;0.0;5908836152029;LEYOGA7-720;laptop, zasilacz, instrukcja;"Procesor: Intel Core i5-1335U | Ekran: 15,6"" 1920×1080 | System operacyjny: bez systemu";Lenovo Yoga 7 to laptop z oferty TechStore. Produkt dostarczany jest w oryginalnym opakowaniu producenta i objęty pełną obsługą serwisową.;produkt.html?id=1025
1026;SMA-40662;Xiaomi Redmi Note 13 6/128 GB;Smartfony;Xiaomi;1009.99;PLN;1009.99;Na zamówienie;3.9;139;06.06.2026;36 mies.;niebieski;0,2 kg;0.2;0;49,6 × 16,0 × 7,4 cm;aluminium;Tajlandia;06.05.2026;TechStore;do 14 dni;0.0;5904874643972;XIREDMINOT-466;telefon, kabel USB-C, kluczyk do karty SIM;"Przekątna ekranu: 6,1"" | Aparat główny: 108 Mpx | Bateria: 5500 mAh";Xiaomi Redmi Note 13 to smartfon z oferty TechStore. Produkt dostarczany jest w oryginalnym opakowaniu producenta i objęty pełną obsługą serwisową.;produkt.html?id=1026
1027;SLU-65614;Sony WH-1000XM5 czarne;Słuchawki;Sony;669.99;PLN;669.99;Niedostępny;3.8;436;10.12.2024;12 mies.;czarne;0,17 kg;0.17;0;23,6 × 13,5 × 12,5 cm;aluminium i tworzywo;Malezja;26.09.2024;Partner: ElektroHurt;brak terminu;0.0;5906795965056;SOWH1000XM-853;słuchawki, etui, kabel USB-C;Typ: dokanałowe | Łączność: Bluetooth 5.3 | Czas pracy: 50 h;Sony WH-1000XM5 to słuchawki z oferty TechStore. Produkt dostarczany jest w oryginalnym opakowaniu producenta i objęty pełną obsługą serwisową.;produkt.html?id=1027
1028;MON-43733;Dell P2723DE + uchwyt VESA;Monitory;Dell;1849.99;PLN;1849.99;Ostatnie sztuki;;319;24.09.2024;36 mies.;srebrny;4,97 kg;4.97;1;20,2 × 7,5 × 11,0 cm;aluminium;Indie;10.05.2024;TechStore;1–2 dni robocze;0.0;5900598719889;DEP2723DE-155;monitor, podstawa, kabel zasilający, kabel HDMI;"Przekątna: 23,8"" | Rozdzielczość: 3840×2160 | Odświeżanie: 180 Hz";Dell P2723DE to monitor z oferty TechStore. Produkt dostarczany jest w oryginalnym opakowaniu producenta i objęty pełną obsługą serwisową.;produkt.html?id=1028
1029;DRU-47627;Brother MFC-L2800DW + kabel USB;Drukarki;Brother;429.99;PLN;429.99;Niedostępny;4.2;1807;25.01.2024;24 mies.;czarny;12,69 kg;12.69;0;58,1 × 20,3 × 12,5 cm;tworzywo sztuczne;Chiny;21.09.2023;TechStore Outlet;brak terminu;0.0;5906424829601;BRMFCL2800-564;drukarka, startowy materiał eksploatacyjny, kabel zasilający;Technologia druku: laserowa mono | Prędkość druku: 30 str./min | Łączność: Wi-Fi, USB;Brother MFC-L2800DW to drukarka z oferty TechStore. Produkt dostarczany jest w oryginalnym opakowaniu producenta i objęty pełną obsługą serwisową.;produkt.html?id=1029
1030;AKC-48680;SteelSeries Aerox 5 czarny;Akcesoria;SteelSeries;299.99;PLN;299.99;Dostępny;3.3;1910;29.07.2024;brak informacji;czarny;0,43 kg;0.43;118;14,9 × 13,8 × 8,3 cm;aluminium;Tajlandia;12.11.2023;TechStore;24 h;14.99;5901561059148;STAEROX5-324;urządzenie, odbiornik/kabel, instrukcja;Łączność: bezprzewodowa 2,4 GHz | Zasilanie: z kabla USB | Kompatybilność: Windows, macOS, Linux;SteelSeries Aerox 5 to akcesorium komputerowe z oferty TechStore. Produkt dostarczany jest w oryginalnym opakowaniu producenta i objęty pełną obsługą serwisową.;produkt.html?id=1030
1031;LAP-42948;Dell Vostro 3520 32/1 TB;Laptopy;Dell;6779.99;PLN;6779.99;Dostępny;3.5;729;30.11.2025;24 mies.;grafitowy;1,34 kg;1.34;51;19,5 × 29,7 × 1,8 cm;aluminium i tworzywo;Tajwan;23.07.2024;TechStore Outlet;24 h;0.0;5901929480853;DEVOSTRO35-836;laptop, zasilacz, instrukcja;"Procesor: AMD Ryzen 7 7735HS | Ekran: 16"" 2560×1600 | System operacyjny: Windows 11 Home";Dell Vostro 3520 to laptop z oferty TechStore. Produkt dostarczany jest w oryginalnym opakowaniu producenta i objęty pełną obsługą serwisową.;produkt.html?id=1031
1032;SMA-47217;Nokia G42 12/256 GB;Smartfony;Nokia;1489.99;PLN;1489.99;Ostatnie sztuki;;193;14.03.2024;24 mies.;biały;0,19 kg;0.19;3;51,1 × 6,9 × 13,0 cm;stal i tworzywo;Indie;09.08.2022;TechStore Outlet;1–2 dni robocze;0.0;5906133800530;NOG42-741;telefon, kabel USB-C, kluczyk do karty SIM;"Przekątna ekranu: 6,7"" | Aparat główny: 64 Mpx | Bateria: 4500 mAh";Nokia G42 to smartfon z oferty TechStore. Produkt dostarczany jest w oryginalnym opakowaniu producenta i objęty pełną obsługą serwisową.;produkt.html?id=1032
1033;SLU-18164;Sennheiser Momentum 4 czarne;Słuchawki;Sennheiser;739.99;PLN;739.99;Niedostępny;3.8;2218;15.05.2025;12 mies.;czarne;0,25 kg;0.25;0;37,5 × 22,8 × 21,8 cm;stal i tworzywo;Malezja;25.06.2023;TechStore;brak terminu;0.0;5908856810670;SEMOMENTUM-758;słuchawki, etui, kabel USB-C;Typ: douszne | Łączność: Bluetooth 5.3 | Czas pracy: 50 h;Sennheiser Momentum 4 to słuchawki z oferty TechStore. Produkt dostarczany jest w oryginalnym opakowaniu producenta i objęty pełną obsługą serwisową.;produkt.html?id=1033
1034;MON-99780;Dell S2721DS;Monitory;Dell;789.99;PLN;789.99;Dostępny;;2160;06.08.2024;36 mies.;biały;5,32 kg;5.32;20;50,0 × 26,4 × 5,8 cm;stal i tworzywo;Malezja;30.11.2023;TechStore Outlet;24 h;0.0;5902623942464;DES2721DS-532;monitor, podstawa, kabel zasilający, kabel HDMI;"Przekątna: 31,5"" | Rozdzielczość: 3840×2160 | Odświeżanie: 180 Hz";Dell S2721DS to monitor z oferty TechStore. Produkt dostarczany jest w oryginalnym opakowaniu producenta i objęty pełną obsługą serwisową.;produkt.html?id=1034
1035;DRU-53344;Canon i-SENSYS MF453dw + ryza papieru A4;Drukarki;Canon;909.99;PLN;909.99;Niedostępny;3.5;1097;27.06.2026;24 mies.;czarny;13,17 kg;13.17;0;51,9 × 33,3 × 20,8 cm;aluminium;Indie;19.08.2025;TechStore;brak terminu;0.0;5907233496770;CAISENSYSM-380;drukarka, startowy materiał eksploatacyjny, kabel zasilający;Technologia druku: atramentowa kolor | Prędkość druku: 30 str./min | Łączność: USB;Canon i-SENSYS MF453dw to drukarka z oferty TechStore. Produkt dostarczany jest w oryginalnym opakowaniu producenta i objęty pełną obsługą serwisową.;produkt.html?id=1035
1036;AKC-64909;SteelSeries Apex 3 TKL różowy;Akcesoria;SteelSeries;739.99;PLN;739.99;Na zamówienie;4.4;1147;17.03.2025;24 mies.;różowy;0,91 kg;0.91;0;19,1 × 31,5 × 22,8 cm;aluminium i tworzywo;Malezja;03.11.2023;TechStore Outlet;do 14 dni;0.0;5900823595349;STAPEX3TKL-789;urządzenie, odbiornik/kabel, instrukcja;Łączność: Bluetooth | Zasilanie: z kabla USB | Kompatybilność: Windows;SteelSeries Apex 3 TKL to akcesorium komputerowe z oferty TechStore. Produkt dostarczany jest w oryginalnym opakowaniu producenta i objęty pełną obsługą serwisową.;produkt.html?id=1036
1037;LAP-22168;HP Pavilion 15 32/1 TB;Laptopy;HP;2719.99;PLN;2719.99;Dostępny;4.5;31;02.07.2024;36 mies.;niebieski;1,67 kg;1.67;56;47,1 × 27,9 × 3,6 cm;aluminium;Tajwan;15.01.2023;TechStore;24 h;0.0;5900100052007;HPPAVILION-152;laptop, zasilacz, instrukcja;"Procesor: Intel Core i7-1355U | Ekran: 14"" 1920×1200 | System operacyjny: Windows 11 Home";HP Pavilion 15 to laptop z oferty TechStore. Produkt dostarczany jest w oryginalnym opakowaniu producenta i objęty pełną obsługą serwisową.;produkt.html?id=1037
1038;SMA-79345;Apple iPhone 15 12/512 GB;Smartfony;Apple;2119.86;EUR;492.99;Na zamówienie;;1637;03.05.2025;24 mies.;czarny;0,19 kg;0.19;0;17,5 × 4,6 × 21,4 cm;aluminium;Indie;31.03.2025;TechStore;do 14 dni;0.0;5904635110203;APIPHONE15-623;telefon, kabel USB-C, kluczyk do karty SIM;"Przekątna ekranu: 6,1"" | Aparat główny: 108 Mpx | Bateria: 4500 mAh";Apple iPhone 15 to smartfon z oferty TechStore. Produkt dostarczany jest w oryginalnym opakowaniu producenta i objęty pełną obsługą serwisową.;produkt.html?id=1038
1039;SLU-56068;Logitech Zone Vibe 100 niebieskie;Słuchawki;Logitech;789.99;PLN;789.99;Ostatnie sztuki;4.2;183;19.05.2025;12 mies.;niebieskie;0,07 kg;0.07;2;52,5 × 36,0 × 15,5 cm;tworzywo sztuczne;Tajlandia;23.09.2024;TechStore;1–2 dni robocze;0.0;5902670812977;LOZONEVIBE-120;słuchawki, etui, kabel USB-C;Typ: dokanałowe | Łączność: Bluetooth 5.3 + jack 3,5 mm | Czas pracy: 30 h;Logitech Zone Vibe 100 to słuchawki z oferty TechStore. Produkt dostarczany jest w oryginalnym opakowaniu producenta i objęty pełną obsługą serwisową.;produkt.html?id=1039
1040;MON-23206;Dell S2721DS + kabel USB-C;Monitory;Dell;2339.99;PLN;2339.99;Dostępny;3.8;491;13.05.2025;36 mies.;niebieski;6,35 kg;6.35;20;34,5 × 16,2 × 11,2 cm;tworzywo sztuczne;Wietnam;05.03.2024;TechStore;24 h;0.0;5909914706755;DES2721DS-366;monitor, podstawa, kabel zasilający, kabel HDMI;"Przekątna: 27"" | Rozdzielczość: 2560×1440 | Odświeżanie: 144 Hz";Dell S2721DS to monitor z oferty TechStore. Produkt dostarczany jest w oryginalnym opakowaniu producenta i objęty pełną obsługą serwisową.;produkt.html?id=1040
1041;DRU-21940;Xerox B225 + ryza papieru A4;Drukarki;Xerox;2469.99;PLN;2469.99;Dostępny;3.3;659;17.09.2024;24 mies.;biały;10,71 kg;10.71;39;33,5 × 40,5 × 23,5 cm;aluminium i tworzywo;Tajwan;22.07.2024;TechStore;24 h;0.0;5903662829092;XEB225-115;drukarka, startowy materiał eksploatacyjny, kabel zasilający;Technologia druku: laserowa kolor | Prędkość druku: 30 str./min | Łączność: Wi-Fi, USB;Xerox B225 to drukarka z oferty TechStore. Produkt dostarczany jest w oryginalnym opakowaniu producenta i objęty pełną obsługą serwisową.;produkt.html?id=1041
1042;AKC-99483;Logitech MX Master 3S różowy;Akcesoria;Logitech;409.99;PLN;409.99;Niedostępny;3.8;491;26.01.2024;36 mies.;różowy;0,96 kg;0.96;0;7,1 × 7,4 × 6,5 cm;tworzywo sztuczne;Wietnam;29.11.2022;TechStore;brak terminu;0.0;5908987041517;LOMXMASTER-648;urządzenie, odbiornik/kabel, instrukcja;Łączność: Bluetooth | Zasilanie: akumulator | Kompatybilność: Windows;Logitech MX Master 3S to akcesorium komputerowe z oferty TechStore. Produkt dostarczany jest w oryginalnym opakowaniu producenta i objęty pełną obsługą serwisową.;produkt.html?id=1042
1043;LAP-28378;Acer Swift Go 14 16/1 TB;Laptopy;Acer;4789.99;PLN;4789.99;Ostatnie sztuki;4.4;2094;22.06.2025;24 mies.;czarny;2,33 kg;2.33;4;6,3 × 10,0 × 6,1 cm;stal i tworzywo;Indie;16.09.2023;Partner: ElektroHurt;1–2 dni robocze;0.0;5909612138560;ACSWIFTGO1-566;laptop, zasilacz, instrukcja;"Procesor: AMD Ryzen 5 7530U | Ekran: 14"" 1920×1200 | System operacyjny: Windows 11 Pro";Acer Swift Go 14 to laptop z oferty TechStore. Produkt dostarczany jest w oryginalnym opakowaniu producenta i objęty pełną obsługą serwisową.;produkt.html?id=1043
1044;SMA-18615;Motorola Moto G84 8/256 GB;Smartfony;Motorola;1539.99;PLN;1539.99;Dostępny;;1482;30.05.2026;brak informacji;czarny;0,18 kg;0.18;116;17,2 × 18,4 × 11,0 cm;aluminium i tworzywo;Chiny;19.10.2024;Partner: ElektroHurt;24 h;0.0;5900637171124;MOMOTOG84-331;telefon, kabel USB-C, kluczyk do karty SIM;"Przekątna ekranu: 6,1"" | Aparat główny: 50 Mpx | Bateria: 5000 mAh";Motorola Moto G84 to smartfon z oferty TechStore. Produkt dostarczany jest w oryginalnym opakowaniu producenta i objęty pełną obsługą serwisową.;produkt.html?id=1044
1045;SLU-10229;Sony WF-1000XM5 niebieskie;Słuchawki;Sony;571.86;EUR;132.99;Dostępny;;648;28.05.2024;12 mies.;niebieskie;0,09 kg;0.09;18;20,2 × 26,8 × 21,7 cm;tworzywo sztuczne;Tajwan;17.07.2022;Partner: ElektroHurt;24 h;0.0;5905114829418;SOWF1000XM-316;słuchawki, etui, kabel USB-C;Typ: nauszne | Łączność: Bluetooth 5.3 | Czas pracy: 50 h;Sony WF-1000XM5 to słuchawki z oferty TechStore. Produkt dostarczany jest w oryginalnym opakowaniu producenta i objęty pełną obsługą serwisową.;produkt.html?id=1045
1046;MON-38324;BenQ GW2785TC + głośniki USB;Monitory;BenQ;2499.99;PLN;2499.99;Dostępny;4.0;2180;08.07.2024;36 mies.;grafitowy;4,0 kg;4.0;31;22,2 × 31,5 × 7,1 cm;stal i tworzywo;Malezja;28.03.2024;TechStore Outlet;24 h;0.0;5906040542468;BEGW2785TC-804;monitor, podstawa, kabel zasilający, kabel HDMI;"Przekątna: 31,5"" | Rozdzielczość: 3840×2160 | Odświeżanie: 144 Hz";BenQ GW2785TC to monitor z oferty TechStore. Produkt dostarczany jest w oryginalnym opakowaniu producenta i objęty pełną obsługą serwisową.;produkt.html?id=1046
1047;DRU-92924;HP OfficeJet Pro 9120e;Drukarki;HP;1669.99;PLN;1669.99;Ostatnie sztuki;;1130;13.11.2024;36 mies.;grafitowy;7,92 kg;7.92;4;26,1 × 42,8 × 1,3 cm;stal i tworzywo;Chiny;04.08.2023;TechStore Outlet;1–2 dni robocze;0.0;5901393605504;HPOFFICEJE-688;drukarka, startowy materiał eksploatacyjny, kabel zasilający;Technologia druku: atramentowa kolor | Prędkość druku: 34 str./min | Łączność: Wi-Fi, USB;HP OfficeJet Pro 9120e to drukarka z oferty TechStore. Produkt dostarczany jest w oryginalnym opakowaniu producenta i objęty pełną obsługą serwisową.;produkt.html?id=1047
1048;AKC-81275;Microsoft Ergonomic Keyboard niebieski;Akcesoria;Microsoft;269.99;PLN;269.99;Niedostępny;3.3;1643;08.09.2025;24 mies.;niebieski;0,26 kg;0.26;0;27,4 × 13,3 × 21,5 cm;tworzywo sztuczne;Malezja;05.08.2025;Partner: ElektroHurt;brak terminu;14.99;5904469403720;MIERGONOMI-420;urządzenie, odbiornik/kabel, instrukcja;Łączność: bezprzewodowa 2,4 GHz | Zasilanie: akumulator | Kompatybilność: Windows, macOS, Linux;Microsoft Ergonomic Keyboard to akcesorium komputerowe z oferty TechStore. Produkt dostarczany jest w oryginalnym opakowaniu producenta i objęty pełną obsługą serwisową.;produkt.html?id=1048
1049;LAP-17618;HP EliteBook 840 16/512 GB;Laptopy;HP;5169.99;PLN;5169.99;Ostatnie sztuki;4.1;182;14.01.2026;36 mies.;srebrny;1,56 kg;1.56;4;17,9 × 41,3 × 18,2 cm;stal i tworzywo;Chiny;09.12.2025;TechStore;1–2 dni robocze;0.0;5909622098769;HPELITEBOO-440;laptop, zasilacz, instrukcja;"Procesor: Intel Core i5-1335U | Ekran: 16"" 2560×1600 | System operacyjny: bez systemu";HP EliteBook 840 to laptop z oferty TechStore. Produkt dostarczany jest w oryginalnym opakowaniu producenta i objęty pełną obsługą serwisową.;produkt.html?id=1049
1050;SMA-26747;Google Pixel 9 8/128 GB;Smartfony;Google;2969.99;PLN;2969.99;Dostępny;3.1;2020;29.06.2024;24 mies.;czarny;0,21 kg;0.21;114;6,9 × 18,9 × 24,4 cm;tworzywo sztuczne;Wietnam;21.10.2023;TechStore Outlet;24 h;0.0;5906929844278;GOPIXEL9-246;telefon, kabel USB-C, kluczyk do karty SIM;"Przekątna ekranu: 6,1"" | Aparat główny: 200 Mpx | Bateria: 5000 mAh";Google Pixel 9 to smartfon z oferty TechStore. Produkt dostarczany jest w oryginalnym opakowaniu producenta i objęty pełną obsługą serwisową.;produkt.html?id=1050
1051;SLU-24813;JBL Live 670NC beżowe;Słuchawki;JBL;599.99;PLN;599.99;Dostępny;4.0;1800;18.06.2024;12 mies.;beżowe;0,23 kg;0.23;94;48,2 × 44,1 × 10,5 cm;tworzywo sztuczne;Indie;25.11.2023;TechStore Outlet;24 h;0.0;5909214153447;JBLIVE670N-757;słuchawki, etui, kabel USB-C;Typ: nauszne | Łączność: Bluetooth 5.3 + jack 3,5 mm | Czas pracy: 30 h;JBL Live 670NC to słuchawki z oferty TechStore. Produkt dostarczany jest w oryginalnym opakowaniu producenta i objęty pełną obsługą serwisową.;produkt.html?id=1051
1052;MON-87362;AOC 24G2U + głośniki USB;Monitory;AOC;2489.99;PLN;2489.99;Niedostępny;3.4;367;09.02.2025;36 mies.;niebieski;5,55 kg;5.55;0;46,0 × 29,0 × 4,6 cm;tworzywo sztuczne;Chiny;15.03.2024;Partner: ElektroHurt;brak terminu;0.0;5903129471502;AO24G2U-753;monitor, podstawa, kabel zasilający, kabel HDMI;"Przekątna: 23,8"" | Rozdzielczość: 2560×1440 | Odświeżanie: 180 Hz";AOC 24G2U to monitor z oferty TechStore. Produkt dostarczany jest w oryginalnym opakowaniu producenta i objęty pełną obsługą serwisową.;produkt.html?id=1052
1053;DRU-62979;Canon PIXMA G650 + kabel USB;Drukarki;Canon;2409.99;PLN;2409.99;Ostatnie sztuki;3.7;1760;09.04.2024;24 mies.;szary;10,13 kg;10.13;2;5,8 × 41,0 × 11,3 cm;aluminium i tworzywo;Indie;08.04.2023;TechStore Outlet;1–2 dni robocze;0.0;5906450114594;CAPIXMAG65-520;drukarka, startowy materiał eksploatacyjny, kabel zasilający;Technologia druku: laserowa kolor | Prędkość druku: 20 str./min | Łączność: Wi-Fi, USB;Canon PIXMA G650 to drukarka z oferty TechStore. Produkt dostarczany jest w oryginalnym opakowaniu producenta i objęty pełną obsługą serwisową.;produkt.html?id=1053
1054;AKC-25333;Trust GXT 922 Ybar grafitowy;Akcesoria;Trust;449.99;PLN;449.99;Dostępny;3.5;975;15.07.2026;24 mies.;grafitowy;0,39 kg;0.39;19;22,6 × 30,0 × 17,9 cm;stal i tworzywo;Chiny;04.04.2026;TechStore;24 h;0.0;5905604083781;TRGXT922YB-723;urządzenie, odbiornik/kabel, instrukcja;Łączność: przewodowa USB | Zasilanie: bateria AA | Kompatybilność: Windows;Trust GXT 922 Ybar to akcesorium komputerowe z oferty TechStore. Produkt dostarczany jest w oryginalnym opakowaniu producenta i objęty pełną obsługą serwisową.;produkt.html?id=1054
1055;LAP-59656;ASUS VivoBook 16 8/256 GB;Laptopy;ASUS;6339.99;PLN;6339.99;Dostępny;3.3;1453;19.08.2026;24 mies.;biały;1,52 kg;1.52;51;39,1 × 36,8 × 4,9 cm;aluminium;Tajlandia;03.10.2025;TechStore;24 h;0.0;5903921025490;ASVIVOBOOK-974;laptop, zasilacz, instrukcja;"Procesor: AMD Ryzen 5 7530U | Ekran: 14"" 1920×1200 | System operacyjny: Windows 11 Home";ASUS VivoBook 16 to laptop z oferty TechStore. Produkt dostarczany jest w oryginalnym opakowaniu producenta i objęty pełną obsługą serwisową.;produkt.html?id=1055
1056;SMA-94640;Motorola Edge 40 12/512 GB;Smartfony;Motorola;3699.99;PLN;3699.99;Dostępny;3.7;393;08.08.2024;24 mies.;niebieski;0,2 kg;0.2;77;19,0 × 28,5 × 2,1 cm;stal i tworzywo;Wietnam;22.01.2023;TechStore Outlet;24 h;0.0;5905424744805;MOEDGE40-696;telefon, kabel USB-C, kluczyk do karty SIM;"Przekątna ekranu: 6,6"" | Aparat główny: 200 Mpx | Bateria: 5500 mAh";Motorola Edge 40 to smartfon z oferty TechStore. Produkt dostarczany jest w oryginalnym opakowaniu producenta i objęty pełną obsługą serwisową.;produkt.html?id=1056
1057;SLU-67011;Logitech Zone Vibe 100 czarne;Słuchawki;Logitech;1479.99;PLN;1479.99;Na zamówienie;4.6;1726;05.10.2024;24 mies.;czarne;0,14 kg;0.14;0;27,0 × 32,4 × 4,8 cm;stal i tworzywo;Indie;13.11.2022;TechStore;do 14 dni;0.0;5903405613575;LOZONEVIBE-123;słuchawki, etui, kabel USB-C;Typ: douszne | Łączność: Bluetooth 5.3 + jack 3,5 mm | Czas pracy: 40 h;Logitech Zone Vibe 100 to słuchawki z oferty TechStore. Produkt dostarczany jest w oryginalnym opakowaniu producenta i objęty pełną obsługą serwisową.;produkt.html?id=1057
1058;MON-13706;BenQ EW3280U + głośniki USB;Monitory;BenQ;1109.99;PLN;1109.99;Dostępny;4.0;1816;02.08.2026;36 mies.;srebrny;4,46 kg;4.46;40;28,1 × 5,8 × 20,9 cm;aluminium i tworzywo;Chiny;12.10.2024;Partner: ElektroHurt;24 h;0.0;5908869180441;BEEW3280U-632;monitor, podstawa, kabel zasilający, kabel HDMI;"Przekątna: 31,5"" | Rozdzielczość: 2560×1440 | Odświeżanie: 180 Hz";BenQ EW3280U to monitor z oferty TechStore. Produkt dostarczany jest w oryginalnym opakowaniu producenta i objęty pełną obsługą serwisową.;produkt.html?id=1058
1059;DRU-62842;Canon PIXMA G650 + ryza papieru A4;Drukarki;Canon;2379.96;USD;594.99;Dostępny;3.2;1828;01.09.2026;24 mies.;grafitowy;8,12 kg;8.12;70;52,5 × 44,7 × 22,5 cm;aluminium;Tajwan;18.01.2025;TechStore Outlet;24 h;0.0;5907817246641;CAPIXMAG65-274;drukarka, startowy materiał eksploatacyjny, kabel zasilający;Technologia druku: atramentowa kolor | Prędkość druku: 20 str./min | Łączność: USB;Canon PIXMA G650 to drukarka z oferty TechStore. Produkt dostarczany jest w oryginalnym opakowaniu producenta i objęty pełną obsługą serwisową.;produkt.html?id=1059
1060;AKC-90611;Trust GXT 922 Ybar czarny;Akcesoria;Trust;889.99;PLN;889.99;Dostępny;3.2;1991;01.07.2026;brak informacji;czarny;0,78 kg;0.78;73;37,3 × 25,7 × 22,6 cm;aluminium i tworzywo;Wietnam;19.06.2025;Partner: ElektroHurt;24 h;0.0;5908878499961;TRGXT922YB-601;urządzenie, odbiornik/kabel, instrukcja;Łączność: bezprzewodowa 2,4 GHz | Zasilanie: akumulator | Kompatybilność: Windows, macOS;Trust GXT 922 Ybar to akcesorium komputerowe z oferty TechStore. Produkt dostarczany jest w oryginalnym opakowaniu producenta i objęty pełną obsługą serwisową.;produkt.html?id=1060
1061;LAP-97106;Lenovo ThinkPad E14 8/256 GB;Laptopy;Lenovo;6559.99;PLN;6559.99;Niedostępny;3.2;2237;25.06.2025;36 mies.;grafitowy;1,43 kg;1.43;0;31,4 × 13,9 × 22,6 cm;tworzywo sztuczne;Malezja;13.04.2025;TechStore Outlet;brak terminu;0.0;5908531624487;LETHINKPAD-169;laptop, zasilacz, instrukcja;"Procesor: Intel Core i7-1355U | Ekran: 14"" 1920×1200 | System operacyjny: Windows 11 Home";Lenovo ThinkPad E14 to laptop z oferty TechStore. Produkt dostarczany jest w oryginalnym opakowaniu producenta i objęty pełną obsługą serwisową.;produkt.html?id=1061
1062;SMA-52816;Nokia X30 12/512 GB;Smartfony;Nokia;971.76;EUR;225.99;Na zamówienie;3.2;2175;25.02.2024;brak informacji;grafitowy;0,17 kg;0.17;0;58,7 × 39,2 × 15,0 cm;tworzywo sztuczne;Tajlandia;01.08.2022;TechStore;do 14 dni;0.0;5907785457910;NOX30-213;telefon, kabel USB-C, kluczyk do karty SIM;"Przekątna ekranu: 6,1"" | Aparat główny: 64 Mpx | Bateria: 5000 mAh";Nokia X30 to smartfon z oferty TechStore. Produkt dostarczany jest w oryginalnym opakowaniu producenta i objęty pełną obsługą serwisową.;produkt.html?id=1062
1063;SLU-46035;Sony WF-1000XM5 białe;Słuchawki;Sony;299.99;PLN;299.99;Dostępny;;485;25.02.2026;12 mies.;białe;0,08 kg;0.08;45;8,2 × 43,8 × 5,7 cm;tworzywo sztuczne;Chiny;25.04.2025;TechStore;24 h;14.99;5909378736674;SOWF1000XM-594;słuchawki, etui, kabel USB-C;Typ: douszne | Łączność: Bluetooth 5.3 | Czas pracy: 60 h;Sony WF-1000XM5 to słuchawki z oferty TechStore. Produkt dostarczany jest w oryginalnym opakowaniu producenta i objęty pełną obsługą serwisową.;produkt.html?id=1063
1064;MON-11789;BenQ EW3280U + kabel USB-C;Monitory;BenQ;1699.99;PLN;1699.99;Dostępny;4.7;2340;14.09.2024;36 mies.;biały;7,22 kg;7.22;33;9,2 × 36,2 × 22,6 cm;tworzywo sztuczne;Tajlandia;02.11.2022;TechStore;24 h;0.0;5902824314335;BEEW3280U-690;monitor, podstawa, kabel zasilający, kabel HDMI;"Przekątna: 27"" | Rozdzielczość: 3840×2160 | Odświeżanie: 165 Hz";BenQ EW3280U to monitor z oferty TechStore. Produkt dostarczany jest w oryginalnym opakowaniu producenta i objęty pełną obsługą serwisową.;produkt.html?id=1064
1065;DRU-52765;Xerox B225;Drukarki;Xerox;2059.99;PLN;2059.99;Dostępny;3.4;1930;16.03.2024;brak informacji;srebrny;12,92 kg;12.92;55;26,0 × 37,4 × 24,6 cm;aluminium i tworzywo;Tajlandia;13.02.2023;TechStore;24 h;0.0;5905204265116;XEB225-284;drukarka, startowy materiał eksploatacyjny, kabel zasilający;Technologia druku: laserowa kolor | Prędkość druku: 34 str./min | Łączność: Wi-Fi, USB;Xerox B225 to drukarka z oferty TechStore. Produkt dostarczany jest w oryginalnym opakowaniu producenta i objęty pełną obsługą serwisową.;produkt.html?id=1065
1066;AKC-62152;Microsoft Ergonomic Keyboard różowy;Akcesoria;Microsoft;219.99;PLN;219.99;Dostępny;4.2;1759;06.07.2025;24 mies.;różowy;1,02 kg;1.02;99;50,1 × 16,7 × 9,8 cm;aluminium i tworzywo;Malezja;15.12.2024;TechStore;24 h;14.99;5905518300071;MIERGONOMI-419;urządzenie, odbiornik/kabel, instrukcja;Łączność: przewodowa USB | Zasilanie: akumulator | Kompatybilność: Windows;Microsoft Ergonomic Keyboard to akcesorium komputerowe z oferty TechStore. Produkt dostarczany jest w oryginalnym opakowaniu producenta i objęty pełną obsługą serwisową.;produkt.html?id=1066
1067;LAP-43545;Lenovo Yoga 7 8/256 GB;Laptopy;Lenovo;5359.99;PLN;5359.99;Dostępny;;701;13.02.2025;24 mies.;srebrny;2,06 kg;2.06;71;12,0 × 21,5 × 8,8 cm;aluminium i tworzywo;Wietnam;20.04.2024;TechStore;24 h;0.0;5908430590619;LEYOGA7-230;laptop, zasilacz, instrukcja;"Procesor: AMD Ryzen 5 7530U | Ekran: 15,6"" 1920×1080 | System operacyjny: Windows 11 Pro";Lenovo Yoga 7 to laptop z oferty TechStore. Produkt dostarczany jest w oryginalnym opakowaniu producenta i objęty pełną obsługą serwisową.;produkt.html?id=1067
1068;SMA-57265;Apple iPhone 15 8/256 GB;Smartfony;Apple;1869.99;PLN;1869.99;Na zamówienie;4.3;679;23.11.2024;36 mies.;niebieski;0,22 kg;0.22;0;40,7 × 21,8 × 4,4 cm;stal i tworzywo;Tajlandia;06.12.2023;TechStore;do 14 dni;0.0;5901703613873;APIPHONE15-111;telefon, kabel USB-C, kluczyk do karty SIM;"Przekątna ekranu: 6,6"" | Aparat główny: 200 Mpx | Bateria: 4500 mAh";Apple iPhone 15 to smartfon z oferty TechStore. Produkt dostarczany jest w oryginalnym opakowaniu producenta i objęty pełną obsługą serwisową.;produkt.html?id=1068
1069;SLU-96702;Sennheiser HD 450BT niebieskie;Słuchawki;Sennheiser;689.99;PLN;689.99;Niedostępny;;1399;21.07.2025;brak informacji;niebieskie;0,11 kg;0.11;0;5,5 × 3,3 × 2,2 cm;stal i tworzywo;Tajwan;29.02.2024;Partner: ElektroHurt;brak terminu;0.0;5909825753707;SEHD450BT-296;słuchawki, etui, kabel USB-C;Typ: nauszne | Łączność: Bluetooth 5.3 | Czas pracy: 60 h;Sennheiser HD 450BT to słuchawki z oferty TechStore. Produkt dostarczany jest w oryginalnym opakowaniu producenta i objęty pełną obsługą serwisową.;produkt.html?id=1069
1070;MON-11471;LG 32UN650;Monitory;LG;1179.99;PLN;1179.99;Dostępny;3.3;1187;07.03.2025;48 mies.;szary;6,12 kg;6.12;31;12,4 × 6,2 × 24,8 cm;aluminium i tworzywo;Malezja;06.11.2023;Partner: ElektroHurt;24 h;0.0;5901726142251;LG32UN650-428;monitor, podstawa, kabel zasilający, kabel HDMI;"Przekątna: 31,5"" | Rozdzielczość: 2560×1440 | Odświeżanie: 144 Hz";LG 32UN650 to monitor z oferty TechStore. Produkt dostarczany jest w oryginalnym opakowaniu producenta i objęty pełną obsługą serwisową.;produkt.html?id=1070
1071;DRU-85525;Brother DCP-L2620DW + zapasowy toner;Drukarki;Brother;2407.96;EUR;559.99;Na zamówienie;3.5;645;28.01.2026;36 mies.;niebieski;8,8 kg;8.8;0;5,6 × 44,2 × 10,3 cm;aluminium;Malezja;22.08.2024;Partner: ElektroHurt;do 14 dni;0.0;5900770913175;BRDCPL2620-610;drukarka, startowy materiał eksploatacyjny, kabel zasilający;Technologia druku: atramentowa kolor | Prędkość druku: 30 str./min | Łączność: Wi-Fi, LAN, USB;Brother DCP-L2620DW to drukarka z oferty TechStore. Produkt dostarczany jest w oryginalnym opakowaniu producenta i objęty pełną obsługą serwisową.;produkt.html?id=1071
1072;AKC-86132;SteelSeries Aerox 5 niebieski;Akcesoria;SteelSeries;839.99;PLN;839.99;Dostępny;4.5;1769;26.05.2025;36 mies.;niebieski;0,56 kg;0.56;64;14,1 × 31,2 × 6,9 cm;stal i tworzywo;Wietnam;12.01.2024;TechStore Outlet;24 h;0.0;5900342365966;STAEROX5-144;urządzenie, odbiornik/kabel, instrukcja;Łączność: bezprzewodowa 2,4 GHz | Zasilanie: bateria AA | Kompatybilność: Windows, macOS, Linux;SteelSeries Aerox 5 to akcesorium komputerowe z oferty TechStore. Produkt dostarczany jest w oryginalnym opakowaniu producenta i objęty pełną obsługą serwisową.;produkt.html?id=1072
1073;LAP-47114;Lenovo IdeaPad Slim 5 16/1 TB;Laptopy;Lenovo;7949.99;PLN;7949.99;Dostępny;4.9;1594;10.10.2025;36 mies.;srebrny;1,43 kg;1.43;59;9,5 × 25,5 × 22,7 cm;aluminium i tworzywo;Wietnam;25.11.2023;TechStore;24 h;0.0;5900446181183;LEIDEAPADS-316;laptop, zasilacz, instrukcja;"Procesor: AMD Ryzen 5 7530U | Ekran: 16"" 2560×1600 | System operacyjny: Windows 11 Home";Lenovo IdeaPad Slim 5 to laptop z oferty TechStore. Produkt dostarczany jest w oryginalnym opakowaniu producenta i objęty pełną obsługą serwisową.;produkt.html?id=1073
1074;SMA-75801;Nokia G60 8/128 GB;Smartfony;Nokia;2109.99;PLN;2109.99;Na zamówienie;;821;07.05.2025;brak informacji;szary;0,16 kg;0.16;0;23,6 × 16,6 × 24,4 cm;stal i tworzywo;Wietnam;13.01.2024;TechStore;do 14 dni;0.0;5901736751272;NOG60-482;telefon, kabel USB-C, kluczyk do karty SIM;"Przekątna ekranu: 6,6"" | Aparat główny: 200 Mpx | Bateria: 4500 mAh";Nokia G60 to smartfon z oferty TechStore. Produkt dostarczany jest w oryginalnym opakowaniu producenta i objęty pełną obsługą serwisową.;produkt.html?id=1074
1075;SLU-60975;Sony WF-C700N czarne;Słuchawki;Sony;1349.99;PLN;1349.99;Dostępny;3.9;1893;03.11.2025;brak informacji;czarne;0,29 kg;0.29;28;31,1 × 11,3 × 11,3 cm;aluminium;Tajlandia;03.09.2025;TechStore Outlet;24 h;0.0;5906766697169;SOWFC700N-772;słuchawki, etui, kabel USB-C;Typ: dokanałowe | Łączność: Bluetooth 5.3 + jack 3,5 mm | Czas pracy: 40 h;Sony WF-C700N to słuchawki z oferty TechStore. Produkt dostarczany jest w oryginalnym opakowaniu producenta i objęty pełną obsługą serwisową.;produkt.html?id=1075
1076;MON-71358;Dell S2721DS + głośniki USB;Monitory;Dell;2519.99;PLN;2519.99;Niedostępny;3.8;658;25.08.2026;36 mies.;biały;7,42 kg;7.42;0;31,8 × 26,1 × 10,9 cm;aluminium i tworzywo;Wietnam;19.09.2025;TechStore;brak terminu;0.0;5905900471848;DES2721DS-130;monitor, podstawa, kabel zasilający, kabel HDMI;"Przekątna: 23,8"" | Rozdzielczość: 3840×2160 | Odświeżanie: 180 Hz";Dell S2721DS to monitor z oferty TechStore. Produkt dostarczany jest w oryginalnym opakowaniu producenta i objęty pełną obsługą serwisową.;produkt.html?id=1076
1077;DRU-65540;HP Smart Tank 580 + zapasowy toner;Drukarki;HP;2479.99;PLN;2479.99;Dostępny;3.9;1002;20.06.2024;36 mies.;grafitowy;6,45 kg;6.45;66;54,0 × 43,9 × 20,7 cm;tworzywo sztuczne;Malezja;06.04.2024;TechStore Outlet;24 h;0.0;5905351904708;HPSMARTTAN-910;drukarka, startowy materiał eksploatacyjny, kabel zasilający;Technologia druku: atramentowa kolor | Prędkość druku: 34 str./min | Łączność: USB;HP Smart Tank 580 to drukarka z oferty TechStore. Produkt dostarczany jest w oryginalnym opakowaniu producenta i objęty pełną obsługą serwisową.;produkt.html?id=1077
1078;AKC-27638;Razer DeathAdder V3 niebieski;Akcesoria;Razer;549.99;PLN;549.99;Ostatnie sztuki;3.4;2321;21.06.2024;24 mies.;niebieski;1,15 kg;1.15;4;41,7 × 8,5 × 16,9 cm;aluminium i tworzywo;Indie;13.01.2024;TechStore Outlet;1–2 dni robocze;0.0;5901707887454;RADEATHADD-686;urządzenie, odbiornik/kabel, instrukcja;Łączność: przewodowa USB | Zasilanie: bateria AA | Kompatybilność: Windows;Razer DeathAdder V3 to akcesorium komputerowe z oferty TechStore. Produkt dostarczany jest w oryginalnym opakowaniu producenta i objęty pełną obsługą serwisową.;produkt.html?id=1078
1079;LAP-85600;Dell Inspiron 15 32/1 TB;Laptopy;Dell;4247.96;USD;1061.99;Dostępny;4.6;1110;27.03.2024;24 mies.;biały;2,3 kg;2.3;59;48,0 × 19,2 × 23,3 cm;aluminium;Indie;29.08.2023;Partner: ElektroHurt;24 h;0.0;5903817216839;DEINSPIRON-738;laptop, zasilacz, instrukcja;"Procesor: Intel Core i5-1335U | Ekran: 14"" 1920×1200 | System operacyjny: Windows 11 Pro";Dell Inspiron 15 to laptop z oferty TechStore. Produkt dostarczany jest w oryginalnym opakowaniu producenta i objęty pełną obsługą serwisową.;produkt.html?id=1079
1080;SMA-58014;Nokia G42 8/128 GB;Smartfony;Nokia;2619.96;USD;654.99;Dostępny;3.2;179;04.05.2025;brak informacji;szary;0,2 kg;0.2;9;6,0 × 6,1 × 13,1 cm;aluminium;Tajwan;19.11.2024;TechStore;24 h;0.0;5909775748878;NOG42-184;telefon, kabel USB-C, kluczyk do karty SIM;"Przekątna ekranu: 6,1"" | Aparat główny: 64 Mpx | Bateria: 4500 mAh";Nokia G42 to smartfon z oferty TechStore. Produkt dostarczany jest w oryginalnym opakowaniu producenta i objęty pełną obsługą serwisową.;produkt.html?id=1080
1081;SLU-20686;JBL Live 670NC białe;Słuchawki;JBL;859.99;PLN;859.99;Ostatnie sztuki;3.5;1755;14.06.2026;12 mies.;białe;0,32 kg;0.32;2;33,6 × 7,0 × 19,7 cm;aluminium i tworzywo;Tajwan;15.02.2025;TechStore;1–2 dni robocze;0.0;5908720453316;JBLIVE670N-217;słuchawki, etui, kabel USB-C;Typ: douszne | Łączność: Bluetooth 5.3 | Czas pracy: 30 h;JBL Live 670NC to słuchawki z oferty TechStore. Produkt dostarczany jest w oryginalnym opakowaniu producenta i objęty pełną obsługą serwisową.;produkt.html?id=1081
1082;MON-66127;Dell P2723DE + głośniki USB;Monitory;Dell;2959.99;PLN;2959.99;Dostępny;4.7;1335;12.12.2025;36 mies.;niebieski;4,94 kg;4.94;23;24,4 × 20,5 × 4,1 cm;stal i tworzywo;Wietnam;01.03.2025;TechStore;24 h;0.0;5903282507014;DEP2723DE-519;monitor, podstawa, kabel zasilający, kabel HDMI;"Przekątna: 31,5"" | Rozdzielczość: 1920×1080 | Odświeżanie: 144 Hz";Dell P2723DE to monitor z oferty TechStore. Produkt dostarczany jest w oryginalnym opakowaniu producenta i objęty pełną obsługą serwisową.;produkt.html?id=1082
1083;DRU-32683;Epson WorkForce WF-2930;Drukarki;Epson;1779.99;PLN;1779.99;Niedostępny;3.4;1382;27.01.2025;36 mies.;niebieski;11,76 kg;11.76;0;22,4 × 4,6 × 2,1 cm;aluminium i tworzywo;Indie;12.03.2024;TechStore;brak terminu;0.0;5908327163392;EPWORKFORC-649;drukarka, startowy materiał eksploatacyjny, kabel zasilający;Technologia druku: atramentowa kolor | Prędkość druku: 20 str./min | Łączność: Wi-Fi, USB;Epson WorkForce WF-2930 to drukarka z oferty TechStore. Produkt dostarczany jest w oryginalnym opakowaniu producenta i objęty pełną obsługą serwisową.;produkt.html?id=1083
1084;AKC-71870;Trust GXT 922 Ybar niebieski;Akcesoria;Trust;799.99;PLN;799.99;Dostępny;3.1;2250;20.08.2026;24 mies.;niebieski;0,6 kg;0.6;18;37,5 × 17,3 × 4,4 cm;aluminium;Indie;28.04.2026;TechStore;24 h;0.0;5905799961953;TRGXT922YB-154;urządzenie, odbiornik/kabel, instrukcja;Łączność: przewodowa USB | Zasilanie: akumulator | Kompatybilność: Windows;Trust GXT 922 Ybar to akcesorium komputerowe z oferty TechStore. Produkt dostarczany jest w oryginalnym opakowaniu producenta i objęty pełną obsługą serwisową.;produkt.html?id=1084
1085;LAP-52024;HP Pavilion 15 16/1 TB;Laptopy;HP;5069.99;PLN;5069.99;Dostępny;3.4;1733;05.02.2024;brak informacji;czarny;1,33 kg;1.33;64;56,5 × 40,0 × 16,2 cm;aluminium i tworzywo;Malezja;22.07.2022;TechStore;24 h;0.0;5902116844558;HPPAVILION-740;laptop, zasilacz, instrukcja;"Procesor: Intel Core i7-1355U | Ekran: 15,6"" 1920×1080 | System operacyjny: Windows 11 Home";HP Pavilion 15 to laptop z oferty TechStore. Produkt dostarczany jest w oryginalnym opakowaniu producenta i objęty pełną obsługą serwisową.;produkt.html?id=1085
1086;SMA-87325;Xiaomi 14T 6/128 GB;Smartfony;Xiaomi;3049.99;PLN;3049.99;Dostępny;3.2;418;13.08.2024;brak informacji;czarny;0,2 kg;0.2;84;56,9 × 15,3 × 1,7 cm;aluminium i tworzywo;Indie;25.01.2023;TechStore;24 h;0.0;5907014784992;XI14T-134;telefon, kabel USB-C, kluczyk do karty SIM;"Przekątna ekranu: 6,1"" | Aparat główny: 108 Mpx | Bateria: 5500 mAh";Xiaomi 14T to smartfon z oferty TechStore. Produkt dostarczany jest w oryginalnym opakowaniu producenta i objęty pełną obsługą serwisową.;produkt.html?id=1086
1087;SLU-86700;Sennheiser Momentum 4 niebieskie;Słuchawki;Sennheiser;1599.99;PLN;1599.99;Dostępny;;171;02.08.2025;12 mies.;niebieskie;0,07 kg;0.07;45;20,0 × 18,3 × 8,2 cm;stal i tworzywo;Malezja;25.07.2024;TechStore;24 h;0.0;5904684203407;SEMOMENTUM-491;słuchawki, etui, kabel USB-C;Typ: nauszne | Łączność: Bluetooth 5.3 | Czas pracy: 60 h;Sennheiser Momentum 4 to słuchawki z oferty TechStore. Produkt dostarczany jest w oryginalnym opakowaniu producenta i objęty pełną obsługą serwisową.;produkt.html?id=1087
1088;MON-22574;LG 32UN650 + kabel DisplayPort;Monitory;LG;1319.99;PLN;1319.99;Niedostępny;4.7;1325;03.03.2024;36 mies.;czarny;3,47 kg;3.47;0;29,3 × 40,7 × 4,0 cm;stal i tworzywo;Tajwan;30.03.2023;TechStore;brak terminu;0.0;5907001537910;LG32UN650-198;monitor, podstawa, kabel zasilający, kabel HDMI;"Przekątna: 31,5"" | Rozdzielczość: 2560×1440 | Odświeżanie: 165 Hz";LG 32UN650 to monitor z oferty TechStore. Produkt dostarczany jest w oryginalnym opakowaniu producenta i objęty pełną obsługą serwisową.;produkt.html?id=1088
1089;DRU-34732;Epson WorkForce WF-2930 + ryza papieru A4;Drukarki;Epson;1559.99;PLN;1559.99;Niedostępny;4.2;124;08.09.2024;24 mies.;szary;11,7 kg;11.7;0;39,4 × 19,6 × 22,8 cm;stal i tworzywo;Chiny;11.02.2024;TechStore;brak terminu;0.0;5902644081869;EPWORKFORC-437;drukarka, startowy materiał eksploatacyjny, kabel zasilający;Technologia druku: atramentowa kolor | Prędkość druku: 34 str./min | Łączność: USB;Epson WorkForce WF-2930 to drukarka z oferty TechStore. Produkt dostarczany jest w oryginalnym opakowaniu producenta i objęty pełną obsługą serwisową.;produkt.html?id=1089
1090;AKC-98072;Trust GXT 711 Dominus różowy;Akcesoria;Trust;849.99;PLN;849.99;Niedostępny;4.2;405;16.04.2026;24 mies.;różowy;0,54 kg;0.54;0;43,3 × 16,4 × 12,6 cm;aluminium i tworzywo;Indie;12.07.2024;TechStore;brak terminu;0.0;5909464321077;TRGXT711DO-231;urządzenie, odbiornik/kabel, instrukcja;Łączność: przewodowa USB | Zasilanie: bateria AA | Kompatybilność: Windows;Trust GXT 711 Dominus to akcesorium komputerowe z oferty TechStore. Produkt dostarczany jest w oryginalnym opakowaniu producenta i objęty pełną obsługą serwisową.;produkt.html?id=1090
1091;LAP-68617;Lenovo IdeaPad Slim 5 16/512 GB;Laptopy;Lenovo;3709.99;PLN;3709.99;Dostępny;4.0;1823;03.12.2024;24 mies.;niebieski;1,38 kg;1.38;10;26,6 × 42,8 × 18,7 cm;aluminium;Tajwan;28.09.2024;TechStore Outlet;24 h;0.0;5904405143815;LEIDEAPADS-691;laptop, zasilacz, instrukcja;"Procesor: AMD Ryzen 7 7735HS | Ekran: 15,6"" 1920×1080 | System operacyjny: Windows 11 Home";Lenovo IdeaPad Slim 5 to laptop z oferty TechStore. Produkt dostarczany jest w oryginalnym opakowaniu producenta i objęty pełną obsługą serwisową.;produkt.html?id=1091
1092;SMA-66523;Xiaomi 14T 8/256 GB;Smartfony;Xiaomi;1329.99;PLN;1329.99;Dostępny;4.7;973;24.06.2025;brak informacji;biały;0,21 kg;0.21;35;24,9 × 21,0 × 22,8 cm;aluminium;Malezja;03.05.2024;Partner: ElektroHurt;24 h;0.0;5904626857213;XI14T-153;telefon, kabel USB-C, kluczyk do karty SIM;"Przekątna ekranu: 6,6"" | Aparat główny: 50 Mpx | Bateria: 5000 mAh";Xiaomi 14T to smartfon z oferty TechStore. Produkt dostarczany jest w oryginalnym opakowaniu producenta i objęty pełną obsługą serwisową.;produkt.html?id=1092
1093;SLU-41451;Sony WH-CH720N czarne;Słuchawki;Sony;1319.99;PLN;1319.99;Niedostępny;4.4;1606;26.03.2025;12 mies.;czarne;0,06 kg;0.06;0;49,8 × 34,1 × 6,2 cm;tworzywo sztuczne;Malezja;19.02.2024;TechStore Outlet;brak terminu;0.0;5903864823768;SOWHCH720N-438;słuchawki, etui, kabel USB-C;Typ: douszne | Łączność: Bluetooth 5.3 | Czas pracy: 40 h;Sony WH-CH720N to słuchawki z oferty TechStore. Produkt dostarczany jest w oryginalnym opakowaniu producenta i objęty pełną obsługą serwisową.;produkt.html?id=1093
1094;MON-30866;Dell S2721DS + uchwyt VESA;Monitory;Dell;2429.99;PLN;2429.99;Niedostępny;;1572;07.02.2024;48 mies.;czarny;7,46 kg;7.46;0;38,9 × 26,0 × 7,4 cm;aluminium i tworzywo;Wietnam;21.08.2023;TechStore;brak terminu;0.0;5903178571042;DES2721DS-363;monitor, podstawa, kabel zasilający, kabel HDMI;"Przekątna: 31,5"" | Rozdzielczość: 2560×1440 | Odświeżanie: 144 Hz";Dell S2721DS to monitor z oferty TechStore. Produkt dostarczany jest w oryginalnym opakowaniu producenta i objęty pełną obsługą serwisową.;produkt.html?id=1094
1095;DRU-33599;Xerox B230;Drukarki;Xerox;1649.99;PLN;1649.99;Na zamówienie;;879;19.07.2024;24 mies.;czarny;14,28 kg;14.28;0;23,6 × 39,4 × 3,0 cm;stal i tworzywo;Tajwan;17.09.2023;TechStore;do 14 dni;0.0;5909511790277;XEB230-977;drukarka, startowy materiał eksploatacyjny, kabel zasilający;Technologia druku: atramentowa kolor | Prędkość druku: 34 str./min | Łączność: Wi-Fi, LAN, USB;Xerox B230 to drukarka z oferty TechStore. Produkt dostarczany jest w oryginalnym opakowaniu producenta i objęty pełną obsługą serwisową.;produkt.html?id=1095
1096;AKC-99634;Razer BlackWidow V4 biały;Akcesoria;Razer;159.99;PLN;159.99;Niedostępny;4.2;1387;01.04.2026;24 mies.;biały;0,86 kg;0.86;0;18,9 × 9,0 × 6,3 cm;stal i tworzywo;Chiny;27.08.2025;Partner: ElektroHurt;brak terminu;14.99;5906205548958;RABLACKWID-527;urządzenie, odbiornik/kabel, instrukcja;Łączność: bezprzewodowa 2,4 GHz | Zasilanie: z kabla USB | Kompatybilność: Windows;Razer BlackWidow V4 to akcesorium komputerowe z oferty TechStore. Produkt dostarczany jest w oryginalnym opakowaniu producenta i objęty pełną obsługą serwisową.;produkt.html?id=1096
1097;LAP-69779;Acer Aspire 5 32/2 TB;Laptopy;Acer;4459.99;PLN;4459.99;Dostępny;3.8;1264;25.02.2026;36 mies.;srebrny;1,21 kg;1.21;31;10,6 × 13,1 × 23,6 cm;stal i tworzywo;Wietnam;28.08.2025;TechStore Outlet;24 h;0.0;5906863678006;ACASPIRE5-418;laptop, zasilacz, instrukcja;"Procesor: AMD Ryzen 7 7735HS | Ekran: 16"" 2560×1600 | System operacyjny: bez systemu";Acer Aspire 5 to laptop z oferty TechStore. Produkt dostarczany jest w oryginalnym opakowaniu producenta i objęty pełną obsługą serwisową.;produkt.html?id=1097
1098;SMA-96708;Samsung Galaxy A35 8/256 GB;Smartfony;Samsung;1159.99;PLN;1159.99;Dostępny;4.3;356;01.02.2024;24 mies.;czarny;0,23 kg;0.23;14;44,8 × 9,5 × 6,8 cm;tworzywo sztuczne;Wietnam;22.12.2023;TechStore;24 h;0.0;5900524900751;SAGALAXYA3-367;telefon, kabel USB-C, kluczyk do karty SIM;"Przekątna ekranu: 6,7"" | Aparat główny: 50 Mpx | Bateria: 5000 mAh";Samsung Galaxy A35 to smartfon z oferty TechStore. Produkt dostarczany jest w oryginalnym opakowaniu producenta i objęty pełną obsługą serwisową.;produkt.html?id=1098
1099;SLU-73660;Sony WF-C700N beżowe;Słuchawki;Sony;229.99;PLN;229.99;Niedostępny;;1628;27.06.2025;12 mies.;beżowe;0,16 kg;0.16;0;56,3 × 9,4 × 8,3 cm;aluminium;Indie;03.03.2025;TechStore;brak terminu;14.99;5908318453145;SOWFC700N-332;słuchawki, etui, kabel USB-C;Typ: nauszne | Łączność: Bluetooth 5.2 | Czas pracy: 50 h;Sony WF-C700N to słuchawki z oferty TechStore. Produkt dostarczany jest w oryginalnym opakowaniu producenta i objęty pełną obsługą serwisową.;produkt.html?id=1099
1100;MON-46928;iiyama ProLite XUB2493;Monitory;iiyama;529.99;PLN;529.99;Na zamówienie;3.2;1723;08.06.2024;48 mies.;grafitowy;6,9 kg;6.9;0;29,9 × 31,6 × 14,8 cm;aluminium i tworzywo;Tajlandia;18.08.2023;Partner: ElektroHurt;do 14 dni;0.0;5909011251578;IIPROLITEX-736;monitor, podstawa, kabel zasilający, kabel HDMI;"Przekątna: 23,8"" | Rozdzielczość: 1920×1080 | Odświeżanie: 180 Hz";iiyama ProLite XUB2493 to monitor z oferty TechStore. Produkt dostarczany jest w oryginalnym opakowaniu producenta i objęty pełną obsługą serwisową.;produkt.html?id=1100
1101;DRU-21601;Epson EcoTank L3270 + etui na dokumenty;Drukarki;Epson;1369.99;PLN;1369.99;Ostatnie sztuki;;1530;21.07.2025;36 mies.;grafitowy;7,96 kg;7.96;4;31,4 × 17,3 × 2,0 cm;aluminium i tworzywo;Wietnam;23.07.2024;Partner: ElektroHurt;1–2 dni robocze;0.0;5909030748991;EPECOTANKL-714;drukarka, startowy materiał eksploatacyjny, kabel zasilający;Technologia druku: laserowa kolor | Prędkość druku: 34 str./min | Łączność: Wi-Fi, LAN, USB;Epson EcoTank L3270 to drukarka z oferty TechStore. Produkt dostarczany jest w oryginalnym opakowaniu producenta i objęty pełną obsługą serwisową.;produkt.html?id=1101
1102;AKC-83949;SteelSeries Rival 3 grafitowy;Akcesoria;SteelSeries;839.99;PLN;839.99;Niedostępny;3.5;1024;12.12.2025;36 mies.;grafitowy;0,51 kg;0.51;0;26,7 × 13,1 × 11,9 cm;stal i tworzywo;Chiny;12.09.2025;TechStore Outlet;brak terminu;0.0;5901327853812;STRIVAL3-729;urządzenie, odbiornik/kabel, instrukcja;Łączność: Bluetooth | Zasilanie: z kabla USB | Kompatybilność: Windows, macOS;SteelSeries Rival 3 to akcesorium komputerowe z oferty TechStore. Produkt dostarczany jest w oryginalnym opakowaniu producenta i objęty pełną obsługą serwisową.;produkt.html?id=1102
1103;LAP-33797;Acer Nitro V15 16/1 TB;Laptopy;Acer;6959.99;PLN;6959.99;Na zamówienie;4.7;261;24.02.2025;24 mies.;grafitowy;2,09 kg;2.09;0;32,0 × 14,2 × 3,7 cm;aluminium;Tajwan;03.09.2023;TechStore;do 14 dni;0.0;5904389032706;ACNITROV15-733;laptop, zasilacz, instrukcja;"Procesor: Intel Core i5-1335U | Ekran: 16"" 2560×1600 | System operacyjny: Windows 11 Home";Acer Nitro V15 to laptop z oferty TechStore. Produkt dostarczany jest w oryginalnym opakowaniu producenta i objęty pełną obsługą serwisową.;produkt.html?id=1103
1104;SMA-90433;Apple iPhone 15 12/256 GB;Smartfony;Apple;2499.99;PLN;2499.99;Niedostępny;5.0;2172;23.06.2024;24 mies.;grafitowy;0,23 kg;0.23;0;19,4 × 25,4 × 24,4 cm;aluminium i tworzywo;Chiny;03.10.2023;Partner: ElektroHurt;brak terminu;0.0;5900364270575;APIPHONE15-432;telefon, kabel USB-C, kluczyk do karty SIM;"Przekątna ekranu: 6,7"" | Aparat główny: 64 Mpx | Bateria: 5500 mAh";Apple iPhone 15 to smartfon z oferty TechStore. Produkt dostarczany jest w oryginalnym opakowaniu producenta i objęty pełną obsługą serwisową.;produkt.html?id=1104
1105;SLU-75524;Jabra Elite 85t czarne;Słuchawki;Jabra;1489.99;PLN;1489.99;Dostępny;4.8;197;27.07.2024;24 mies.;czarne;0,32 kg;0.32;102;19,0 × 29,7 × 14,2 cm;aluminium;Tajlandia;11.10.2023;TechStore;24 h;0.0;5905747196683;JAELITE85T-221;słuchawki, etui, kabel USB-C;Typ: dokanałowe | Łączność: Bluetooth 5.3 | Czas pracy: 40 h;Jabra Elite 85t to słuchawki z oferty TechStore. Produkt dostarczany jest w oryginalnym opakowaniu producenta i objęty pełną obsługą serwisową.;produkt.html?id=1105
1106;MON-39672;Samsung Odyssey G5 + głośniki USB;Monitory;Samsung;559.96;USD;139.99;Na zamówienie;;1206;07.04.2025;36 mies.;srebrny;6,3 kg;6.3;0;6,6 × 6,6 × 12,4 cm;aluminium i tworzywo;Wietnam;24.02.2024;Partner: ElektroHurt;do 14 dni;0.0;5901212779262;SAODYSSEYG-594;monitor, podstawa, kabel zasilający, kabel HDMI;"Przekątna: 23,8"" | Rozdzielczość: 1920×1080 | Odświeżanie: 144 Hz";Samsung Odyssey G5 to monitor z oferty TechStore. Produkt dostarczany jest w oryginalnym opakowaniu producenta i objęty pełną obsługą serwisową.;produkt.html?id=1106
1107;DRU-39532;HP LaserJet M110we + zapasowy toner;Drukarki;HP;1659.99;PLN;1659.99;Dostępny;3.3;1057;22.06.2025;24 mies.;biały;6,31 kg;6.31;27;14,5 × 32,1 × 8,5 cm;stal i tworzywo;Wietnam;05.07.2024;TechStore;24 h;0.0;5905486080222;HPLASERJET-301;drukarka, startowy materiał eksploatacyjny, kabel zasilający;Technologia druku: atramentowa kolor | Prędkość druku: 20 str./min | Łączność: USB;HP LaserJet M110we to drukarka z oferty TechStore. Produkt dostarczany jest w oryginalnym opakowaniu producenta i objęty pełną obsługą serwisową.;produkt.html?id=1107
1108;AKC-49517;Logitech MX Keys S niebieski;Akcesoria;Logitech;289.99;PLN;289.99;Dostępny;4.2;871;08.01.2024;24 mies.;niebieski;0,2 kg;0.2;23;39,4 × 34,1 × 13,4 cm;tworzywo sztuczne;Malezja;05.02.2023;Partner: ElektroHurt;24 h;14.99;5901445653382;LOMXKEYSS-311;urządzenie, odbiornik/kabel, instrukcja;Łączność: Bluetooth | Zasilanie: akumulator | Kompatybilność: Windows, macOS;Logitech MX Keys S to akcesorium komputerowe z oferty TechStore. Produkt dostarczany jest w oryginalnym opakowaniu producenta i objęty pełną obsługą serwisową.;produkt.html?id=1108
1109;LAP-47524;Acer Swift Go 14 8/256 GB;Laptopy;Acer;7059.99;PLN;7059.99;Dostępny;4.6;864;20.06.2024;brak informacji;biały;2,24 kg;2.24;63;34,4 × 16,8 × 7,5 cm;aluminium;Tajlandia;22.05.2023;TechStore Outlet;24 h;0.0;5906523903590;ACSWIFTGO1-881;laptop, zasilacz, instrukcja;"Procesor: AMD Ryzen 5 7530U | Ekran: 14"" 1920×1200 | System operacyjny: Windows 11 Home";Acer Swift Go 14 to laptop z oferty TechStore. Produkt dostarczany jest w oryginalnym opakowaniu producenta i objęty pełną obsługą serwisową.;produkt.html?id=1109
1110;SMA-23018;Google Pixel 9 12/256 GB;Smartfony;Google;2739.99;PLN;2739.99;Dostępny;4.8;1270;04.06.2025;brak informacji;szary;0,22 kg;0.22;44;20,6 × 24,8 × 17,8 cm;aluminium;Malezja;27.03.2025;TechStore Outlet;24 h;0.0;5903207653646;GOPIXEL9-150;telefon, kabel USB-C, kluczyk do karty SIM;"Przekątna ekranu: 6,6"" | Aparat główny: 50 Mpx | Bateria: 5500 mAh";Google Pixel 9 to smartfon z oferty TechStore. Produkt dostarczany jest w oryginalnym opakowaniu producenta i objęty pełną obsługą serwisową.;produkt.html?id=1110
1111;SLU-75774;Jabra Elite 8 Active niebieskie;Słuchawki;Jabra;1779.99;PLN;1779.99;Dostępny;4.0;1424;11.10.2024;12 mies.;niebieskie;0,08 kg;0.08;95;46,8 × 4,3 × 3,1 cm;tworzywo sztuczne;Tajwan;08.07.2024;TechStore;24 h;0.0;5901617591150;JAELITE8AC-756;słuchawki, etui, kabel USB-C;Typ: nauszne | Łączność: Bluetooth 5.2 | Czas pracy: 50 h;Jabra Elite 8 Active to słuchawki z oferty TechStore. Produkt dostarczany jest w oryginalnym opakowaniu producenta i objęty pełną obsługą serwisową.;produkt.html?id=1111
1112;MON-98388;Dell U2424H + głośniki USB;Monitory;Dell;1139.99;PLN;1139.99;Niedostępny;4.1;1781;13.08.2025;36 mies.;grafitowy;6,66 kg;6.66;0;32,6 × 13,8 × 10,1 cm;tworzywo sztuczne;Malezja;09.08.2024;TechStore;brak terminu;0.0;5903308694329;DEU2424H-818;monitor, podstawa, kabel zasilający, kabel HDMI;"Przekątna: 23,8"" | Rozdzielczość: 1920×1080 | Odświeżanie: 180 Hz";Dell U2424H to monitor z oferty TechStore. Produkt dostarczany jest w oryginalnym opakowaniu producenta i objęty pełną obsługą serwisową.;produkt.html?id=1112
1113;DRU-24123;Xerox B230 + ryza papieru A4;Drukarki;Xerox;679.99;PLN;679.99;Dostępny;;987;02.08.2025;24 mies.;szary;12,58 kg;12.58;17;56,9 × 33,3 × 14,4 cm;stal i tworzywo;Indie;19.08.2024;Partner: ElektroHurt;24 h;0.0;5905017832633;XEB230-824;drukarka, startowy materiał eksploatacyjny, kabel zasilający;Technologia druku: laserowa kolor | Prędkość druku: 20 str./min | Łączność: Wi-Fi, LAN, USB;Xerox B230 to drukarka z oferty TechStore. Produkt dostarczany jest w oryginalnym opakowaniu producenta i objęty pełną obsługą serwisową.;produkt.html?id=1113
1114;AKC-13028;Trust GXT 711 Dominus czarny;Akcesoria;Trust;729.99;PLN;729.99;Dostępny;3.9;2367;19.06.2026;24 mies.;czarny;0,42 kg;0.42;114;53,9 × 21,3 × 12,9 cm;stal i tworzywo;Tajwan;25.08.2025;TechStore Outlet;24 h;0.0;5901655728547;TRGXT711DO-502;urządzenie, odbiornik/kabel, instrukcja;Łączność: Bluetooth | Zasilanie: z kabla USB | Kompatybilność: Windows, macOS;Trust GXT 711 Dominus to akcesorium komputerowe z oferty TechStore. Produkt dostarczany jest w oryginalnym opakowaniu producenta i objęty pełną obsługą serwisową.;produkt.html?id=1114
1115;LAP-19872;ASUS TUF Gaming A15 32/1 TB;Laptopy;ASUS;2449.99;PLN;2449.99;Dostępny;4.6;1243;23.12.2024;24 mies.;grafitowy;2,12 kg;2.12;34;18,7 × 41,3 × 8,4 cm;aluminium;Malezja;27.11.2023;TechStore;24 h;0.0;5904433294303;ASTUFGAMIN-152;laptop, zasilacz, instrukcja;"Procesor: AMD Ryzen 7 7735HS | Ekran: 16"" 2560×1600 | System operacyjny: bez systemu";ASUS TUF Gaming A15 to laptop z oferty TechStore. Produkt dostarczany jest w oryginalnym opakowaniu producenta i objęty pełną obsługą serwisową.;produkt.html?id=1115
1116;SMA-32353;Xiaomi Redmi Note 13 8/256 GB;Smartfony;Xiaomi;1309.99;PLN;1309.99;Dostępny;;156;01.02.2025;brak informacji;biały;0,23 kg;0.23;5;50,7 × 39,2 × 5,8 cm;stal i tworzywo;Indie;24.01.2024;TechStore;24 h;0.0;5906186694155;XIREDMINOT-900;telefon, kabel USB-C, kluczyk do karty SIM;"Przekątna ekranu: 6,6"" | Aparat główny: 64 Mpx | Bateria: 5000 mAh";Xiaomi Redmi Note 13 to smartfon z oferty TechStore. Produkt dostarczany jest w oryginalnym opakowaniu producenta i objęty pełną obsługą serwisową.;produkt.html?id=1116
1117;SLU-51118;Logitech Zone Vibe 100 beżowe;Słuchawki;Logitech;639.99;PLN;639.99;Dostępny;4.9;403;26.05.2026;12 mies.;beżowe;0,07 kg;0.07;65;32,7 × 17,3 × 23,5 cm;aluminium i tworzywo;Chiny;12.11.2024;TechStore;24 h;0.0;5907462210229;LOZONEVIBE-898;słuchawki, etui, kabel USB-C;Typ: dokanałowe | Łączność: Bluetooth 5.3 | Czas pracy: 40 h;Logitech Zone Vibe 100 to słuchawki z oferty TechStore. Produkt dostarczany jest w oryginalnym opakowaniu producenta i objęty pełną obsługą serwisową.;produkt.html?id=1117
1118;MON-81263;AOC 24G2U + kabel DisplayPort;Monitory;AOC;869.99;PLN;869.99;Dostępny;4.9;1284;02.06.2026;36 mies.;niebieski;7,24 kg;7.24;91;17,1 × 21,2 × 2,7 cm;aluminium i tworzywo;Indie;07.04.2025;Partner: ElektroHurt;24 h;0.0;5901465258324;AO24G2U-899;monitor, podstawa, kabel zasilający, kabel HDMI;"Przekątna: 31,5"" | Rozdzielczość: 3840×2160 | Odświeżanie: 165 Hz";AOC 24G2U to monitor z oferty TechStore. Produkt dostarczany jest w oryginalnym opakowaniu producenta i objęty pełną obsługą serwisową.;produkt.html?id=1118
1119;DRU-20599;Brother DCP-L2620DW;Drukarki;Brother;699.99;PLN;699.99;Na zamówienie;;1627;23.04.2026;24 mies.;szary;14,33 kg;14.33;0;49,7 × 41,3 × 6,4 cm;aluminium i tworzywo;Wietnam;10.03.2025;TechStore Outlet;do 14 dni;0.0;5907711729425;BRDCPL2620-496;drukarka, startowy materiał eksploatacyjny, kabel zasilający;Technologia druku: laserowa kolor | Prędkość druku: 30 str./min | Łączność: Wi-Fi, USB;Brother DCP-L2620DW to drukarka z oferty TechStore. Produkt dostarczany jest w oryginalnym opakowaniu producenta i objęty pełną obsługą serwisową.;produkt.html?id=1119
1120;AKC-35620;Logitech K380 różowy;Akcesoria;Logitech;79.99;PLN;79.99;Dostępny;3.7;557;16.05.2026;brak informacji;różowy;1,17 kg;1.17;37;53,5 × 16,5 × 7,0 cm;tworzywo sztuczne;Tajlandia;17.07.2025;Partner: ElektroHurt;24 h;14.99;5900293258385;LOK380-218;urządzenie, odbiornik/kabel, instrukcja;Łączność: Bluetooth | Zasilanie: akumulator | Kompatybilność: Windows, macOS, Linux;Logitech K380 to akcesorium komputerowe z oferty TechStore. Produkt dostarczany jest w oryginalnym opakowaniu producenta i objęty pełną obsługą serwisową.;produkt.html?id=1120
1121;LAP-86013;ASUS VivoBook 16 16/512 GB;Laptopy;ASUS;6839.99;PLN;6839.99;Na zamówienie;4.8;2287;13.08.2026;24 mies.;grafitowy;1,57 kg;1.57;0;38,5 × 26,4 × 2,9 cm;aluminium i tworzywo;Malezja;20.05.2026;TechStore Outlet;do 14 dni;0.0;5906202292002;ASVIVOBOOK-723;laptop, zasilacz, instrukcja;"Procesor: AMD Ryzen 5 7530U | Ekran: 14"" 1920×1200 | System operacyjny: Windows 11 Home";ASUS VivoBook 16 to laptop z oferty TechStore. Produkt dostarczany jest w oryginalnym opakowaniu producenta i objęty pełną obsługą serwisową.;produkt.html?id=1121
1122;SMA-42506;Samsung Galaxy A55 6/128 GB;Smartfony;Samsung;3839.99;PLN;3839.99;Dostępny;4.7;265;23.08.2025;brak informacji;czarny;0,22 kg;0.22;99;53,3 × 4,9 × 1,3 cm;stal i tworzywo;Chiny;26.02.2025;Partner: ElektroHurt;24 h;0.0;5901715846835;SAGALAXYA5-776;telefon, kabel USB-C, kluczyk do karty SIM;"Przekątna ekranu: 6,6"" | Aparat główny: 64 Mpx | Bateria: 5000 mAh";Samsung Galaxy A55 to smartfon z oferty TechStore. Produkt dostarczany jest w oryginalnym opakowaniu producenta i objęty pełną obsługą serwisową.;produkt.html?id=1122
1123;SLU-48502;Bose QuietComfort Ultra białe;Słuchawki;Bose;199.99;PLN;199.99;Niedostępny;3.5;346;09.01.2024;12 mies.;białe;0,11 kg;0.11;0;7,6 × 20,6 × 19,2 cm;aluminium i tworzywo;Tajlandia;21.07.2023;TechStore;brak terminu;14.99;5905981341703;BOQUIETCOM-995;słuchawki, etui, kabel USB-C;Typ: douszne | Łączność: Bluetooth 5.3 + jack 3,5 mm | Czas pracy: 60 h;Bose QuietComfort Ultra to słuchawki z oferty TechStore. Produkt dostarczany jest w oryginalnym opakowaniu producenta i objęty pełną obsługą serwisową.;produkt.html?id=1123
1124;MON-67810;Samsung Odyssey G5 + kabel USB-C;Monitory;Samsung;2419.99;PLN;2419.99;Niedostępny;4.8;906;01.02.2026;brak informacji;grafitowy;7,06 kg;7.06;0;39,5 × 14,5 × 3,1 cm;tworzywo sztuczne;Wietnam;01.03.2025;TechStore;brak terminu;0.0;5905578970285;SAODYSSEYG-771;monitor, podstawa, kabel zasilający, kabel HDMI;"Przekątna: 23,8"" | Rozdzielczość: 3840×2160 | Odświeżanie: 180 Hz";Samsung Odyssey G5 to monitor z oferty TechStore. Produkt dostarczany jest w oryginalnym opakowaniu producenta i objęty pełną obsługą serwisową.;produkt.html?id=1124
1125;DRU-45827;Brother DCP-L2620DW + kabel USB;Drukarki;Brother;1469.99;PLN;1469.99;Dostępny;4.8;1808;11.11.2024;36 mies.;szary;6,4 kg;6.4;70;59,4 × 36,2 × 1,5 cm;aluminium;Tajwan;09.09.2024;TechStore Outlet;24 h;0.0;5902554053737;BRDCPL2620-971;drukarka, startowy materiał eksploatacyjny, kabel zasilający;Technologia druku: laserowa kolor | Prędkość druku: 30 str./min | Łączność: USB;Brother DCP-L2620DW to drukarka z oferty TechStore. Produkt dostarczany jest w oryginalnym opakowaniu producenta i objęty pełną obsługą serwisową.;produkt.html?id=1125
1126;AKC-19187;Logitech MX Keys S biały;Akcesoria;Logitech;319.96;USD;79.99;Na zamówienie;;1293;13.05.2025;24 mies.;biały;1,13 kg;1.13;0;9,2 × 13,9 × 8,3 cm;aluminium i tworzywo;Wietnam;22.02.2024;TechStore;do 14 dni;0.0;5901714176590;LOMXKEYSS-933;urządzenie, odbiornik/kabel, instrukcja;Łączność: Bluetooth | Zasilanie: akumulator | Kompatybilność: Windows, macOS;Logitech MX Keys S to akcesorium komputerowe z oferty TechStore. Produkt dostarczany jest w oryginalnym opakowaniu producenta i objęty pełną obsługą serwisową.;produkt.html?id=1126
1127;LAP-41936;HP EliteBook 840 8/256 GB;Laptopy;HP;4669.99;PLN;4669.99;Dostępny;4.2;2228;23.02.2026;24 mies.;niebieski;2,09 kg;2.09;43;12,8 × 36,3 × 9,0 cm;tworzywo sztuczne;Indie;02.05.2025;TechStore;24 h;0.0;5905729958470;HPELITEBOO-890;laptop, zasilacz, instrukcja;"Procesor: AMD Ryzen 5 7530U | Ekran: 16"" 2560×1600 | System operacyjny: Windows 11 Home";HP EliteBook 840 to laptop z oferty TechStore. Produkt dostarczany jest w oryginalnym opakowaniu producenta i objęty pełną obsługą serwisową.;produkt.html?id=1127
1128;SMA-59726;Samsung Galaxy A55 8/256 GB;Smartfony;Samsung;2109.99;PLN;2109.99;Dostępny;4.8;2001;31.07.2026;24 mies.;szary;0,21 kg;0.21;115;33,5 × 31,6 × 20,8 cm;tworzywo sztuczne;Tajwan;28.04.2025;TechStore;24 h;0.0;5905151974727;SAGALAXYA5-571;telefon, kabel USB-C, kluczyk do karty SIM;"Przekątna ekranu: 6,7"" | Aparat główny: 108 Mpx | Bateria: 4500 mAh";Samsung Galaxy A55 to smartfon z oferty TechStore. Produkt dostarczany jest w oryginalnym opakowaniu producenta i objęty pełną obsługą serwisową.;produkt.html?id=1128
1129;SLU-32158;JBL Tune Beam niebieskie;Słuchawki;JBL;1239.99;PLN;1239.99;Dostępny;4.0;775;27.04.2025;24 mies.;niebieskie;0,28 kg;0.28;69;13,9 × 8,5 × 14,7 cm;stal i tworzywo;Malezja;12.08.2023;Partner: ElektroHurt;24 h;0.0;5905534312559;JBTUNEBEAM-147;słuchawki, etui, kabel USB-C;Typ: douszne | Łączność: Bluetooth 5.2 | Czas pracy: 50 h;JBL Tune Beam to słuchawki z oferty TechStore. Produkt dostarczany jest w oryginalnym opakowaniu producenta i objęty pełną obsługą serwisową.;produkt.html?id=1129
1130;MON-31322;BenQ EW3280U + uchwyt VESA;Monitory;BenQ;1509.99;PLN;1509.99;Dostępny;4.5;547;13.04.2025;36 mies.;niebieski;6,43 kg;6.43;60;14,7 × 34,3 × 5,8 cm;aluminium i tworzywo;Chiny;07.11.2023;Partner: ElektroHurt;24 h;0.0;5907870125029;BEEW3280U-703;monitor, podstawa, kabel zasilający, kabel HDMI;"Przekątna: 27"" | Rozdzielczość: 3840×2160 | Odświeżanie: 180 Hz";BenQ EW3280U to monitor z oferty TechStore. Produkt dostarczany jest w oryginalnym opakowaniu producenta i objęty pełną obsługą serwisową.;produkt.html?id=1130
1131;DRU-20923;Brother MFC-L2800DW + zapasowy toner;Drukarki;Brother;959.99;PLN;959.99;Niedostępny;4.2;1537;12.02.2026;36 mies.;szary;5,75 kg;5.75;0;15,5 × 29,4 × 6,7 cm;aluminium;Tajwan;26.12.2024;TechStore;brak terminu;0.0;5909811911279;BRMFCL2800-703;drukarka, startowy materiał eksploatacyjny, kabel zasilający;Technologia druku: atramentowa kolor | Prędkość druku: 20 str./min | Łączność: Wi-Fi, LAN, USB;Brother MFC-L2800DW to drukarka z oferty TechStore. Produkt dostarczany jest w oryginalnym opakowaniu producenta i objęty pełną obsługą serwisową.;produkt.html?id=1131
1132;AKC-60667;Razer Basilisk V3 niebieski;Akcesoria;Razer;519.99;PLN;519.99;Ostatnie sztuki;;815;27.04.2024;24 mies.;niebieski;0,12 kg;0.12;4;18,0 × 16,9 × 12,4 cm;stal i tworzywo;Wietnam;02.12.2022;TechStore;1–2 dni robocze;0.0;5904551272030;RABASILISK-234;urządzenie, odbiornik/kabel, instrukcja;Łączność: bezprzewodowa 2,4 GHz | Zasilanie: bateria AA | Kompatybilność: Windows, macOS, Linux;Razer Basilisk V3 to akcesorium komputerowe z oferty TechStore. Produkt dostarczany jest w oryginalnym opakowaniu producenta i objęty pełną obsługą serwisową.;produkt.html?id=1132
1133;LAP-69278;Dell Latitude 5440 8/256 GB;Laptopy;Dell;5449.99;PLN;5449.99;Na zamówienie;;857;06.04.2026;24 mies.;czarny;1,58 kg;1.58;0;31,4 × 18,4 × 13,4 cm;aluminium i tworzywo;Wietnam;06.01.2026;Partner: ElektroHurt;do 14 dni;0.0;5902196013404;DELATITUDE-464;laptop, zasilacz, instrukcja;"Procesor: AMD Ryzen 7 7735HS | Ekran: 15,6"" 1920×1080 | System operacyjny: Windows 11 Pro";Dell Latitude 5440 to laptop z oferty TechStore. Produkt dostarczany jest w oryginalnym opakowaniu producenta i objęty pełną obsługą serwisową.;produkt.html?id=1133
1134;SMA-16175;Samsung Galaxy S24 12/512 GB;Smartfony;Samsung;2649.99;PLN;2649.99;Dostępny;;2350;24.04.2024;24 mies.;grafitowy;0,2 kg;0.2;44;30,2 × 16,7 × 5,1 cm;stal i tworzywo;Tajwan;31.08.2023;TechStore Outlet;24 h;0.0;5902569151750;SAGALAXYS2-831;telefon, kabel USB-C, kluczyk do karty SIM;"Przekątna ekranu: 6,7"" | Aparat główny: 200 Mpx | Bateria: 5500 mAh";Samsung Galaxy S24 to smartfon z oferty TechStore. Produkt dostarczany jest w oryginalnym opakowaniu producenta i objęty pełną obsługą serwisową.;produkt.html?id=1134
1135;SLU-82672;Logitech Zone Vibe 100 białe;Słuchawki;Logitech;809.99;PLN;809.99;Na zamówienie;3.7;699;15.03.2025;brak informacji;białe;0,19 kg;0.19;0;39,6 × 19,0 × 11,9 cm;stal i tworzywo;Malezja;17.11.2023;TechStore;do 14 dni;0.0;5901776039972;LOZONEVIBE-358;słuchawki, etui, kabel USB-C;Typ: dokanałowe | Łączność: Bluetooth 5.3 + jack 3,5 mm | Czas pracy: 50 h;Logitech Zone Vibe 100 to słuchawki z oferty TechStore. Produkt dostarczany jest w oryginalnym opakowaniu producenta i objęty pełną obsługą serwisową.;produkt.html?id=1135
1136;MON-33875;Dell U2424H + kabel DisplayPort;Monitory;Dell;1039.99;PLN;1039.99;Dostępny;3.9;1119;20.08.2025;36 mies.;czarny;6,12 kg;6.12;108;17,2 × 34,8 × 4,2 cm;aluminium;Chiny;25.02.2025;TechStore;24 h;0.0;5903517043556;DEU2424H-613;monitor, podstawa, kabel zasilający, kabel HDMI;"Przekątna: 27"" | Rozdzielczość: 1920×1080 | Odświeżanie: 75 Hz";Dell U2424H to monitor z oferty TechStore. Produkt dostarczany jest w oryginalnym opakowaniu producenta i objęty pełną obsługą serwisową.;produkt.html?id=1136
1137;DRU-77312;HP LaserJet M110we;Drukarki;HP;1289.99;PLN;1289.99;Na zamówienie;3.4;399;11.05.2024;brak informacji;srebrny;10,58 kg;10.58;0;19,3 × 5,4 × 6,6 cm;aluminium i tworzywo;Tajwan;02.03.2023;TechStore;do 14 dni;0.0;5906352318069;HPLASERJET-656;drukarka, startowy materiał eksploatacyjny, kabel zasilający;Technologia druku: laserowa mono | Prędkość druku: 30 str./min | Łączność: Wi-Fi, LAN, USB;HP LaserJet M110we to drukarka z oferty TechStore. Produkt dostarczany jest w oryginalnym opakowaniu producenta i objęty pełną obsługą serwisową.;produkt.html?id=1137
1138;AKC-22544;Logitech MX Master 3S biały;Akcesoria;Logitech;419.99;PLN;419.99;Dostępny;3.9;292;30.07.2025;24 mies.;biały;0,11 kg;0.11;89;52,1 × 18,9 × 22,9 cm;aluminium i tworzywo;Malezja;03.11.2024;TechStore Outlet;24 h;0.0;5905776311551;LOMXMASTER-251;urządzenie, odbiornik/kabel, instrukcja;Łączność: przewodowa USB | Zasilanie: z kabla USB | Kompatybilność: Windows;Logitech MX Master 3S to akcesorium komputerowe z oferty TechStore. Produkt dostarczany jest w oryginalnym opakowaniu producenta i objęty pełną obsługą serwisową.;produkt.html?id=1138
1139;LAP-11552;Acer Nitro V15 8/256 GB;Laptopy;Acer;5079.99;PLN;5079.99;Dostępny;4.0;1930;14.05.2024;24 mies.;niebieski;1,35 kg;1.35;61;52,0 × 22,1 × 17,4 cm;aluminium;Indie;23.10.2023;TechStore;24 h;0.0;5908420620534;ACNITROV15-445;laptop, zasilacz, instrukcja;"Procesor: AMD Ryzen 5 7530U | Ekran: 16"" 2560×1600 | System operacyjny: Windows 11 Pro";Acer Nitro V15 to laptop z oferty TechStore. Produkt dostarczany jest w oryginalnym opakowaniu producenta i objęty pełną obsługą serwisową.;produkt.html?id=1139
1140;SMA-49353;Motorola Edge 50 Neo 8/128 GB;Smartfony;Motorola;1609.99;PLN;1609.99;Dostępny;3.4;2167;11.05.2026;24 mies.;szary;0,22 kg;0.22;16;30,3 × 14,7 × 21,5 cm;aluminium;Chiny;03.10.2024;Partner: ElektroHurt;24 h;0.0;5908333231967;MOEDGE50NE-137;telefon, kabel USB-C, kluczyk do karty SIM;"Przekątna ekranu: 6,6"" | Aparat główny: 200 Mpx | Bateria: 4500 mAh";Motorola Edge 50 Neo to smartfon z oferty TechStore. Produkt dostarczany jest w oryginalnym opakowaniu producenta i objęty pełną obsługą serwisową.;produkt.html?id=1140
1141;SLU-91483;JBL Tune 760NC zielone;Słuchawki;JBL;1589.99;PLN;1589.99;Dostępny;4.5;735;20.02.2024;24 mies.;zielone;0,05 kg;0.05;113;7,3 × 4,2 × 19,0 cm;stal i tworzywo;Wietnam;15.09.2023;Partner: ElektroHurt;24 h;0.0;5903899876763;JBTUNE760N-395;słuchawki, etui, kabel USB-C;Typ: dokanałowe | Łączność: Bluetooth 5.2 | Czas pracy: 30 h;JBL Tune 760NC to słuchawki z oferty TechStore. Produkt dostarczany jest w oryginalnym opakowaniu producenta i objęty pełną obsługą serwisową.;produkt.html?id=1141
1142;MON-75668;Dell P2723DE + kabel USB-C;Monitory;Dell;619.99;PLN;619.99;Ostatnie sztuki;4.2;1240;13.12.2024;48 mies.;czarny;5,27 kg;5.27;3;17,7 × 28,6 × 5,4 cm;stal i tworzywo;Chiny;29.08.2023;TechStore;1–2 dni robocze;0.0;5905374183710;DEP2723DE-285;monitor, podstawa, kabel zasilający, kabel HDMI;"Przekątna: 27"" | Rozdzielczość: 2560×1440 | Odświeżanie: 165 Hz";Dell P2723DE to monitor z oferty TechStore. Produkt dostarczany jest w oryginalnym opakowaniu producenta i objęty pełną obsługą serwisową.;produkt.html?id=1142
1143;DRU-12164;Xerox B230 + kabel USB;Drukarki;Xerox;1339.99;PLN;1339.99;Dostępny;4.3;263;29.01.2026;36 mies.;niebieski;5,77 kg;5.77;37;44,8 × 24,7 × 24,5 cm;aluminium i tworzywo;Tajwan;01.03.2024;TechStore Outlet;24 h;0.0;5903258275814;XEB230-583;drukarka, startowy materiał eksploatacyjny, kabel zasilający;Technologia druku: atramentowa kolor | Prędkość druku: 30 str./min | Łączność: Wi-Fi, LAN, USB;Xerox B230 to drukarka z oferty TechStore. Produkt dostarczany jest w oryginalnym opakowaniu producenta i objęty pełną obsługą serwisową.;produkt.html?id=1143
1144;AKC-37375;Microsoft Bluetooth Mouse różowy;Akcesoria;Microsoft;389.99;PLN;389.99;Dostępny;3.2;1651;17.02.2024;brak informacji;różowy;0,9 kg;0.9;95;33,6 × 33,0 × 2,0 cm;tworzywo sztuczne;Tajwan;02.09.2023;TechStore Outlet;24 h;0.0;5901089587811;MIBLUETOOT-438;urządzenie, odbiornik/kabel, instrukcja;Łączność: bezprzewodowa 2,4 GHz | Zasilanie: z kabla USB | Kompatybilność: Windows, macOS;Microsoft Bluetooth Mouse to akcesorium komputerowe z oferty TechStore. Produkt dostarczany jest w oryginalnym opakowaniu producenta i objęty pełną obsługą serwisową.;produkt.html?id=1144
1145;LAP-44129;Dell Vostro 3520 8/256 GB;Laptopy;Dell;3769.99;PLN;3769.99;Niedostępny;4.9;1242;24.08.2026;24 mies.;biały;1,99 kg;1.99;0;44,5 × 29,5 × 16,9 cm;tworzywo sztuczne;Tajlandia;26.01.2026;TechStore;brak terminu;0.0;5909505493033;DEVOSTRO35-127;laptop, zasilacz, instrukcja;"Procesor: AMD Ryzen 7 7735HS | Ekran: 16"" 2560×1600 | System operacyjny: bez systemu";Dell Vostro 3520 to laptop z oferty TechStore. Produkt dostarczany jest w oryginalnym opakowaniu producenta i objęty pełną obsługą serwisową.;produkt.html?id=1145
1146;SMA-41433;Motorola Edge 40 12/256 GB;Smartfony;Motorola;2209.99;PLN;2209.99;Ostatnie sztuki;4.4;478;03.09.2025;24 mies.;srebrny;0,19 kg;0.19;4;36,5 × 26,9 × 24,7 cm;stal i tworzywo;Tajlandia;13.09.2024;TechStore;1–2 dni robocze;0.0;5905217065644;MOEDGE40-752;telefon, kabel USB-C, kluczyk do karty SIM;"Przekątna ekranu: 6,7"" | Aparat główny: 64 Mpx | Bateria: 5000 mAh";Motorola Edge 40 to smartfon z oferty TechStore. Produkt dostarczany jest w oryginalnym opakowaniu producenta i objęty pełną obsługą serwisową.;produkt.html?id=1146
1147;SLU-45079;Sony WF-C700N zielone;Słuchawki;Sony;1539.99;PLN;1539.99;Niedostępny;;445;18.03.2026;brak informacji;zielone;0,08 kg;0.08;0;40,4 × 15,9 × 20,4 cm;tworzywo sztuczne;Indie;12.10.2025;Partner: ElektroHurt;brak terminu;0.0;5900112083114;SOWFC700N-795;słuchawki, etui, kabel USB-C;Typ: dokanałowe | Łączność: Bluetooth 5.2 | Czas pracy: 50 h;Sony WF-C700N to słuchawki z oferty TechStore. Produkt dostarczany jest w oryginalnym opakowaniu producenta i objęty pełną obsługą serwisową.;produkt.html?id=1147
1148;MON-37050;BenQ MOBIUZ EX2710Q + kabel DisplayPort;Monitory;BenQ;1259.99;PLN;1259.99;Niedostępny;4.3;1911;16.01.2026;48 mies.;biały;3,58 kg;3.58;0;53,5 × 9,9 × 18,4 cm;tworzywo sztuczne;Chiny;08.05.2025;TechStore Outlet;brak terminu;0.0;5907445786094;BEMOBIUZEX-510;monitor, podstawa, kabel zasilający, kabel HDMI;"Przekątna: 31,5"" | Rozdzielczość: 3840×2160 | Odświeżanie: 180 Hz";BenQ MOBIUZ EX2710Q to monitor z oferty TechStore. Produkt dostarczany jest w oryginalnym opakowaniu producenta i objęty pełną obsługą serwisową.;produkt.html?id=1148
1149;DRU-57618;HP LaserJet M110we + etui na dokumenty;Drukarki;HP;499.96;USD;124.99;Dostępny;4.6;1891;27.10.2025;brak informacji;szary;11,02 kg;11.02;11;57,6 × 5,2 × 1,8 cm;tworzywo sztuczne;Wietnam;24.11.2024;TechStore;24 h;0.0;5909211259138;HPLASERJET-732;drukarka, startowy materiał eksploatacyjny, kabel zasilający;Technologia druku: laserowa kolor | Prędkość druku: 34 str./min | Łączność: Wi-Fi, LAN, USB;HP LaserJet M110we to drukarka z oferty TechStore. Produkt dostarczany jest w oryginalnym opakowaniu producenta i objęty pełną obsługą serwisową.;produkt.html?id=1149
1150;AKC-88811;Trust Ozaa czarny;Akcesoria;Trust;129.99;PLN;129.99;Dostępny;4.0;126;12.05.2026;36 mies.;czarny;0,51 kg;0.51;89;24,7 × 17,3 × 7,9 cm;stal i tworzywo;Wietnam;06.10.2025;TechStore;24 h;14.99;5902119749635;TROZAA-462;urządzenie, odbiornik/kabel, instrukcja;Łączność: bezprzewodowa 2,4 GHz | Zasilanie: akumulator | Kompatybilność: Windows, macOS, Linux;Trust Ozaa to akcesorium komputerowe z oferty TechStore. Produkt dostarczany jest w oryginalnym opakowaniu producenta i objęty pełną obsługą serwisową.;produkt.html?id=1150
1151;LAP-57032;Dell Inspiron 15 16/512 GB;Laptopy;Dell;6859.99;PLN;6859.99;Niedostępny;3.4;1046;10.01.2025;24 mies.;biały;1,38 kg;1.38;0;8,4 × 6,8 × 22,1 cm;aluminium;Malezja;05.12.2023;TechStore;brak terminu;0.0;5905313089998;DEINSPIRON-542;laptop, zasilacz, instrukcja;"Procesor: AMD Ryzen 7 7735HS | Ekran: 16"" 2560×1600 | System operacyjny: bez systemu";Dell Inspiron 15 to laptop z oferty TechStore. Produkt dostarczany jest w oryginalnym opakowaniu producenta i objęty pełną obsługą serwisową.;produkt.html?id=1151
1152;SMA-35730;Apple iPhone 15 8/128 GB;Smartfony;Apple;2849.99;PLN;2849.99;Niedostępny;4.4;1105;21.03.2026;24 mies.;srebrny;0,21 kg;0.21;0;39,4 × 26,8 × 14,2 cm;aluminium i tworzywo;Wietnam;25.05.2024;TechStore;brak terminu;0.0;5904016405011;APIPHONE15-531;telefon, kabel USB-C, kluczyk do karty SIM;"Przekątna ekranu: 6,7"" | Aparat główny: 108 Mpx | Bateria: 4500 mAh";Apple iPhone 15 to smartfon z oferty TechStore. Produkt dostarczany jest w oryginalnym opakowaniu producenta i objęty pełną obsługą serwisową.;produkt.html?id=1152
1153;SLU-15408;JBL Tune Beam beżowe;Słuchawki;JBL;389.99;PLN;389.99;Niedostępny;3.6;1724;17.08.2026;12 mies.;beżowe;0,14 kg;0.14;0;22,2 × 13,8 × 20,0 cm;tworzywo sztuczne;Indie;07.03.2026;TechStore;brak terminu;0.0;5903558835105;JBTUNEBEAM-427;słuchawki, etui, kabel USB-C;Typ: douszne | Łączność: Bluetooth 5.2 | Czas pracy: 60 h;JBL Tune Beam to słuchawki z oferty TechStore. Produkt dostarczany jest w oryginalnym opakowaniu producenta i objęty pełną obsługą serwisową.;produkt.html?id=1153
1154;MON-96305;BenQ MOBIUZ EX2710Q + kabel USB-C;Monitory;BenQ;739.56;EUR;171.99;Dostępny;4.1;2158;17.05.2025;36 mies.;czarny;3,72 kg;3.72;31;11,1 × 29,4 × 11,3 cm;tworzywo sztuczne;Malezja;10.04.2025;Partner: ElektroHurt;24 h;0.0;5904577609730;BEMOBIUZEX-827;monitor, podstawa, kabel zasilający, kabel HDMI;"Przekątna: 27"" | Rozdzielczość: 1920×1080 | Odświeżanie: 75 Hz";BenQ MOBIUZ EX2710Q to monitor z oferty TechStore. Produkt dostarczany jest w oryginalnym opakowaniu producenta i objęty pełną obsługą serwisową.;produkt.html?id=1154
1155;DRU-20259;Brother MFC-L2800DW + ryza papieru A4;Drukarki;Brother;479.99;PLN;479.99;Dostępny;4.5;1121;18.05.2026;24 mies.;grafitowy;11,79 kg;11.79;38;57,6 × 29,2 × 8,6 cm;aluminium;Tajwan;08.11.2025;TechStore;24 h;0.0;5904329348992;BRMFCL2800-606;drukarka, startowy materiał eksploatacyjny, kabel zasilający;Technologia druku: laserowa kolor | Prędkość druku: 20 str./min | Łączność: Wi-Fi, USB;Brother MFC-L2800DW to drukarka z oferty TechStore. Produkt dostarczany jest w oryginalnym opakowaniu producenta i objęty pełną obsługą serwisową.;produkt.html?id=1155
1156;AKC-91128;Trust GXT 711 Dominus niebieski;Akcesoria;Trust;289.99;PLN;289.99;Na zamówienie;4.0;1570;03.02.2026;24 mies.;niebieski;0,58 kg;0.58;0;51,2 × 7,6 × 19,3 cm;aluminium;Chiny;04.11.2024;TechStore;do 14 dni;14.99;5907003471072;TRGXT711DO-482;urządzenie, odbiornik/kabel, instrukcja;Łączność: przewodowa USB | Zasilanie: bateria AA | Kompatybilność: Windows;Trust GXT 711 Dominus to akcesorium komputerowe z oferty TechStore. Produkt dostarczany jest w oryginalnym opakowaniu producenta i objęty pełną obsługą serwisową.;produkt.html?id=1156
1157;LAP-93506;Dell Latitude 5440 16/1 TB;Laptopy;Dell;4809.99;PLN;4809.99;Dostępny;5.0;1101;07.08.2026;brak informacji;grafitowy;2,38 kg;2.38;65;39,0 × 38,5 × 8,0 cm;aluminium i tworzywo;Tajlandia;14.05.2026;TechStore Outlet;24 h;0.0;5901718617004;DELATITUDE-709;laptop, zasilacz, instrukcja;"Procesor: AMD Ryzen 7 7735HS | Ekran: 14"" 1920×1200 | System operacyjny: Windows 11 Home";Dell Latitude 5440 to laptop z oferty TechStore. Produkt dostarczany jest w oryginalnym opakowaniu producenta i objęty pełną obsługą serwisową.;produkt.html?id=1157
1158;SMA-27912;Motorola Moto G84 12/256 GB;Smartfony;Motorola;2739.99;PLN;2739.99;Dostępny;3.9;1250;29.06.2025;brak informacji;szary;0,21 kg;0.21;23;20,8 × 11,0 × 9,7 cm;aluminium;Wietnam;11.08.2024;TechStore;24 h;0.0;5904139365569;MOMOTOG84-874;telefon, kabel USB-C, kluczyk do karty SIM;"Przekątna ekranu: 6,6"" | Aparat główny: 50 Mpx | Bateria: 5500 mAh";Motorola Moto G84 to smartfon z oferty TechStore. Produkt dostarczany jest w oryginalnym opakowaniu producenta i objęty pełną obsługą serwisową.;produkt.html?id=1158
1159;SLU-73129;Sony WH-CH720N niebieskie;Słuchawki;Sony;479.96;USD;119.99;Ostatnie sztuki;4.4;506;09.06.2024;12 mies.;niebieskie;0,19 kg;0.19;1;41,9 × 34,2 × 13,7 cm;stal i tworzywo;Chiny;27.04.2024;Partner: ElektroHurt;1–2 dni robocze;0.0;5902961781759;SOWHCH720N-862;słuchawki, etui, kabel USB-C;Typ: douszne | Łączność: Bluetooth 5.2 | Czas pracy: 30 h;Sony WH-CH720N to słuchawki z oferty TechStore. Produkt dostarczany jest w oryginalnym opakowaniu producenta i objęty pełną obsługą serwisową.;produkt.html?id=1159
1160;MON-81917;iiyama G-Master GB2770 + głośniki USB;Monitory;iiyama;2369.99;PLN;2369.99;Na zamówienie;3.4;1480;27.08.2026;brak informacji;szary;3,27 kg;3.27;0;4,4 × 31,5 × 17,7 cm;aluminium i tworzywo;Tajlandia;30.10.2025;TechStore;do 14 dni;0.0;5906536954017;IIGMASTERG-166;monitor, podstawa, kabel zasilający, kabel HDMI;"Przekątna: 31,5"" | Rozdzielczość: 1920×1080 | Odświeżanie: 165 Hz";iiyama G-Master GB2770 to monitor z oferty TechStore. Produkt dostarczany jest w oryginalnym opakowaniu producenta i objęty pełną obsługą serwisową.;produkt.html?id=1160
1161;DRU-80985;Epson EcoTank L8050 + kabel USB;Drukarki;Epson;2019.99;PLN;2019.99;Dostępny;4.8;1107;05.08.2025;24 mies.;srebrny;9,81 kg;9.81;106;30,8 × 9,8 × 5,5 cm;aluminium;Indie;23.05.2024;TechStore;24 h;0.0;5909774329883;EPECOTANKL-411;drukarka, startowy materiał eksploatacyjny, kabel zasilający;Technologia druku: laserowa mono | Prędkość druku: 30 str./min | Łączność: Wi-Fi, LAN, USB;Epson EcoTank L8050 to drukarka z oferty TechStore. Produkt dostarczany jest w oryginalnym opakowaniu producenta i objęty pełną obsługą serwisową.;produkt.html?id=1161
1162;AKC-76329;SteelSeries Rival 3 różowy;Akcesoria;SteelSeries;639.99;PLN;639.99;Ostatnie sztuki;4.4;1628;08.02.2026;24 mies.;różowy;0,32 kg;0.32;4;9,0 × 3,6 × 20,3 cm;stal i tworzywo;Malezja;12.10.2025;TechStore;1–2 dni robocze;0.0;5904624018867;STRIVAL3-904;urządzenie, odbiornik/kabel, instrukcja;Łączność: Bluetooth | Zasilanie: akumulator | Kompatybilność: Windows, macOS;SteelSeries Rival 3 to akcesorium komputerowe z oferty TechStore. Produkt dostarczany jest w oryginalnym opakowaniu producenta i objęty pełną obsługą serwisową.;produkt.html?id=1162
1163;LAP-79781;HP ProBook 450 32/1 TB;Laptopy;HP;3359.96;USD;839.99;Ostatnie sztuki;3.2;2290;05.01.2025;24 mies.;biały;1,34 kg;1.34;3;45,6 × 15,2 × 1,5 cm;tworzywo sztuczne;Chiny;17.06.2023;TechStore;1–2 dni robocze;0.0;5900485091444;HPPROBOOK4-769;laptop, zasilacz, instrukcja;"Procesor: AMD Ryzen 7 7735HS | Ekran: 14"" 1920×1200 | System operacyjny: Windows 11 Home";HP ProBook 450 to laptop z oferty TechStore. Produkt dostarczany jest w oryginalnym opakowaniu producenta i objęty pełną obsługą serwisową.;produkt.html?id=1163
1164;SMA-84451;Motorola Moto G84 8/128 GB;Smartfony;Motorola;1219.99;PLN;1219.99;Dostępny;4.8;321;30.05.2024;brak informacji;srebrny;0,23 kg;0.23;11;8,8 × 43,5 × 23,2 cm;aluminium;Chiny;12.05.2023;TechStore;24 h;0.0;5905759885287;MOMOTOG84-593;telefon, kabel USB-C, kluczyk do karty SIM;"Przekątna ekranu: 6,1"" | Aparat główny: 50 Mpx | Bateria: 5500 mAh";Motorola Moto G84 to smartfon z oferty TechStore. Produkt dostarczany jest w oryginalnym opakowaniu producenta i objęty pełną obsługą serwisową.;produkt.html?id=1164
1165;SLU-49957;Jabra Elite 85t białe;Słuchawki;Jabra;1759.99;PLN;1759.99;Dostępny;4.3;889;09.04.2026;brak informacji;białe;0,32 kg;0.32;64;30,6 × 12,1 × 17,0 cm;stal i tworzywo;Malezja;12.11.2024;TechStore;24 h;0.0;5900139253959;JAELITE85T-928;słuchawki, etui, kabel USB-C;Typ: dokanałowe | Łączność: Bluetooth 5.2 | Czas pracy: 60 h;Jabra Elite 85t to słuchawki z oferty TechStore. Produkt dostarczany jest w oryginalnym opakowaniu producenta i objęty pełną obsługą serwisową.;produkt.html?id=1165
1166;MON-52088;AOC 24G2U + kabel USB-C;Monitory;AOC;1629.99;PLN;1629.99;Dostępny;3.3;1536;17.09.2024;brak informacji;czarny;5,71 kg;5.71;16;52,3 × 26,9 × 22,4 cm;tworzywo sztuczne;Chiny;25.11.2022;TechStore;24 h;0.0;5900628543751;AO24G2U-952;monitor, podstawa, kabel zasilający, kabel HDMI;"Przekątna: 27"" | Rozdzielczość: 3840×2160 | Odświeżanie: 144 Hz";AOC 24G2U to monitor z oferty TechStore. Produkt dostarczany jest w oryginalnym opakowaniu producenta i objęty pełną obsługą serwisową.;produkt.html?id=1166
1167;DRU-89039;Canon PIXMA TS5350i + kabel USB;Drukarki;Canon;1449.99;PLN;1449.99;Dostępny;3.4;2372;17.01.2025;24 mies.;srebrny;6,24 kg;6.24;7;49,0 × 6,6 × 6,7 cm;aluminium i tworzywo;Tajlandia;12.07.2023;TechStore;24 h;0.0;5902250327087;CAPIXMATS5-304;drukarka, startowy materiał eksploatacyjny, kabel zasilający;Technologia druku: laserowa kolor | Prędkość druku: 34 str./min | Łączność: Wi-Fi, USB;Canon PIXMA TS5350i to drukarka z oferty TechStore. Produkt dostarczany jest w oryginalnym opakowaniu producenta i objęty pełną obsługą serwisową.;produkt.html?id=1167
1168;AKC-92405;SteelSeries Apex 3 TKL czarny;Akcesoria;SteelSeries;439.99;PLN;439.99;Dostępny;4.4;853;27.06.2024;24 mies.;czarny;0,12 kg;0.12;97;20,0 × 17,4 × 8,6 cm;stal i tworzywo;Malezja;30.08.2022;TechStore Outlet;24 h;0.0;5900149031083;STAPEX3TKL-246;urządzenie, odbiornik/kabel, instrukcja;Łączność: Bluetooth | Zasilanie: akumulator | Kompatybilność: Windows, macOS, Linux;SteelSeries Apex 3 TKL to akcesorium komputerowe z oferty TechStore. Produkt dostarczany jest w oryginalnym opakowaniu producenta i objęty pełną obsługą serwisową.;produkt.html?id=1168
1169;LAP-71660;Dell Latitude 5440 32/2 TB;Laptopy;Dell;2309.99;PLN;2309.99;Dostępny;3.9;1806;12.04.2026;24 mies.;czarny;1,26 kg;1.26;33;54,5 × 24,9 × 4,0 cm;aluminium i tworzywo;Chiny;25.09.2024;TechStore;24 h;0.0;5900648740208;DELATITUDE-407;laptop, zasilacz, instrukcja;"Procesor: Intel Core i7-1355U | Ekran: 15,6"" 1920×1080 | System operacyjny: Windows 11 Home";Dell Latitude 5440 to laptop z oferty TechStore. Produkt dostarczany jest w oryginalnym opakowaniu producenta i objęty pełną obsługą serwisową.;produkt.html?id=1169
1170;SMA-67871;Xiaomi Poco X6 12/256 GB;Smartfony;Xiaomi;799.99;PLN;799.99;Dostępny;;559;18.04.2025;24 mies.;niebieski;0,21 kg;0.21;54;42,4 × 39,6 × 17,7 cm;tworzywo sztuczne;Malezja;09.11.2024;TechStore;24 h;0.0;5906838640463;XIPOCOX6-853;telefon, kabel USB-C, kluczyk do karty SIM;"Przekątna ekranu: 6,1"" | Aparat główny: 200 Mpx | Bateria: 5000 mAh";Xiaomi Poco X6 to smartfon z oferty TechStore. Produkt dostarczany jest w oryginalnym opakowaniu producenta i objęty pełną obsługą serwisową.;produkt.html?id=1170
1171;SLU-56057;Bose QuietComfort Ultra czarne;Słuchawki;Bose;559.99;PLN;559.99;Na zamówienie;4.3;136;19.06.2025;brak informacji;czarne;0,14 kg;0.14;0;16,6 × 7,7 × 3,1 cm;aluminium i tworzywo;Wietnam;01.07.2024;Partner: ElektroHurt;do 14 dni;0.0;5908179553205;BOQUIETCOM-981;słuchawki, etui, kabel USB-C;Typ: douszne | Łączność: Bluetooth 5.2 | Czas pracy: 30 h;Bose QuietComfort Ultra to słuchawki z oferty TechStore. Produkt dostarczany jest w oryginalnym opakowaniu producenta i objęty pełną obsługą serwisową.;produkt.html?id=1171
1172;MON-68109;AOC 24G2U;Monitory;AOC;1719.99;PLN;1719.99;Dostępny;;1169;21.08.2026;36 mies.;czarny;3,52 kg;3.52;34;8,1 × 43,6 × 4,8 cm;tworzywo sztuczne;Wietnam;24.06.2025;TechStore;24 h;0.0;5906638099125;AO24G2U-217;monitor, podstawa, kabel zasilający, kabel HDMI;"Przekątna: 27"" | Rozdzielczość: 2560×1440 | Odświeżanie: 180 Hz";AOC 24G2U to monitor z oferty TechStore. Produkt dostarczany jest w oryginalnym opakowaniu producenta i objęty pełną obsługą serwisową.;produkt.html?id=1172
1173;DRU-62900;Xerox B225 + zapasowy toner;Drukarki;Xerox;1919.99;PLN;1919.99;Niedostępny;3.4;1823;03.02.2024;24 mies.;biały;14,42 kg;14.42;0;16,2 × 15,4 × 10,4 cm;stal i tworzywo;Wietnam;03.05.2022;TechStore;brak terminu;0.0;5901738315462;XEB225-862;drukarka, startowy materiał eksploatacyjny, kabel zasilający;Technologia druku: atramentowa kolor | Prędkość druku: 20 str./min | Łączność: USB;Xerox B225 to drukarka z oferty TechStore. Produkt dostarczany jest w oryginalnym opakowaniu producenta i objęty pełną obsługą serwisową.;produkt.html?id=1173
1174;AKC-80969;Razer BlackWidow V4 czarny;Akcesoria;Razer;699.99;PLN;699.99;Niedostępny;4.6;1550;06.02.2024;36 mies.;czarny;0,47 kg;0.47;0;20,9 × 22,8 × 22,7 cm;aluminium;Tajlandia;27.12.2022;TechStore;brak terminu;0.0;5906663646907;RABLACKWID-137;urządzenie, odbiornik/kabel, instrukcja;Łączność: przewodowa USB | Zasilanie: z kabla USB | Kompatybilność: Windows, macOS;Razer BlackWidow V4 to akcesorium komputerowe z oferty TechStore. Produkt dostarczany jest w oryginalnym opakowaniu producenta i objęty pełną obsługą serwisową.;produkt.html?id=1174
1175;LAP-27917;ASUS VivoBook 16 16/1 TB;Laptopy;ASUS;6099.99;PLN;6099.99;Niedostępny;4.3;1900;09.06.2026;36 mies.;szary;1,96 kg;1.96;0;37,9 × 20,4 × 7,6 cm;aluminium;Tajwan;13.12.2025;TechStore Outlet;brak terminu;0.0;5902745048555;ASVIVOBOOK-149;laptop, zasilacz, instrukcja;"Procesor: AMD Ryzen 5 7530U | Ekran: 16"" 2560×1600 | System operacyjny: Windows 11 Pro";ASUS VivoBook 16 to laptop z oferty TechStore. Produkt dostarczany jest w oryginalnym opakowaniu producenta i objęty pełną obsługą serwisową.;produkt.html?id=1175
1176;SMA-29500;Nokia G60 12/512 GB;Smartfony;Nokia;3689.99;PLN;3689.99;Dostępny;;826;01.05.2024;brak informacji;srebrny;0,21 kg;0.21;59;53,4 × 36,2 × 9,6 cm;stal i tworzywo;Tajwan;22.09.2022;TechStore;24 h;0.0;5900519755222;NOG60-121;telefon, kabel USB-C, kluczyk do karty SIM;"Przekątna ekranu: 6,1"" | Aparat główny: 50 Mpx | Bateria: 5000 mAh";Nokia G60 to smartfon z oferty TechStore. Produkt dostarczany jest w oryginalnym opakowaniu producenta i objęty pełną obsługą serwisową.;produkt.html?id=1176
1177;SLU-53005;Sony WF-C700N białe;Słuchawki;Sony;1549.99;PLN;1549.99;Dostępny;;488;05.04.2025;12 mies.;białe;0,1 kg;0.1;65;4,0 × 23,9 × 7,2 cm;stal i tworzywo;Chiny;12.06.2023;TechStore;24 h;0.0;5906624863302;SOWFC700N-239;słuchawki, etui, kabel USB-C;Typ: douszne | Łączność: Bluetooth 5.3 + jack 3,5 mm | Czas pracy: 40 h;Sony WF-C700N to słuchawki z oferty TechStore. Produkt dostarczany jest w oryginalnym opakowaniu producenta i objęty pełną obsługą serwisową.;produkt.html?id=1177
1178;MON-68391;Dell U2424H + kabel USB-C;Monitory;Dell;749.99;PLN;749.99;Ostatnie sztuki;3.4;1406;18.09.2025;36 mies.;grafitowy;4,36 kg;4.36;3;10,0 × 36,1 × 13,9 cm;aluminium;Indie;19.11.2024;Partner: ElektroHurt;1–2 dni robocze;0.0;5905113528826;DEU2424H-912;monitor, podstawa, kabel zasilający, kabel HDMI;"Przekątna: 23,8"" | Rozdzielczość: 3840×2160 | Odświeżanie: 180 Hz";Dell U2424H to monitor z oferty TechStore. Produkt dostarczany jest w oryginalnym opakowaniu producenta i objęty pełną obsługą serwisową.;produkt.html?id=1178
1179;DRU-40110;Canon i-SENSYS MF453dw + zapasowy toner;Drukarki;Canon;799.99;PLN;799.99;Niedostępny;4.7;633;09.05.2024;24 mies.;czarny;10,59 kg;10.59;0;23,5 × 8,6 × 3,3 cm;aluminium i tworzywo;Tajlandia;03.05.2023;TechStore Outlet;brak terminu;0.0;5901765723157;CAISENSYSM-253;drukarka, startowy materiał eksploatacyjny, kabel zasilający;Technologia druku: laserowa kolor | Prędkość druku: 30 str./min | Łączność: Wi-Fi, LAN, USB;Canon i-SENSYS MF453dw to drukarka z oferty TechStore. Produkt dostarczany jest w oryginalnym opakowaniu producenta i objęty pełną obsługą serwisową.;produkt.html?id=1179
1180;AKC-98002;Trust GXT 922 Ybar biały;Akcesoria;Trust;569.99;PLN;569.99;Dostępny;4.4;673;27.08.2025;24 mies.;biały;1,04 kg;1.04;110;8,5 × 32,5 × 16,9 cm;stal i tworzywo;Tajwan;18.07.2024;TechStore;24 h;0.0;5902558537940;TRGXT922YB-557;urządzenie, odbiornik/kabel, instrukcja;Łączność: bezprzewodowa 2,4 GHz | Zasilanie: bateria AA | Kompatybilność: Windows, macOS, Linux;Trust GXT 922 Ybar to akcesorium komputerowe z oferty TechStore. Produkt dostarczany jest w oryginalnym opakowaniu producenta i objęty pełną obsługą serwisową.;produkt.html?id=1180
1181;LAP-98973;Acer Nitro V15 32/1 TB;Laptopy;Acer;6759.99;PLN;6759.99;Niedostępny;4.8;890;28.11.2025;24 mies.;niebieski;2,1 kg;2.1;0;45,1 × 36,2 × 17,0 cm;stal i tworzywo;Indie;15.10.2024;TechStore Outlet;brak terminu;0.0;5903887265035;ACNITROV15-957;laptop, zasilacz, instrukcja;"Procesor: AMD Ryzen 7 7735HS | Ekran: 14"" 1920×1200 | System operacyjny: Windows 11 Home";Acer Nitro V15 to laptop z oferty TechStore. Produkt dostarczany jest w oryginalnym opakowaniu producenta i objęty pełną obsługą serwisową.;produkt.html?id=1181
1182;SMA-41777;Xiaomi Redmi Note 13 8/128 GB;Smartfony;Xiaomi;2649.99;PLN;2649.99;Dostępny;4.5;1370;18.10.2025;24 mies.;czarny;0,22 kg;0.22;46;58,8 × 17,5 × 23,4 cm;aluminium i tworzywo;Tajlandia;25.12.2024;Partner: ElektroHurt;24 h;0.0;5907476929705;XIREDMINOT-443;telefon, kabel USB-C, kluczyk do karty SIM;"Przekątna ekranu: 6,6"" | Aparat główny: 50 Mpx | Bateria: 5500 mAh";Xiaomi Redmi Note 13 to smartfon z oferty TechStore. Produkt dostarczany jest w oryginalnym opakowaniu producenta i objęty pełną obsługą serwisową.;produkt.html?id=1182
1183;SLU-18642;Sennheiser Accentum niebieskie;Słuchawki;Sennheiser;699.99;PLN;699.99;Ostatnie sztuki;3.2;619;16.06.2026;12 mies.;niebieskie;0,12 kg;0.12;1;40,2 × 42,0 × 17,4 cm;stal i tworzywo;Chiny;19.12.2024;TechStore Outlet;1–2 dni robocze;0.0;5902894993817;SEACCENTUM-969;słuchawki, etui, kabel USB-C;Typ: nauszne | Łączność: Bluetooth 5.2 | Czas pracy: 60 h;Sennheiser Accentum to słuchawki z oferty TechStore. Produkt dostarczany jest w oryginalnym opakowaniu producenta i objęty pełną obsługą serwisową.;produkt.html?id=1183
1184;MON-57489;LG 24MR400 + uchwyt VESA;Monitory;LG;1559.99;PLN;1559.99;Dostępny;;1199;27.05.2026;36 mies.;grafitowy;4,14 kg;4.14;66;12,9 × 30,8 × 20,3 cm;aluminium;Tajwan;07.02.2025;TechStore;24 h;0.0;5908222139339;LG24MR400-839;monitor, podstawa, kabel zasilający, kabel HDMI;"Przekątna: 23,8"" | Rozdzielczość: 2560×1440 | Odświeżanie: 144 Hz";LG 24MR400 to monitor z oferty TechStore. Produkt dostarczany jest w oryginalnym opakowaniu producenta i objęty pełną obsługą serwisową.;produkt.html?id=1184
1185;DRU-77428;HP OfficeJet Pro 9120e + ryza papieru A4;Drukarki;HP;1919.99;PLN;1919.99;Dostępny;3.9;616;26.06.2024;24 mies.;czarny;9,55 kg;9.55;83;24,1 × 6,6 × 20,9 cm;aluminium i tworzywo;Chiny;11.10.2022;TechStore Outlet;24 h;0.0;5909332243823;HPOFFICEJE-213;drukarka, startowy materiał eksploatacyjny, kabel zasilający;Technologia druku: laserowa mono | Prędkość druku: 20 str./min | Łączność: Wi-Fi, USB;HP OfficeJet Pro 9120e to drukarka z oferty TechStore. Produkt dostarczany jest w oryginalnym opakowaniu producenta i objęty pełną obsługą serwisową.;produkt.html?id=1185
1186;AKC-12956;Logitech K380 niebieski;Akcesoria;Logitech;879.99;PLN;879.99;Ostatnie sztuki;3.7;1739;15.07.2026;brak informacji;niebieski;0,5 kg;0.5;3;53,0 × 23,4 × 14,8 cm;aluminium;Wietnam;30.04.2026;TechStore;1–2 dni robocze;0.0;5908430628191;LOK380-713;urządzenie, odbiornik/kabel, instrukcja;Łączność: Bluetooth | Zasilanie: z kabla USB | Kompatybilność: Windows;Logitech K380 to akcesorium komputerowe z oferty TechStore. Produkt dostarczany jest w oryginalnym opakowaniu producenta i objęty pełną obsługą serwisową.;produkt.html?id=1186
1187;LAP-83097;Lenovo ThinkPad E14 32/2 TB;Laptopy;Lenovo;4529.99;PLN;4529.99;Dostępny;4.8;936;08.02.2024;24 mies.;srebrny;2,21 kg;2.21;5;44,1 × 17,5 × 2,7 cm;aluminium i tworzywo;Indie;15.06.2023;TechStore Outlet;24 h;0.0;5907995506104;LETHINKPAD-661;laptop, zasilacz, instrukcja;"Procesor: Intel Core i7-1355U | Ekran: 15,6"" 1920×1080 | System operacyjny: bez systemu";Lenovo ThinkPad E14 to laptop z oferty TechStore. Produkt dostarczany jest w oryginalnym opakowaniu producenta i objęty pełną obsługą serwisową.;produkt.html?id=1187
1188;SMA-48727;Google Pixel 8a 8/256 GB;Smartfony;Google;2109.99;PLN;2109.99;Niedostępny;3.7;1942;22.06.2025;36 mies.;srebrny;0,2 kg;0.2;0;41,9 × 28,5 × 8,7 cm;aluminium;Tajlandia;21.10.2023;Partner: ElektroHurt;brak terminu;0.0;5907357934274;GOPIXEL8A-872;telefon, kabel USB-C, kluczyk do karty SIM;"Przekątna ekranu: 6,6"" | Aparat główny: 50 Mpx | Bateria: 5000 mAh";Google Pixel 8a to smartfon z oferty TechStore. Produkt dostarczany jest w oryginalnym opakowaniu producenta i objęty pełną obsługą serwisową.;produkt.html?id=1188
1189;SLU-98457;Sony WH-1000XM5 zielone;Słuchawki;Sony;407.96;USD;101.99;Ostatnie sztuki;3.6;986;06.05.2024;brak informacji;zielone;0,29 kg;0.29;2;46,3 × 18,5 × 22,2 cm;aluminium;Tajwan;03.07.2023;Partner: ElektroHurt;1–2 dni robocze;0.0;5905212795136;SOWH1000XM-965;słuchawki, etui, kabel USB-C;Typ: dokanałowe | Łączność: Bluetooth 5.3 | Czas pracy: 50 h;Sony WH-1000XM5 to słuchawki z oferty TechStore. Produkt dostarczany jest w oryginalnym opakowaniu producenta i objęty pełną obsługą serwisową.;produkt.html?id=1189
1190;MON-58961;BenQ GW2785TC + uchwyt VESA;Monitory;BenQ;879.99;PLN;879.99;Niedostępny;4.1;2199;11.03.2025;48 mies.;czarny;5,68 kg;5.68;0;58,7 × 34,2 × 11,7 cm;stal i tworzywo;Tajwan;17.09.2024;TechStore;brak terminu;0.0;5905481133564;BEGW2785TC-341;monitor, podstawa, kabel zasilający, kabel HDMI;"Przekątna: 23,8"" | Rozdzielczość: 1920×1080 | Odświeżanie: 75 Hz";BenQ GW2785TC to monitor z oferty TechStore. Produkt dostarczany jest w oryginalnym opakowaniu producenta i objęty pełną obsługą serwisową.;produkt.html?id=1190
1191;DRU-22280;Xerox C235 + ryza papieru A4;Drukarki;Xerox;489.99;PLN;489.99;Dostępny;;2243;24.05.2025;brak informacji;czarny;11,08 kg;11.08;49;53,3 × 27,4 × 15,7 cm;aluminium i tworzywo;Tajlandia;08.01.2024;Partner: ElektroHurt;24 h;0.0;5903436387848;XEC235-951;drukarka, startowy materiał eksploatacyjny, kabel zasilający;Technologia druku: laserowa mono | Prędkość druku: 20 str./min | Łączność: Wi-Fi, USB;Xerox C235 to drukarka z oferty TechStore. Produkt dostarczany jest w oryginalnym opakowaniu producenta i objęty pełną obsługą serwisową.;produkt.html?id=1191
1192;AKC-30795;Microsoft Bluetooth Mouse grafitowy;Akcesoria;Microsoft;309.99;PLN;309.99;Dostępny;3.4;1418;03.05.2024;brak informacji;grafitowy;0,4 kg;0.4;58;15,7 × 20,7 × 21,8 cm;tworzywo sztuczne;Wietnam;08.02.2023;TechStore Outlet;24 h;0.0;5905628536717;MIBLUETOOT-862;urządzenie, odbiornik/kabel, instrukcja;Łączność: przewodowa USB | Zasilanie: bateria AA | Kompatybilność: Windows;Microsoft Bluetooth Mouse to akcesorium komputerowe z oferty TechStore. Produkt dostarczany jest w oryginalnym opakowaniu producenta i objęty pełną obsługą serwisową.;produkt.html?id=1192
1193;LAP-22921;Dell Latitude 5440 16/512 GB;Laptopy;Dell;3869.99;PLN;3869.99;Niedostępny;5.0;2169;30.01.2026;36 mies.;szary;2,28 kg;2.28;0;9,7 × 25,1 × 3,6 cm;aluminium i tworzywo;Tajlandia;08.07.2025;Partner: ElektroHurt;brak terminu;0.0;5903127288714;DELATITUDE-754;laptop, zasilacz, instrukcja;"Procesor: Intel Core i7-1355U | Ekran: 15,6"" 1920×1080 | System operacyjny: bez systemu";Dell Latitude 5440 to laptop z oferty TechStore. Produkt dostarczany jest w oryginalnym opakowaniu producenta i objęty pełną obsługą serwisową.;produkt.html?id=1193
1194;SMA-25759;Google Pixel 8a 12/512 GB;Smartfony;Google;3349.99;PLN;3349.99;Dostępny;;760;11.12.2024;brak informacji;niebieski;0,21 kg;0.21;113;50,3 × 32,2 × 22,2 cm;aluminium;Tajwan;18.11.2023;TechStore Outlet;24 h;0.0;5903617610129;GOPIXEL8A-654;telefon, kabel USB-C, kluczyk do karty SIM;"Przekątna ekranu: 6,7"" | Aparat główny: 50 Mpx | Bateria: 4500 mAh";Google Pixel 8a to smartfon z oferty TechStore. Produkt dostarczany jest w oryginalnym opakowaniu producenta i objęty pełną obsługą serwisową.;produkt.html?id=1194
1195;SLU-93400;Sony WH-1000XM5 beżowe;Słuchawki;Sony;1429.99;PLN;1429.99;Ostatnie sztuki;4.1;365;16.03.2025;brak informacji;beżowe;0,11 kg;0.11;4;44,8 × 14,6 × 6,4 cm;aluminium;Tajwan;01.06.2023;TechStore Outlet;1–2 dni robocze;0.0;5900319446411;SOWH1000XM-110;słuchawki, etui, kabel USB-C;Typ: douszne | Łączność: Bluetooth 5.3 + jack 3,5 mm | Czas pracy: 60 h;Sony WH-1000XM5 to słuchawki z oferty TechStore. Produkt dostarczany jest w oryginalnym opakowaniu producenta i objęty pełną obsługą serwisową.;produkt.html?id=1195
1196;MON-10817;AOC U32P2 + kabel USB-C;Monitory;AOC;2009.99;PLN;2009.99;Na zamówienie;3.9;1;29.06.2026;36 mies.;szary;7,36 kg;7.36;0;25,6 × 3,3 × 2,0 cm;aluminium i tworzywo;Chiny;25.10.2025;TechStore;do 14 dni;0.0;5908061398265;AOU32P2-616;monitor, podstawa, kabel zasilający, kabel HDMI;"Przekątna: 31,5"" | Rozdzielczość: 1920×1080 | Odświeżanie: 165 Hz";AOC U32P2 to monitor z oferty TechStore. Produkt dostarczany jest w oryginalnym opakowaniu producenta i objęty pełną obsługą serwisową.;produkt.html?id=1196
1197;DRU-74783;HP Smart Tank 580 + etui na dokumenty;Drukarki;HP;1569.99;PLN;1569.99;Ostatnie sztuki;;1316;23.02.2026;24 mies.;niebieski;8,28 kg;8.28;1;23,8 × 35,3 × 17,3 cm;stal i tworzywo;Tajwan;27.10.2024;TechStore;1–2 dni robocze;0.0;5909627321422;HPSMARTTAN-774;drukarka, startowy materiał eksploatacyjny, kabel zasilający;Technologia druku: atramentowa kolor | Prędkość druku: 20 str./min | Łączność: Wi-Fi, LAN, USB;HP Smart Tank 580 to drukarka z oferty TechStore. Produkt dostarczany jest w oryginalnym opakowaniu producenta i objęty pełną obsługą serwisową.;produkt.html?id=1197
1198;AKC-26794;Microsoft Ergonomic Keyboard grafitowy;Akcesoria;Microsoft;79.99;PLN;79.99;Dostępny;4.7;1003;06.07.2024;24 mies.;grafitowy;0,32 kg;0.32;48;22,0 × 30,4 × 14,2 cm;stal i tworzywo;Tajwan;17.10.2023;TechStore;24 h;14.99;5909845530853;MIERGONOMI-691;urządzenie, odbiornik/kabel, instrukcja;Łączność: przewodowa USB | Zasilanie: bateria AA | Kompatybilność: Windows;Microsoft Ergonomic Keyboard to akcesorium komputerowe z oferty TechStore. Produkt dostarczany jest w oryginalnym opakowaniu producenta i objęty pełną obsługą serwisową.;produkt.html?id=1198
1199;LAP-20384;Lenovo IdeaPad Slim 5 8/256 GB;Laptopy;Lenovo;5429.99;PLN;5429.99;Na zamówienie;;192;19.03.2025;36 mies.;srebrny;2,25 kg;2.25;0;27,9 × 17,5 × 21,5 cm;aluminium i tworzywo;Wietnam;14.11.2023;TechStore;do 14 dni;0.0;5900595174773;LEIDEAPADS-920;laptop, zasilacz, instrukcja;"Procesor: Intel Core i5-1335U | Ekran: 14"" 1920×1200 | System operacyjny: bez systemu";Lenovo IdeaPad Slim 5 to laptop z oferty TechStore. Produkt dostarczany jest w oryginalnym opakowaniu producenta i objęty pełną obsługą serwisową.;produkt.html?id=1199
1200;SMA-14747;Nokia G60 8/256 GB;Smartfony;Nokia;2979.96;USD;744.99;Dostępny;4.7;1593;09.09.2025;24 mies.;srebrny;0,18 kg;0.18;33;7,0 × 30,7 × 10,1 cm;aluminium;Malezja;14.07.2024;Partner: ElektroHurt;24 h;0.0;5901184589761;NOG60-901;telefon, kabel USB-C, kluczyk do karty SIM;"Przekątna ekranu: 6,7"" | Aparat główny: 200 Mpx | Bateria: 5500 mAh";Nokia G60 to smartfon z oferty TechStore. Produkt dostarczany jest w oryginalnym opakowaniu producenta i objęty pełną obsługą serwisową.;produkt.html?id=1200
1201;SLU-85719;JBL Tune 760NC niebieskie;Słuchawki;JBL;959.96;USD;239.99;Dostępny;4.9;848;28.12.2025;12 mies.;niebieskie;0,35 kg;0.35;33;50,2 × 40,1 × 21,3 cm;aluminium i tworzywo;Chiny;20.07.2024;TechStore;24 h;0.0;5907792064280;JBTUNE760N-349;słuchawki, etui, kabel USB-C;Typ: nauszne | Łączność: Bluetooth 5.3 | Czas pracy: 50 h;JBL Tune 760NC to słuchawki z oferty TechStore. Produkt dostarczany jest w oryginalnym opakowaniu producenta i objęty pełną obsługą serwisową.;produkt.html?id=1201
1202;MON-50229;Samsung Odyssey G5;Monitory;Samsung;859.96;USD;214.99;Dostępny;3.4;1473;05.09.2026;36 mies.;szary;7,1 kg;7.1;52;50,6 × 42,7 × 8,6 cm;aluminium i tworzywo;Tajwan;05.07.2026;TechStore Outlet;24 h;0.0;5902074535986;SAODYSSEYG-933;monitor, podstawa, kabel zasilający, kabel HDMI;"Przekątna: 23,8"" | Rozdzielczość: 3840×2160 | Odświeżanie: 75 Hz";Samsung Odyssey G5 to monitor z oferty TechStore. Produkt dostarczany jest w oryginalnym opakowaniu producenta i objęty pełną obsługą serwisową.;produkt.html?id=1202
1203;DRU-28909;Canon i-SENSYS MF453dw + kabel USB;Drukarki;Canon;2109.99;PLN;2109.99;Ostatnie sztuki;3.7;1305;06.01.2026;24 mies.;srebrny;6,9 kg;6.9;1;24,3 × 39,7 × 6,3 cm;aluminium i tworzywo;Chiny;02.01.2025;TechStore Outlet;1–2 dni robocze;0.0;5909795573216;CAISENSYSM-316;drukarka, startowy materiał eksploatacyjny, kabel zasilający;Technologia druku: laserowa mono | Prędkość druku: 34 str./min | Łączność: Wi-Fi, LAN, USB;Canon i-SENSYS MF453dw to drukarka z oferty TechStore. Produkt dostarczany jest w oryginalnym opakowaniu producenta i objęty pełną obsługą serwisową.;produkt.html?id=1203
1204;AKC-36839;Microsoft Ergonomic Keyboard biały;Akcesoria;Microsoft;669.99;PLN;669.99;Niedostępny;;651;16.04.2026;24 mies.;biały;0,12 kg;0.12;0;30,0 × 17,9 × 20,4 cm;tworzywo sztuczne;Chiny;14.12.2025;Partner: ElektroHurt;brak terminu;0.0;5906289439252;MIERGONOMI-763;urządzenie, odbiornik/kabel, instrukcja;Łączność: przewodowa USB | Zasilanie: z kabla USB | Kompatybilność: Windows;Microsoft Ergonomic Keyboard to akcesorium komputerowe z oferty TechStore. Produkt dostarczany jest w oryginalnym opakowaniu producenta i objęty pełną obsługą serwisową.;produkt.html?id=1204
1205;LAP-86650;ASUS ZenBook 14 8/256 GB;Laptopy;ASUS;4529.99;PLN;4529.99;Niedostępny;4.8;358;11.05.2025;24 mies.;niebieski;1,75 kg;1.75;0;58,4 × 21,7 × 9,8 cm;tworzywo sztuczne;Chiny;19.09.2024;TechStore;brak terminu;0.0;5906913597590;ASZENBOOK1-176;laptop, zasilacz, instrukcja;"Procesor: Intel Core i7-1355U | Ekran: 14"" 1920×1200 | System operacyjny: Windows 11 Pro";ASUS ZenBook 14 to laptop z oferty TechStore. Produkt dostarczany jest w oryginalnym opakowaniu producenta i objęty pełną obsługą serwisową.;produkt.html?id=1205
1206;SMA-14991;Motorola Edge 50 Neo 12/256 GB;Smartfony;Motorola;1079.99;PLN;1079.99;Dostępny;;196;12.07.2026;36 mies.;czarny;0,22 kg;0.22;99;26,5 × 15,4 × 16,5 cm;tworzywo sztuczne;Indie;11.12.2025;TechStore;24 h;0.0;5906026529231;MOEDGE50NE-530;telefon, kabel USB-C, kluczyk do karty SIM;"Przekątna ekranu: 6,1"" | Aparat główny: 64 Mpx | Bateria: 5500 mAh";Motorola Edge 50 Neo to smartfon z oferty TechStore. Produkt dostarczany jest w oryginalnym opakowaniu producenta i objęty pełną obsługą serwisową.;produkt.html?id=1206
1207;SLU-60415;Sennheiser Momentum 4 białe;Słuchawki;Sennheiser;1589.99;PLN;1589.99;Dostępny;3.4;1763;06.05.2025;24 mies.;białe;0,29 kg;0.29;22;59,0 × 17,6 × 24,7 cm;tworzywo sztuczne;Tajwan;28.01.2025;Partner: ElektroHurt;24 h;0.0;5902107208495;SEMOMENTUM-176;słuchawki, etui, kabel USB-C;Typ: douszne | Łączność: Bluetooth 5.3 + jack 3,5 mm | Czas pracy: 50 h;Sennheiser Momentum 4 to słuchawki z oferty TechStore. Produkt dostarczany jest w oryginalnym opakowaniu producenta i objęty pełną obsługą serwisową.;produkt.html?id=1207
1208;MON-85003;LG 24MR400 + kabel DisplayPort;Monitory;LG;2379.99;PLN;2379.99;Na zamówienie;3.9;1474;26.12.2025;36 mies.;grafitowy;3,74 kg;3.74;0;36,1 × 19,1 × 10,8 cm;aluminium i tworzywo;Chiny;29.01.2025;TechStore;do 14 dni;0.0;5902924169524;LG24MR400-777;monitor, podstawa, kabel zasilający, kabel HDMI;"Przekątna: 31,5"" | Rozdzielczość: 3840×2160 | Odświeżanie: 180 Hz";LG 24MR400 to monitor z oferty TechStore. Produkt dostarczany jest w oryginalnym opakowaniu producenta i objęty pełną obsługą serwisową.;produkt.html?id=1208
1209;DRU-11791;Xerox C235 + kabel USB;Drukarki;Xerox;1769.99;PLN;1769.99;Niedostępny;4.8;1960;19.03.2025;brak informacji;niebieski;7,45 kg;7.45;0;13,3 × 32,3 × 6,0 cm;tworzywo sztuczne;Malezja;21.10.2023;TechStore;brak terminu;0.0;5908411879024;XEC235-594;drukarka, startowy materiał eksploatacyjny, kabel zasilający;Technologia druku: laserowa kolor | Prędkość druku: 34 str./min | Łączność: Wi-Fi, LAN, USB;Xerox C235 to drukarka z oferty TechStore. Produkt dostarczany jest w oryginalnym opakowaniu producenta i objęty pełną obsługą serwisową.;produkt.html?id=1209
1210;AKC-18840;Logitech G502 X grafitowy;Akcesoria;Logitech;589.99;PLN;589.99;Dostępny;4.5;1073;22.08.2026;36 mies.;grafitowy;0,16 kg;0.16;88;14,2 × 25,7 × 19,9 cm;aluminium i tworzywo;Wietnam;07.10.2024;TechStore Outlet;24 h;0.0;5906306844503;LOG502X-652;urządzenie, odbiornik/kabel, instrukcja;Łączność: Bluetooth | Zasilanie: akumulator | Kompatybilność: Windows, macOS, Linux;Logitech G502 X to akcesorium komputerowe z oferty TechStore. Produkt dostarczany jest w oryginalnym opakowaniu producenta i objęty pełną obsługą serwisową.;produkt.html?id=1210
1211;LAP-96425;ASUS VivoBook 16 32/2 TB;Laptopy;ASUS;7599.99;PLN;7599.99;Dostępny;4.7;1892;23.09.2025;brak informacji;biały;1,38 kg;1.38;26;4,2 × 44,5 × 3,7 cm;tworzywo sztuczne;Indie;28.10.2024;Partner: ElektroHurt;24 h;0.0;5909194384024;ASVIVOBOOK-714;laptop, zasilacz, instrukcja;"Procesor: AMD Ryzen 7 7735HS | Ekran: 16"" 2560×1600 | System operacyjny: bez systemu";ASUS VivoBook 16 to laptop z oferty TechStore. Produkt dostarczany jest w oryginalnym opakowaniu producenta i objęty pełną obsługą serwisową.;produkt.html?id=1211
1212;SMA-63263;Nokia G42 12/512 GB;Smartfony;Nokia;849.99;PLN;849.99;Ostatnie sztuki;3.7;369;26.04.2026;brak informacji;srebrny;0,19 kg;0.19;2;16,1 × 9,8 × 12,3 cm;aluminium;Indie;05.08.2025;TechStore Outlet;1–2 dni robocze;0.0;5907956987134;NOG42-729;telefon, kabel USB-C, kluczyk do karty SIM;"Przekątna ekranu: 6,1"" | Aparat główny: 64 Mpx | Bateria: 4500 mAh";Nokia G42 to smartfon z oferty TechStore. Produkt dostarczany jest w oryginalnym opakowaniu producenta i objęty pełną obsługą serwisową.;produkt.html?id=1212
1213;SLU-24063;Sony WH-1000XM5 białe;Słuchawki;Sony;399.99;PLN;399.99;Niedostępny;3.8;1306;11.08.2024;12 mies.;białe;0,28 kg;0.28;0;12,7 × 20,9 × 14,0 cm;tworzywo sztuczne;Wietnam;16.11.2022;Partner: ElektroHurt;brak terminu;0.0;5905550024978;SOWH1000XM-878;słuchawki, etui, kabel USB-C;Typ: dokanałowe | Łączność: Bluetooth 5.2 | Czas pracy: 40 h;Sony WH-1000XM5 to słuchawki z oferty TechStore. Produkt dostarczany jest w oryginalnym opakowaniu producenta i objęty pełną obsługą serwisową.;produkt.html?id=1213
1214;MON-12459;LG 32UN650 + kabel USB-C;Monitory;LG;2729.99;PLN;2729.99;Na zamówienie;3.3;61;09.01.2024;36 mies.;czarny;7,0 kg;7.0;0;36,3 × 4,1 × 14,7 cm;stal i tworzywo;Chiny;15.10.2023;TechStore Outlet;do 14 dni;0.0;5904459911693;LG32UN650-873;monitor, podstawa, kabel zasilający, kabel HDMI;"Przekątna: 31,5"" | Rozdzielczość: 1920×1080 | Odświeżanie: 180 Hz";LG 32UN650 to monitor z oferty TechStore. Produkt dostarczany jest w oryginalnym opakowaniu producenta i objęty pełną obsługą serwisową.;produkt.html?id=1214
1215;DRU-68007;Canon i-SENSYS MF453dw + etui na dokumenty;Drukarki;Canon;890.06;EUR;206.99;Dostępny;4.7;1303;18.10.2024;24 mies.;niebieski;11,32 kg;11.32;32;21,5 × 30,9 × 21,2 cm;stal i tworzywo;Tajwan;04.02.2023;TechStore;24 h;0.0;5903102314032;CAISENSYSM-401;drukarka, startowy materiał eksploatacyjny, kabel zasilający;Technologia druku: laserowa kolor | Prędkość druku: 30 str./min | Łączność: Wi-Fi, LAN, USB;Canon i-SENSYS MF453dw to drukarka z oferty TechStore. Produkt dostarczany jest w oryginalnym opakowaniu producenta i objęty pełną obsługą serwisową.;produkt.html?id=1215
1216;AKC-49392;Microsoft Bluetooth Mouse biały;Akcesoria;Microsoft;889.99;PLN;889.99;Niedostępny;3.5;962;16.02.2024;36 mies.;biały;0,94 kg;0.94;0;59,1 × 30,6 × 4,4 cm;stal i tworzywo;Tajwan;31.10.2022;TechStore;brak terminu;0.0;5903521447121;MIBLUETOOT-557;urządzenie, odbiornik/kabel, instrukcja;Łączność: przewodowa USB | Zasilanie: bateria AA | Kompatybilność: Windows;Microsoft Bluetooth Mouse to akcesorium komputerowe z oferty TechStore. Produkt dostarczany jest w oryginalnym opakowaniu producenta i objęty pełną obsługą serwisową.;produkt.html?id=1216
1217;LAP-83122;Acer Swift Go 14 16/512 GB;Laptopy;Acer;4589.99;PLN;4589.99;Ostatnie sztuki;3.3;608;06.01.2024;24 mies.;szary;1,79 kg;1.79;2;44,5 × 37,5 × 15,3 cm;aluminium i tworzywo;Malezja;09.02.2022;TechStore;1–2 dni robocze;0.0;5904064388666;ACSWIFTGO1-675;laptop, zasilacz, instrukcja;"Procesor: Intel Core i7-1355U | Ekran: 14"" 1920×1200 | System operacyjny: Windows 11 Home";Acer Swift Go 14 to laptop z oferty TechStore. Produkt dostarczany jest w oryginalnym opakowaniu producenta i objęty pełną obsługą serwisową.;produkt.html?id=1217
1218;SMA-40800;Motorola Edge 40 6/128 GB;Smartfony;Motorola;1479.99;PLN;1479.99;Niedostępny;;119;15.01.2024;24 mies.;srebrny;0,22 kg;0.22;0;31,5 × 31,3 × 9,4 cm;tworzywo sztuczne;Tajlandia;19.12.2022;TechStore Outlet;brak terminu;0.0;5904278065578;MOEDGE40-399;telefon, kabel USB-C, kluczyk do karty SIM;"Przekątna ekranu: 6,6"" | Aparat główny: 200 Mpx | Bateria: 5500 mAh";Motorola Edge 40 to smartfon z oferty TechStore. Produkt dostarczany jest w oryginalnym opakowaniu producenta i objęty pełną obsługą serwisową.;produkt.html?id=1218
1219;SLU-89952;Sennheiser HD 450BT zielone;Słuchawki;Sennheiser;259.99;PLN;259.99;Dostępny;5.0;144;12.06.2026;12 mies.;zielone;0,28 kg;0.28;107;39,8 × 44,6 × 8,0 cm;stal i tworzywo;Indie;03.03.2026;TechStore;24 h;14.99;5904723481161;SEHD450BT-744;słuchawki, etui, kabel USB-C;Typ: dokanałowe | Łączność: Bluetooth 5.3 + jack 3,5 mm | Czas pracy: 40 h;Sennheiser HD 450BT to słuchawki z oferty TechStore. Produkt dostarczany jest w oryginalnym opakowaniu producenta i objęty pełną obsługą serwisową.;produkt.html?id=1219
1220;MON-23664;LG 32UN650 + głośniki USB;Monitory;LG;899.99;PLN;899.99;Niedostępny;;2182;24.02.2025;36 mies.;grafitowy;3,98 kg;3.98;0;29,0 × 30,4 × 13,4 cm;aluminium;Chiny;16.04.2024;TechStore Outlet;brak terminu;0.0;5901699295363;LG32UN650-301;monitor, podstawa, kabel zasilający, kabel HDMI;"Przekątna: 23,8"" | Rozdzielczość: 3840×2160 | Odświeżanie: 180 Hz";LG 32UN650 to monitor z oferty TechStore. Produkt dostarczany jest w oryginalnym opakowaniu producenta i objęty pełną obsługą serwisową.;produkt.html?id=1220
1221;DRU-61652;Brother DCP-L2620DW + ryza papieru A4;Drukarki;Brother;1759.99;PLN;1759.99;Dostępny;4.0;820;16.08.2026;24 mies.;szary;10,5 kg;10.5;58;56,7 × 40,3 × 19,7 cm;aluminium;Tajlandia;10.05.2026;TechStore;24 h;0.0;5907128340912;BRDCPL2620-453;drukarka, startowy materiał eksploatacyjny, kabel zasilający;Technologia druku: laserowa kolor | Prędkość druku: 34 str./min | Łączność: Wi-Fi, LAN, USB;Brother DCP-L2620DW to drukarka z oferty TechStore. Produkt dostarczany jest w oryginalnym opakowaniu producenta i objęty pełną obsługą serwisową.;produkt.html?id=1221
1222;AKC-81830;Razer Basilisk V3 czarny;Akcesoria;Razer;609.99;PLN;609.99;Ostatnie sztuki;4.9;2368;02.06.2025;36 mies.;czarny;1,1 kg;1.1;2;30,6 × 3,9 × 15,9 cm;stal i tworzywo;Chiny;04.07.2024;TechStore Outlet;1–2 dni robocze;0.0;5900481074096;RABASILISK-848;urządzenie, odbiornik/kabel, instrukcja;Łączność: Bluetooth | Zasilanie: z kabla USB | Kompatybilność: Windows, macOS;Razer Basilisk V3 to akcesorium komputerowe z oferty TechStore. Produkt dostarczany jest w oryginalnym opakowaniu producenta i objęty pełną obsługą serwisową.;produkt.html?id=1222
1223;LAP-88842;ASUS ZenBook 14 32/1 TB;Laptopy;ASUS;6449.99;PLN;6449.99;Dostępny;4.0;76;08.06.2024;24 mies.;grafitowy;1,24 kg;1.24;15;58,7 × 21,5 × 11,4 cm;aluminium i tworzywo;Malezja;12.03.2023;Partner: ElektroHurt;24 h;0.0;5907832405752;ASZENBOOK1-958;laptop, zasilacz, instrukcja;"Procesor: AMD Ryzen 5 7530U | Ekran: 15,6"" 1920×1080 | System operacyjny: bez systemu";ASUS ZenBook 14 to laptop z oferty TechStore. Produkt dostarczany jest w oryginalnym opakowaniu producenta i objęty pełną obsługą serwisową.;produkt.html?id=1223
1224;SMA-37759;Nokia X30 12/256 GB;Smartfony;Nokia;3279.99;PLN;3279.99;Ostatnie sztuki;4.8;725;30.03.2026;brak informacji;szary;0,16 kg;0.16;2;37,5 × 24,4 × 1,9 cm;tworzywo sztuczne;Tajlandia;04.09.2025;Partner: ElektroHurt;1–2 dni robocze;0.0;5907702814098;NOX30-896;telefon, kabel USB-C, kluczyk do karty SIM;"Przekątna ekranu: 6,1"" | Aparat główny: 108 Mpx | Bateria: 4500 mAh";Nokia X30 to smartfon z oferty TechStore. Produkt dostarczany jest w oryginalnym opakowaniu producenta i objęty pełną obsługą serwisową.;produkt.html?id=1224
1225;SLU-58665;Jabra Elite 85t beżowe;Słuchawki;Jabra;1499.99;PLN;1499.99;Na zamówienie;4.4;503;15.08.2024;24 mies.;beżowe;0,12 kg;0.12;0;33,2 × 6,3 × 18,0 cm;aluminium;Malezja;01.12.2022;TechStore;do 14 dni;0.0;5905991658611;JAELITE85T-911;słuchawki, etui, kabel USB-C;Typ: dokanałowe | Łączność: Bluetooth 5.3 + jack 3,5 mm | Czas pracy: 50 h;Jabra Elite 85t to słuchawki z oferty TechStore. Produkt dostarczany jest w oryginalnym opakowaniu producenta i objęty pełną obsługą serwisową.;produkt.html?id=1225
1226;MON-41640;LG 27GP850;Monitory;LG;1638.26;EUR;380.99;Na zamówienie;;469;07.10.2025;36 mies.;szary;4,94 kg;4.94;0;19,1 × 12,8 × 12,8 cm;aluminium;Chiny;22.12.2023;TechStore;do 14 dni;0.0;5902690656437;LG27GP850-170;monitor, podstawa, kabel zasilający, kabel HDMI;"Przekątna: 27"" | Rozdzielczość: 2560×1440 | Odświeżanie: 75 Hz";LG 27GP850 to monitor z oferty TechStore. Produkt dostarczany jest w oryginalnym opakowaniu producenta i objęty pełną obsługą serwisową.;produkt.html?id=1226
1227;DRU-59542;HP Smart Tank 580;Drukarki;HP;2499.99;PLN;2499.99;Niedostępny;3.5;1567;11.05.2025;36 mies.;czarny;13,51 kg;13.51;0;37,8 × 43,3 × 21,9 cm;aluminium i tworzywo;Indie;16.11.2023;TechStore;brak terminu;0.0;5903887135709;HPSMARTTAN-634;drukarka, startowy materiał eksploatacyjny, kabel zasilający;Technologia druku: laserowa mono | Prędkość druku: 30 str./min | Łączność: Wi-Fi, LAN, USB;HP Smart Tank 580 to drukarka z oferty TechStore. Produkt dostarczany jest w oryginalnym opakowaniu producenta i objęty pełną obsługą serwisową.;produkt.html?id=1227
1228;AKC-87394;Microsoft Bluetooth Mouse niebieski;Akcesoria;Microsoft;719.99;PLN;719.99;Dostępny;3.6;1175;27.09.2024;24 mies.;niebieski;0,99 kg;0.99;43;48,6 × 12,8 × 24,8 cm;tworzywo sztuczne;Tajlandia;31.10.2023;TechStore Outlet;24 h;0.0;5906004583753;MIBLUETOOT-822;urządzenie, odbiornik/kabel, instrukcja;Łączność: przewodowa USB | Zasilanie: z kabla USB | Kompatybilność: Windows, macOS, Linux;Microsoft Bluetooth Mouse to akcesorium komputerowe z oferty TechStore. Produkt dostarczany jest w oryginalnym opakowaniu producenta i objęty pełną obsługą serwisową.;produkt.html?id=1228
1229;LAP-29464;Dell Vostro 3520 32/2 TB;Laptopy;Dell;5409.99;PLN;5409.99;Na zamówienie;3.8;94;11.05.2026;24 mies.;czarny;1,87 kg;1.87;0;22,4 × 25,2 × 21,5 cm;stal i tworzywo;Chiny;19.04.2025;TechStore;do 14 dni;0.0;5902327945686;DEVOSTRO35-921;laptop, zasilacz, instrukcja;"Procesor: AMD Ryzen 7 7735HS | Ekran: 14"" 1920×1200 | System operacyjny: bez systemu";Dell Vostro 3520 to laptop z oferty TechStore. Produkt dostarczany jest w oryginalnym opakowaniu producenta i objęty pełną obsługą serwisową.;produkt.html?id=1229
1230;SMA-98478;Nokia G42 8/256 GB;Smartfony;Nokia;3669.99;PLN;3669.99;Dostępny;4.0;2012;26.01.2025;brak informacji;czarny;0,2 kg;0.2;115;21,7 × 22,7 × 17,7 cm;aluminium i tworzywo;Indie;07.09.2023;TechStore;24 h;0.0;5904744171275;NOG42-813;telefon, kabel USB-C, kluczyk do karty SIM;"Przekątna ekranu: 6,1"" | Aparat główny: 64 Mpx | Bateria: 5000 mAh";Nokia G42 to smartfon z oferty TechStore. Produkt dostarczany jest w oryginalnym opakowaniu producenta i objęty pełną obsługą serwisową.;produkt.html?id=1230
1231;SLU-35762;JBL Tune Beam czarne;Słuchawki;JBL;1410.36;EUR;327.99;Dostępny;4.3;1392;16.06.2024;24 mies.;czarne;0,07 kg;0.07;72;23,9 × 43,0 × 23,9 cm;stal i tworzywo;Tajwan;21.10.2023;Partner: ElektroHurt;24 h;0.0;5904006994674;JBTUNEBEAM-605;słuchawki, etui, kabel USB-C;Typ: dokanałowe | Łączność: Bluetooth 5.3 + jack 3,5 mm | Czas pracy: 50 h;JBL Tune Beam to słuchawki z oferty TechStore. Produkt dostarczany jest w oryginalnym opakowaniu producenta i objęty pełną obsługą serwisową.;produkt.html?id=1231
1232;MON-60564;LG 24MR400;Monitory;LG;2029.99;PLN;2029.99;Dostępny;5.0;1111;26.11.2025;brak informacji;szary;7,58 kg;7.58;61;46,7 × 32,4 × 4,9 cm;stal i tworzywo;Indie;15.02.2025;Partner: ElektroHurt;24 h;0.0;5906111099243;LG24MR400-387;monitor, podstawa, kabel zasilający, kabel HDMI;"Przekątna: 31,5"" | Rozdzielczość: 1920×1080 | Odświeżanie: 144 Hz";LG 24MR400 to monitor z oferty TechStore. Produkt dostarczany jest w oryginalnym opakowaniu producenta i objęty pełną obsługą serwisową.;produkt.html?id=1232
1233;DRU-12531;Epson EcoTank L3270 + ryza papieru A4;Drukarki;Epson;2429.99;PLN;2429.99;Niedostępny;;1723;07.08.2026;24 mies.;srebrny;7,97 kg;7.97;0;20,6 × 12,0 × 20,3 cm;tworzywo sztuczne;Chiny;18.12.2024;TechStore;brak terminu;0.0;5909815160505;EPECOTANKL-244;drukarka, startowy materiał eksploatacyjny, kabel zasilający;Technologia druku: atramentowa kolor | Prędkość druku: 30 str./min | Łączność: USB;Epson EcoTank L3270 to drukarka z oferty TechStore. Produkt dostarczany jest w oryginalnym opakowaniu producenta i objęty pełną obsługą serwisową.;produkt.html?id=1233
1234;AKC-57890;Microsoft Ergonomic Keyboard czarny;Akcesoria;Microsoft;139.99;PLN;139.99;Dostępny;4.4;422;23.09.2025;24 mies.;czarny;0,34 kg;0.34;82;31,4 × 28,0 × 12,8 cm;stal i tworzywo;Tajlandia;03.06.2024;Partner: ElektroHurt;24 h;14.99;5900430961839;MIERGONOMI-655;urządzenie, odbiornik/kabel, instrukcja;Łączność: przewodowa USB | Zasilanie: bateria AA | Kompatybilność: Windows;Microsoft Ergonomic Keyboard to akcesorium komputerowe z oferty TechStore. Produkt dostarczany jest w oryginalnym opakowaniu producenta i objęty pełną obsługą serwisową.;produkt.html?id=1234
1235;LAP-52099;Lenovo IdeaPad Slim 5 32/2 TB;Laptopy;Lenovo;4589.99;PLN;4589.99;Dostępny;4.5;886;29.07.2025;24 mies.;szary;2,28 kg;2.28;26;14,8 × 22,0 × 4,1 cm;stal i tworzywo;Malezja;29.06.2025;TechStore Outlet;24 h;0.0;5901742604077;LEIDEAPADS-454;laptop, zasilacz, instrukcja;"Procesor: Intel Core i7-1355U | Ekran: 15,6"" 1920×1080 | System operacyjny: Windows 11 Pro";Lenovo IdeaPad Slim 5 to laptop z oferty TechStore. Produkt dostarczany jest w oryginalnym opakowaniu producenta i objęty pełną obsługą serwisową.;produkt.html?id=1235
1236;SMA-63636;Xiaomi Poco X6 6/128 GB;Smartfony;Xiaomi;1869.99;PLN;1869.99;Dostępny;3.9;815;28.09.2024;36 mies.;szary;0,2 kg;0.2;42;45,5 × 35,1 × 4,1 cm;stal i tworzywo;Indie;09.02.2023;Partner: ElektroHurt;24 h;0.0;5909165989290;XIPOCOX6-199;telefon, kabel USB-C, kluczyk do karty SIM;"Przekątna ekranu: 6,6"" | Aparat główny: 200 Mpx | Bateria: 5000 mAh";Xiaomi Poco X6 to smartfon z oferty TechStore. Produkt dostarczany jest w oryginalnym opakowaniu producenta i objęty pełną obsługą serwisową.;produkt.html?id=1236
1237;SLU-46666;JBL Tune 760NC czarne;Słuchawki;JBL;349.99;PLN;349.99;Na zamówienie;4.3;262;18.02.2025;12 mies.;czarne;0,26 kg;0.26;0;13,8 × 29,4 × 17,0 cm;aluminium;Wietnam;01.10.2024;Partner: ElektroHurt;do 14 dni;0.0;5907961183827;JBTUNE760N-594;słuchawki, etui, kabel USB-C;Typ: nauszne | Łączność: Bluetooth 5.3 + jack 3,5 mm | Czas pracy: 60 h;JBL Tune 760NC to słuchawki z oferty TechStore. Produkt dostarczany jest w oryginalnym opakowaniu producenta i objęty pełną obsługą serwisową.;produkt.html?id=1237
1238;MON-61146;BenQ EW3280U;Monitory;BenQ;529.99;PLN;529.99;Niedostępny;;2232;10.03.2024;36 mies.;czarny;5,75 kg;5.75;0;51,9 × 9,0 × 23,8 cm;stal i tworzywo;Wietnam;04.10.2022;Partner: ElektroHurt;brak terminu;0.0;5905076059672;BEEW3280U-555;monitor, podstawa, kabel zasilający, kabel HDMI;"Przekątna: 23,8"" | Rozdzielczość: 2560×1440 | Odświeżanie: 165 Hz";BenQ EW3280U to monitor z oferty TechStore. Produkt dostarczany jest w oryginalnym opakowaniu producenta i objęty pełną obsługą serwisową.;produkt.html?id=1238
1239;DRU-40830;Xerox B225 + etui na dokumenty;Drukarki;Xerox;1909.99;PLN;1909.99;Ostatnie sztuki;4.0;1894;01.11.2024;24 mies.;czarny;5,9 kg;5.9;2;11,9 × 27,5 × 21,8 cm;stal i tworzywo;Malezja;27.01.2023;Partner: ElektroHurt;1–2 dni robocze;0.0;5902195895659;XEB225-246;drukarka, startowy materiał eksploatacyjny, kabel zasilający;Technologia druku: atramentowa kolor | Prędkość druku: 20 str./min | Łączność: USB;Xerox B225 to drukarka z oferty TechStore. Produkt dostarczany jest w oryginalnym opakowaniu producenta i objęty pełną obsługą serwisową.;produkt.html?id=1239
1240;AKC-16223;Razer DeathAdder V3 czarny;Akcesoria;Razer;259.99;PLN;259.99;Dostępny;3.1;207;14.11.2024;brak informacji;czarny;0,39 kg;0.39;59;28,8 × 34,2 × 24,3 cm;tworzywo sztuczne;Wietnam;26.09.2023;TechStore;24 h;14.99;5909821139112;RADEATHADD-660;urządzenie, odbiornik/kabel, instrukcja;Łączność: bezprzewodowa 2,4 GHz | Zasilanie: bateria AA | Kompatybilność: Windows, macOS;Razer DeathAdder V3 to akcesorium komputerowe z oferty TechStore. Produkt dostarczany jest w oryginalnym opakowaniu producenta i objęty pełną obsługą serwisową.;produkt.html?id=1240
1241;LAP-72004;Dell Inspiron 15 32/2 TB;Laptopy;Dell;6089.99;PLN;6089.99;Dostępny;3.5;2254;30.05.2024;36 mies.;niebieski;1,26 kg;1.26;106;8,5 × 13,4 × 21,9 cm;tworzywo sztuczne;Tajlandia;04.01.2024;TechStore;24 h;0.0;5905645106476;DEINSPIRON-136;laptop, zasilacz, instrukcja;"Procesor: Intel Core i5-1335U | Ekran: 16"" 2560×1600 | System operacyjny: Windows 11 Pro";Dell Inspiron 15 to laptop z oferty TechStore. Produkt dostarczany jest w oryginalnym opakowaniu producenta i objęty pełną obsługą serwisową.;produkt.html?id=1241
1242;SMA-87908;Motorola Edge 50 Neo 8/256 GB;Smartfony;Motorola;3779.99;PLN;3779.99;Dostępny;3.3;777;04.10.2025;brak informacji;biały;0,21 kg;0.21;68;7,3 × 38,1 × 5,3 cm;aluminium;Malezja;19.04.2025;TechStore;24 h;0.0;5906848533342;MOEDGE50NE-744;telefon, kabel USB-C, kluczyk do karty SIM;"Przekątna ekranu: 6,6"" | Aparat główny: 108 Mpx | Bateria: 5000 mAh";Motorola Edge 50 Neo to smartfon z oferty TechStore. Produkt dostarczany jest w oryginalnym opakowaniu producenta i objęty pełną obsługą serwisową.;produkt.html?id=1242
1243;SLU-38955;Jabra Elite 85t zielone;Słuchawki;Jabra;1239.99;PLN;1239.99;Dostępny;;54;17.07.2026;12 mies.;zielone;0,17 kg;0.17;61;58,5 × 20,3 × 7,6 cm;aluminium i tworzywo;Malezja;15.06.2025;TechStore;24 h;0.0;5905618613980;JAELITE85T-274;słuchawki, etui, kabel USB-C;Typ: douszne | Łączność: Bluetooth 5.3 | Czas pracy: 40 h;Jabra Elite 85t to słuchawki z oferty TechStore. Produkt dostarczany jest w oryginalnym opakowaniu producenta i objęty pełną obsługą serwisową.;produkt.html?id=1243
1244;MON-95862;Dell S2721DS + kabel DisplayPort;Monitory;Dell;1089.99;PLN;1089.99;Na zamówienie;3.8;261;22.09.2025;brak informacji;grafitowy;3,75 kg;3.75;0;9,1 × 21,7 × 10,3 cm;stal i tworzywo;Wietnam;07.10.2024;TechStore Outlet;do 14 dni;0.0;5908037943450;DES2721DS-700;monitor, podstawa, kabel zasilający, kabel HDMI;"Przekątna: 23,8"" | Rozdzielczość: 3840×2160 | Odświeżanie: 75 Hz";Dell S2721DS to monitor z oferty TechStore. Produkt dostarczany jest w oryginalnym opakowaniu producenta i objęty pełną obsługą serwisową.;produkt.html?id=1244
1245;DRU-79418;Canon PIXMA TS5350i + ryza papieru A4;Drukarki;Canon;1869.99;PLN;1869.99;Ostatnie sztuki;3.8;1022;05.06.2026;36 mies.;biały;12,44 kg;12.44;1;25,9 × 15,4 × 9,2 cm;tworzywo sztuczne;Wietnam;06.06.2025;Partner: ElektroHurt;1–2 dni robocze;0.0;5903877384573;CAPIXMATS5-959;drukarka, startowy materiał eksploatacyjny, kabel zasilający;Technologia druku: laserowa kolor | Prędkość druku: 30 str./min | Łączność: Wi-Fi, USB;Canon PIXMA TS5350i to drukarka z oferty TechStore. Produkt dostarczany jest w oryginalnym opakowaniu producenta i objęty pełną obsługą serwisową.;produkt.html?id=1245
1246;AKC-75551;Microsoft Bluetooth Mouse czarny;Akcesoria;Microsoft;639.99;PLN;639.99;Dostępny;;1317;03.07.2025;36 mies.;czarny;0,78 kg;0.78;34;16,1 × 21,6 × 7,6 cm;aluminium;Wietnam;03.02.2025;TechStore Outlet;24 h;0.0;5908539821743;MIBLUETOOT-470;urządzenie, odbiornik/kabel, instrukcja;Łączność: przewodowa USB | Zasilanie: bateria AA | Kompatybilność: Windows;Microsoft Bluetooth Mouse to akcesorium komputerowe z oferty TechStore. Produkt dostarczany jest w oryginalnym opakowaniu producenta i objęty pełną obsługą serwisową.;produkt.html?id=1246
1247;LAP-91832;Lenovo ThinkPad E14 16/512 GB;Laptopy;Lenovo;7049.99;PLN;7049.99;Dostępny;;116;24.01.2024;24 mies.;czarny;1,9 kg;1.9;114;27,8 × 38,1 × 16,4 cm;tworzywo sztuczne;Chiny;05.08.2022;Partner: ElektroHurt;24 h;0.0;5909702144235;LETHINKPAD-817;laptop, zasilacz, instrukcja;"Procesor: AMD Ryzen 5 7530U | Ekran: 15,6"" 1920×1080 | System operacyjny: bez systemu";Lenovo ThinkPad E14 to laptop z oferty TechStore. Produkt dostarczany jest w oryginalnym opakowaniu producenta i objęty pełną obsługą serwisową.;produkt.html?id=1247
1248;SMA-44020;Samsung Galaxy S24 8/128 GB;Smartfony;Samsung;2359.99;PLN;2359.99;Dostępny;4.0;2146;23.04.2026;24 mies.;srebrny;0,2 kg;0.2;86;7,7 × 4,1 × 24,7 cm;aluminium;Tajlandia;27.05.2024;TechStore;24 h;0.0;5907164048260;SAGALAXYS2-541;telefon, kabel USB-C, kluczyk do karty SIM;"Przekątna ekranu: 6,1"" | Aparat główny: 64 Mpx | Bateria: 5500 mAh";Samsung Galaxy S24 to smartfon z oferty TechStore. Produkt dostarczany jest w oryginalnym opakowaniu producenta i objęty pełną obsługą serwisową.;produkt.html?id=1248
1249;SLU-91629;Logitech G435 białe;Słuchawki;Logitech;579.99;PLN;579.99;Ostatnie sztuki;3.2;296;22.11.2024;brak informacji;białe;0,08 kg;0.08;4;53,6 × 4,6 × 17,1 cm;tworzywo sztuczne;Malezja;02.02.2023;TechStore Outlet;1–2 dni robocze;0.0;5901941930428;LOG435-584;słuchawki, etui, kabel USB-C;Typ: dokanałowe | Łączność: Bluetooth 5.3 | Czas pracy: 50 h;Logitech G435 to słuchawki z oferty TechStore. Produkt dostarczany jest w oryginalnym opakowaniu producenta i objęty pełną obsługą serwisową.;produkt.html?id=1249
1250;MON-57196;iiyama ProLite XUB2493 + głośniki USB;Monitory;iiyama;2449.99;PLN;2449.99;Dostępny;3.5;235;31.03.2026;36 mies.;srebrny;3,48 kg;3.48;22;29,9 × 40,6 × 9,3 cm;aluminium i tworzywo;Wietnam;30.10.2024;Partner: ElektroHurt;24 h;0.0;5901661658664;IIPROLITEX-314;monitor, podstawa, kabel zasilający, kabel HDMI;"Przekątna: 23,8"" | Rozdzielczość: 1920×1080 | Odświeżanie: 144 Hz";iiyama ProLite XUB2493 to monitor z oferty TechStore. Produkt dostarczany jest w oryginalnym opakowaniu producenta i objęty pełną obsługą serwisową.;produkt.html?id=1250
1251;DRU-52714;HP Smart Tank 580 + ryza papieru A4;Drukarki;HP;1949.99;PLN;1949.99;Ostatnie sztuki;4.5;1515;06.03.2024;36 mies.;srebrny;13,12 kg;13.12;4;31,4 × 7,1 × 18,3 cm;aluminium;Tajlandia;20.10.2022;TechStore;1–2 dni robocze;0.0;5901852573699;HPSMARTTAN-753;drukarka, startowy materiał eksploatacyjny, kabel zasilający;Technologia druku: laserowa mono | Prędkość druku: 20 str./min | Łączność: USB;HP Smart Tank 580 to drukarka z oferty TechStore. Produkt dostarczany jest w oryginalnym opakowaniu producenta i objęty pełną obsługą serwisową.;produkt.html?id=1251
1252;AKC-77733;Logitech K380 czarny;Akcesoria;Logitech;879.99;PLN;879.99;Dostępny;3.8;1883;03.12.2025;24 mies.;czarny;0,86 kg;0.86;107;12,5 × 12,7 × 8,3 cm;stal i tworzywo;Tajlandia;03.01.2024;Partner: ElektroHurt;24 h;0.0;5908535677427;LOK380-266;urządzenie, odbiornik/kabel, instrukcja;Łączność: Bluetooth | Zasilanie: z kabla USB | Kompatybilność: Windows;Logitech K380 to akcesorium komputerowe z oferty TechStore. Produkt dostarczany jest w oryginalnym opakowaniu producenta i objęty pełną obsługą serwisową.;produkt.html?id=1252
1253;LAP-18246;Dell Latitude 5440 32/1 TB;Laptopy;Dell;3409.86;EUR;792.99;Ostatnie sztuki;4.6;2033;28.11.2025;24 mies.;szary;1,92 kg;1.92;1;44,3 × 9,7 × 11,0 cm;aluminium i tworzywo;Tajwan;22.06.2024;TechStore;1–2 dni robocze;0.0;5908410779447;DELATITUDE-908;laptop, zasilacz, instrukcja;"Procesor: AMD Ryzen 7 7735HS | Ekran: 16"" 2560×1600 | System operacyjny: Windows 11 Home";Dell Latitude 5440 to laptop z oferty TechStore. Produkt dostarczany jest w oryginalnym opakowaniu producenta i objęty pełną obsługą serwisową.;produkt.html?id=1253
1254;SMA-44329;Xiaomi 14T 12/256 GB;Smartfony;Xiaomi;3659.99;PLN;3659.99;Niedostępny;;1750;02.07.2025;36 mies.;czarny;0,22 kg;0.22;0;59,7 × 28,4 × 23,3 cm;stal i tworzywo;Tajwan;11.04.2024;Partner: ElektroHurt;brak terminu;0.0;5902837290469;XI14T-635;telefon, kabel USB-C, kluczyk do karty SIM;"Przekątna ekranu: 6,7"" | Aparat główny: 50 Mpx | Bateria: 4500 mAh";Xiaomi 14T to smartfon z oferty TechStore. Produkt dostarczany jest w oryginalnym opakowaniu producenta i objęty pełną obsługą serwisową.;produkt.html?id=1254
1255;SLU-91640;Sennheiser HD 450BT czarne;Słuchawki;Sennheiser;639.99;PLN;639.99;Na zamówienie;;1029;15.05.2026;24 mies.;czarne;0,25 kg;0.25;0;50,4 × 3,3 × 7,8 cm;tworzywo sztuczne;Tajlandia;01.03.2025;Partner: ElektroHurt;do 14 dni;0.0;5900493135276;SEHD450BT-391;słuchawki, etui, kabel USB-C;Typ: nauszne | Łączność: Bluetooth 5.3 + jack 3,5 mm | Czas pracy: 50 h;Sennheiser HD 450BT to słuchawki z oferty TechStore. Produkt dostarczany jest w oryginalnym opakowaniu producenta i objęty pełną obsługą serwisową.;produkt.html?id=1255
1256;MON-19934;iiyama G-Master GB2770;Monitory;iiyama;1859.99;PLN;1859.99;Dostępny;5.0;663;02.09.2024;36 mies.;biały;5,63 kg;5.63;74;59,5 × 17,4 × 4,6 cm;tworzywo sztuczne;Indie;21.10.2022;TechStore Outlet;24 h;0.0;5909928921183;IIGMASTERG-556;monitor, podstawa, kabel zasilający, kabel HDMI;"Przekątna: 23,8"" | Rozdzielczość: 2560×1440 | Odświeżanie: 180 Hz";iiyama G-Master GB2770 to monitor z oferty TechStore. Produkt dostarczany jest w oryginalnym opakowaniu producenta i objęty pełną obsługą serwisową.;produkt.html?id=1256
1257;DRU-89701;Epson WorkForce WF-2930 + kabel USB;Drukarki;Epson;869.99;PLN;869.99;Dostępny;3.7;138;02.01.2024;brak informacji;szary;13,75 kg;13.75;50;38,0 × 30,6 × 19,7 cm;stal i tworzywo;Indie;21.04.2023;Partner: ElektroHurt;24 h;0.0;5903781562689;EPWORKFORC-892;drukarka, startowy materiał eksploatacyjny, kabel zasilający;Technologia druku: laserowa kolor | Prędkość druku: 30 str./min | Łączność: Wi-Fi, USB;Epson WorkForce WF-2930 to drukarka z oferty TechStore. Produkt dostarczany jest w oryginalnym opakowaniu producenta i objęty pełną obsługą serwisową.;produkt.html?id=1257
1258;AKC-47036;Trust Ozaa grafitowy;Akcesoria;Trust;119.99;PLN;119.99;Dostępny;4.8;2320;02.07.2026;24 mies.;grafitowy;0,51 kg;0.51;57;46,1 × 6,5 × 12,8 cm;aluminium i tworzywo;Tajlandia;10.08.2025;TechStore;24 h;14.99;5900484223205;TROZAA-730;urządzenie, odbiornik/kabel, instrukcja;Łączność: przewodowa USB | Zasilanie: bateria AA | Kompatybilność: Windows, macOS;Trust Ozaa to akcesorium komputerowe z oferty TechStore. Produkt dostarczany jest w oryginalnym opakowaniu producenta i objęty pełną obsługą serwisową.;produkt.html?id=1258
1259;LAP-28065;HP ProBook 450 8/256 GB;Laptopy;HP;3509.99;PLN;3509.99;Dostępny;4.1;1366;02.03.2024;24 mies.;szary;1,24 kg;1.24;54;47,5 × 42,3 × 4,6 cm;aluminium i tworzywo;Wietnam;08.01.2024;TechStore;24 h;0.0;5907027019733;HPPROBOOK4-598;laptop, zasilacz, instrukcja;"Procesor: AMD Ryzen 7 7735HS | Ekran: 15,6"" 1920×1080 | System operacyjny: Windows 11 Home";HP ProBook 450 to laptop z oferty TechStore. Produkt dostarczany jest w oryginalnym opakowaniu producenta i objęty pełną obsługą serwisową.;produkt.html?id=1259
1260;SMA-85219;Motorola Edge 50 Neo 12/512 GB;Smartfony;Motorola;989.99;PLN;989.99;Na zamówienie;3.5;912;17.08.2025;24 mies.;biały;0,22 kg;0.22;0;19,7 × 37,9 × 8,8 cm;stal i tworzywo;Malezja;26.03.2024;TechStore;do 14 dni;0.0;5902139784359;MOEDGE50NE-377;telefon, kabel USB-C, kluczyk do karty SIM;"Przekątna ekranu: 6,1"" | Aparat główny: 108 Mpx | Bateria: 4500 mAh";Motorola Edge 50 Neo to smartfon z oferty TechStore. Produkt dostarczany jest w oryginalnym opakowaniu producenta i objęty pełną obsługą serwisową.;produkt.html?id=1260
1261;SLU-71404;Sony WF-C700N niebieskie;Słuchawki;Sony;979.99;PLN;979.99;Dostępny;3.5;1073;30.12.2025;brak informacji;niebieskie;0,21 kg;0.21;48;46,0 × 16,3 × 12,9 cm;aluminium;Wietnam;24.07.2025;Partner: ElektroHurt;24 h;0.0;5905512243894;SOWFC700N-936;słuchawki, etui, kabel USB-C;Typ: dokanałowe | Łączność: Bluetooth 5.2 | Czas pracy: 50 h;Sony WF-C700N to słuchawki z oferty TechStore. Produkt dostarczany jest w oryginalnym opakowaniu producenta i objęty pełną obsługą serwisową.;produkt.html?id=1261
1262;MON-98843;LG 27GP850 + kabel DisplayPort;Monitory;LG;2779.99;PLN;2779.99;Ostatnie sztuki;3.1;1922;22.12.2025;36 mies.;grafitowy;4,75 kg;4.75;4;35,0 × 11,8 × 24,2 cm;aluminium;Tajwan;14.04.2025;TechStore Outlet;1–2 dni robocze;0.0;5908650682600;LG27GP850-540;monitor, podstawa, kabel zasilający, kabel HDMI;"Przekątna: 27"" | Rozdzielczość: 3840×2160 | Odświeżanie: 165 Hz";LG 27GP850 to monitor z oferty TechStore. Produkt dostarczany jest w oryginalnym opakowaniu producenta i objęty pełną obsługą serwisową.;produkt.html?id=1262
1263;DRU-83449;HP OfficeJet Pro 9120e + kabel USB;Drukarki;HP;1989.99;PLN;1989.99;Dostępny;3.2;1770;19.02.2026;24 mies.;szary;9,39 kg;9.39;68;9,1 × 35,2 × 15,4 cm;stal i tworzywo;Chiny;29.06.2024;TechStore Outlet;24 h;0.0;5901238391064;HPOFFICEJE-339;drukarka, startowy materiał eksploatacyjny, kabel zasilający;Technologia druku: laserowa mono | Prędkość druku: 34 str./min | Łączność: USB;HP OfficeJet Pro 9120e to drukarka z oferty TechStore. Produkt dostarczany jest w oryginalnym opakowaniu producenta i objęty pełną obsługą serwisową.;produkt.html?id=1263
1264;AKC-44542;Logitech MX Master 3S grafitowy;Akcesoria;Logitech;479.99;PLN;479.99;Dostępny;4.8;1447;02.09.2025;36 mies.;grafitowy;0,97 kg;0.97;79;51,6 × 21,5 × 9,4 cm;tworzywo sztuczne;Chiny;15.05.2025;TechStore;24 h;0.0;5903106442506;LOMXMASTER-231;urządzenie, odbiornik/kabel, instrukcja;Łączność: przewodowa USB | Zasilanie: bateria AA | Kompatybilność: Windows, macOS, Linux;Logitech MX Master 3S to akcesorium komputerowe z oferty TechStore. Produkt dostarczany jest w oryginalnym opakowaniu producenta i objęty pełną obsługą serwisową.;produkt.html?id=1264
1265;LAP-40039;Lenovo Yoga 7 32/2 TB;Laptopy;Lenovo;7559.99;PLN;7559.99;Ostatnie sztuki;3.8;2196;30.03.2024;24 mies.;czarny;1,25 kg;1.25;3;57,1 × 11,1 × 23,8 cm;aluminium i tworzywo;Chiny;26.12.2023;TechStore;1–2 dni robocze;0.0;5901700133315;LEYOGA7-545;laptop, zasilacz, instrukcja;"Procesor: Intel Core i5-1335U | Ekran: 14"" 1920×1200 | System operacyjny: bez systemu";Lenovo Yoga 7 to laptop z oferty TechStore. Produkt dostarczany jest w oryginalnym opakowaniu producenta i objęty pełną obsługą serwisową.;produkt.html?id=1265
1266;SMA-13758;Samsung Galaxy A35 12/512 GB;Smartfony;Samsung;1249.99;PLN;1249.99;Niedostępny;3.6;389;15.10.2024;36 mies.;niebieski;0,2 kg;0.2;0;43,3 × 25,4 × 10,7 cm;aluminium i tworzywo;Chiny;10.06.2023;TechStore;brak terminu;0.0;5903040164299;SAGALAXYA3-308;telefon, kabel USB-C, kluczyk do karty SIM;"Przekątna ekranu: 6,6"" | Aparat główny: 200 Mpx | Bateria: 5000 mAh";Samsung Galaxy A35 to smartfon z oferty TechStore. Produkt dostarczany jest w oryginalnym opakowaniu producenta i objęty pełną obsługą serwisową.;produkt.html?id=1266
1267;SLU-98362;Sony WF-1000XM5 czarne;Słuchawki;Sony;989.99;PLN;989.99;Niedostępny;5.0;1778;14.08.2025;12 mies.;czarne;0,23 kg;0.23;0;43,4 × 23,1 × 17,8 cm;stal i tworzywo;Tajwan;28.03.2025;TechStore;brak terminu;0.0;5907611043589;SOWF1000XM-109;słuchawki, etui, kabel USB-C;Typ: dokanałowe | Łączność: Bluetooth 5.3 | Czas pracy: 50 h;Sony WF-1000XM5 to słuchawki z oferty TechStore. Produkt dostarczany jest w oryginalnym opakowaniu producenta i objęty pełną obsługą serwisową.;produkt.html?id=1267
1268;MON-23963;AOC 24G2U + uchwyt VESA;Monitory;AOC;1429.99;PLN;1429.99;Niedostępny;4.6;1044;12.03.2024;36 mies.;czarny;5,6 kg;5.6;0;41,7 × 20,5 × 10,4 cm;aluminium;Wietnam;26.04.2023;TechStore;brak terminu;0.0;5901574849807;AO24G2U-523;monitor, podstawa, kabel zasilający, kabel HDMI;"Przekątna: 23,8"" | Rozdzielczość: 3840×2160 | Odświeżanie: 180 Hz";AOC 24G2U to monitor z oferty TechStore. Produkt dostarczany jest w oryginalnym opakowaniu producenta i objęty pełną obsługą serwisową.;produkt.html?id=1268
1269;DRU-96082;Xerox C235 + zapasowy toner;Drukarki;Xerox;989.99;PLN;989.99;Dostępny;4.8;1979;18.06.2026;36 mies.;biały;11,33 kg;11.33;96;8,8 × 23,2 × 4,4 cm;tworzywo sztuczne;Chiny;07.04.2025;TechStore;24 h;0.0;5906734239782;XEC235-436;drukarka, startowy materiał eksploatacyjny, kabel zasilający;Technologia druku: atramentowa kolor | Prędkość druku: 34 str./min | Łączność: Wi-Fi, USB;Xerox C235 to drukarka z oferty TechStore. Produkt dostarczany jest w oryginalnym opakowaniu producenta i objęty pełną obsługą serwisową.;produkt.html?id=1269
1270;AKC-93107;SteelSeries Aerox 5 grafitowy;Akcesoria;SteelSeries;789.99;PLN;789.99;Dostępny;4.1;410;26.04.2024;24 mies.;grafitowy;0,82 kg;0.82;42;11,9 × 8,5 × 12,8 cm;aluminium i tworzywo;Tajwan;08.11.2023;TechStore;24 h;0.0;5908136074705;STAEROX5-591;urządzenie, odbiornik/kabel, instrukcja;Łączność: bezprzewodowa 2,4 GHz | Zasilanie: z kabla USB | Kompatybilność: Windows, macOS;SteelSeries Aerox 5 to akcesorium komputerowe z oferty TechStore. Produkt dostarczany jest w oryginalnym opakowaniu producenta i objęty pełną obsługą serwisową.;produkt.html?id=1270
1271;LAP-78324;HP Pavilion 15 16/512 GB;Laptopy;HP;3279.99;PLN;3279.99;Dostępny;;1914;09.09.2026;36 mies.;szary;1,91 kg;1.91;57;58,0 × 30,2 × 6,1 cm;aluminium;Tajlandia;26.03.2026;TechStore Outlet;24 h;0.0;5904516975893;HPPAVILION-999;laptop, zasilacz, instrukcja;"Procesor: Intel Core i7-1355U | Ekran: 14"" 1920×1200 | System operacyjny: Windows 11 Home";HP Pavilion 15 to laptop z oferty TechStore. Produkt dostarczany jest w oryginalnym opakowaniu producenta i objęty pełną obsługą serwisową.;produkt.html?id=1271
1272;SMA-62963;Motorola Moto G84 12/512 GB;Smartfony;Motorola;1489.99;PLN;1489.99;Dostępny;;1854;12.03.2024;24 mies.;szary;0,23 kg;0.23;70;15,3 × 37,8 × 9,4 cm;aluminium;Wietnam;16.09.2022;TechStore;24 h;0.0;5901683269017;MOMOTOG84-251;telefon, kabel USB-C, kluczyk do karty SIM;"Przekątna ekranu: 6,6"" | Aparat główny: 200 Mpx | Bateria: 5500 mAh";Motorola Moto G84 to smartfon z oferty TechStore. Produkt dostarczany jest w oryginalnym opakowaniu producenta i objęty pełną obsługą serwisową.;produkt.html?id=1272
1273;SLU-82049;Sony WH-CH720N zielone;Słuchawki;Sony;519.99;PLN;519.99;Dostępny;3.8;180;15.04.2025;12 mies.;zielone;0,32 kg;0.32;43;43,0 × 30,5 × 15,6 cm;stal i tworzywo;Tajwan;21.11.2024;TechStore Outlet;24 h;0.0;5907763893635;SOWHCH720N-572;słuchawki, etui, kabel USB-C;Typ: dokanałowe | Łączność: Bluetooth 5.3 | Czas pracy: 40 h;Sony WH-CH720N to słuchawki z oferty TechStore. Produkt dostarczany jest w oryginalnym opakowaniu producenta i objęty pełną obsługą serwisową.;produkt.html?id=1273
1274;MON-13470;Samsung Odyssey G5 + uchwyt VESA;Monitory;Samsung;1819.99;PLN;1819.99;Na zamówienie;;1923;04.12.2024;36 mies.;srebrny;5,8 kg;5.8;0;22,8 × 6,1 × 8,4 cm;aluminium i tworzywo;Chiny;11.10.2024;TechStore;do 14 dni;0.0;5905617345880;SAODYSSEYG-838;monitor, podstawa, kabel zasilający, kabel HDMI;"Przekątna: 23,8"" | Rozdzielczość: 1920×1080 | Odświeżanie: 180 Hz";Samsung Odyssey G5 to monitor z oferty TechStore. Produkt dostarczany jest w oryginalnym opakowaniu producenta i objęty pełną obsługą serwisową.;produkt.html?id=1274
1275;DRU-81016;Epson WorkForce WF-2930 + etui na dokumenty;Drukarki;Epson;1999.96;USD;499.99;Niedostępny;4.3;593;26.12.2025;24 mies.;niebieski;12,78 kg;12.78;0;58,0 × 38,2 × 20,9 cm;tworzywo sztuczne;Chiny;17.10.2025;Partner: ElektroHurt;brak terminu;0.0;5907508023611;EPWORKFORC-353;drukarka, startowy materiał eksploatacyjny, kabel zasilający;Technologia druku: atramentowa kolor | Prędkość druku: 34 str./min | Łączność: Wi-Fi, USB;Epson WorkForce WF-2930 to drukarka z oferty TechStore. Produkt dostarczany jest w oryginalnym opakowaniu producenta i objęty pełną obsługą serwisową.;produkt.html?id=1275
1276;AKC-34265;Razer BlackWidow V4 grafitowy;Akcesoria;Razer;429.99;PLN;429.99;Ostatnie sztuki;4.3;977;12.10.2024;24 mies.;grafitowy;0,24 kg;0.24;1;57,0 × 38,6 × 2,1 cm;stal i tworzywo;Chiny;22.05.2024;TechStore Outlet;1–2 dni robocze;0.0;5908074023940;RABLACKWID-176;urządzenie, odbiornik/kabel, instrukcja;Łączność: przewodowa USB | Zasilanie: akumulator | Kompatybilność: Windows, macOS;Razer BlackWidow V4 to akcesorium komputerowe z oferty TechStore. Produkt dostarczany jest w oryginalnym opakowaniu producenta i objęty pełną obsługą serwisową.;produkt.html?id=1276
1277;LAP-97113;Lenovo ThinkPad E14 16/1 TB;Laptopy;Lenovo;6509.99;PLN;6509.99;Dostępny;3.5;196;20.11.2025;brak informacji;szary;1,85 kg;1.85;115;57,8 × 44,7 × 18,8 cm;aluminium i tworzywo;Malezja;26.03.2025;Partner: ElektroHurt;24 h;0.0;5907973625091;LETHINKPAD-358;laptop, zasilacz, instrukcja;"Procesor: AMD Ryzen 7 7735HS | Ekran: 16"" 2560×1600 | System operacyjny: Windows 11 Pro";Lenovo ThinkPad E14 to laptop z oferty TechStore. Produkt dostarczany jest w oryginalnym opakowaniu producenta i objęty pełną obsługą serwisową.;produkt.html?id=1277
1278;SMA-42697;Samsung Galaxy S24 6/128 GB;Smartfony;Samsung;4299.99;PLN;4299.99;Niedostępny;;889;27.03.2026;36 mies.;srebrny;0,2 kg;0.2;0;46,0 × 15,1 × 1,3 cm;aluminium i tworzywo;Indie;25.02.2026;TechStore;brak terminu;0.0;5903037652462;SAGALAXYS2-253;telefon, kabel USB-C, kluczyk do karty SIM;"Przekątna ekranu: 6,1"" | Aparat główny: 200 Mpx | Bateria: 4500 mAh";Samsung Galaxy S24 to smartfon z oferty TechStore. Produkt dostarczany jest w oryginalnym opakowaniu producenta i objęty pełną obsługą serwisową.;produkt.html?id=1278
1279;SLU-82325;Sony WF-1000XM5 beżowe;Słuchawki;Sony;1579.99;PLN;1579.99;Dostępny;4.4;2261;01.03.2024;brak informacji;beżowe;0,27 kg;0.27;55;58,8 × 16,4 × 18,4 cm;aluminium i tworzywo;Tajwan;04.06.2022;TechStore;24 h;0.0;5900055503203;SOWF1000XM-806;słuchawki, etui, kabel USB-C;Typ: douszne | Łączność: Bluetooth 5.2 | Czas pracy: 60 h;Sony WF-1000XM5 to słuchawki z oferty TechStore. Produkt dostarczany jest w oryginalnym opakowaniu producenta i objęty pełną obsługą serwisową.;produkt.html?id=1279
1280;MON-59849;AOC Q27G3XMN + kabel DisplayPort;Monitory;AOC;539.99;PLN;539.99;Niedostępny;3.6;2128;04.04.2026;36 mies.;niebieski;6,36 kg;6.36;0;54,3 × 15,7 × 4,6 cm;aluminium;Malezja;13.05.2024;TechStore Outlet;brak terminu;0.0;5908651551101;AOQ27G3XMN-904;monitor, podstawa, kabel zasilający, kabel HDMI;"Przekątna: 23,8"" | Rozdzielczość: 2560×1440 | Odświeżanie: 75 Hz";AOC Q27G3XMN to monitor z oferty TechStore. Produkt dostarczany jest w oryginalnym opakowaniu producenta i objęty pełną obsługą serwisową.;produkt.html?id=1280
1281;DRU-54765;HP OfficeJet Pro 9120e + zapasowy toner;Drukarki;HP;909.99;PLN;909.99;Ostatnie sztuki;4.0;1838;02.08.2025;brak informacji;srebrny;12,74 kg;12.74;3;26,2 × 6,1 × 1,5 cm;aluminium;Tajwan;10.01.2025;TechStore;1–2 dni robocze;0.0;5901702460029;HPOFFICEJE-881;drukarka, startowy materiał eksploatacyjny, kabel zasilający;Technologia druku: laserowa kolor | Prędkość druku: 20 str./min | Łączność: Wi-Fi, LAN, USB;HP OfficeJet Pro 9120e to drukarka z oferty TechStore. Produkt dostarczany jest w oryginalnym opakowaniu producenta i objęty pełną obsługą serwisową.;produkt.html?id=1281
1282;AKC-34713;SteelSeries Apex 3 TKL grafitowy;Akcesoria;SteelSeries;139.99;PLN;139.99;Na zamówienie;3.5;332;05.01.2025;24 mies.;grafitowy;0,91 kg;0.91;0;10,4 × 13,3 × 16,2 cm;aluminium i tworzywo;Tajlandia;10.05.2023;TechStore;do 14 dni;14.99;5901969341496;STAPEX3TKL-170;urządzenie, odbiornik/kabel, instrukcja;Łączność: przewodowa USB | Zasilanie: akumulator | Kompatybilność: Windows, macOS, Linux;SteelSeries Apex 3 TKL to akcesorium komputerowe z oferty TechStore. Produkt dostarczany jest w oryginalnym opakowaniu producenta i objęty pełną obsługą serwisową.;produkt.html?id=1282
1283;LAP-23720;Lenovo Yoga 7 16/1 TB;Laptopy;Lenovo;3229.99;PLN;3229.99;Dostępny;3.8;1740;11.06.2024;36 mies.;biały;2,14 kg;2.14;83;34,2 × 40,7 × 24,8 cm;stal i tworzywo;Malezja;25.02.2023;TechStore Outlet;24 h;0.0;5903292034238;LEYOGA7-444;laptop, zasilacz, instrukcja;"Procesor: AMD Ryzen 7 7735HS | Ekran: 14"" 1920×1200 | System operacyjny: Windows 11 Pro";Lenovo Yoga 7 to laptop z oferty TechStore. Produkt dostarczany jest w oryginalnym opakowaniu producenta i objęty pełną obsługą serwisową.;produkt.html?id=1283
1284;SMA-42123;Samsung Galaxy A35 12/256 GB;Smartfony;Samsung;2507.96;USD;626.99;Na zamówienie;4.6;1820;03.06.2025;brak informacji;grafitowy;0,17 kg;0.17;0;38,8 × 11,2 × 24,5 cm;aluminium i tworzywo;Chiny;02.08.2024;TechStore Outlet;do 14 dni;0.0;5901612039707;SAGALAXYA3-535;telefon, kabel USB-C, kluczyk do karty SIM;"Przekątna ekranu: 6,1"" | Aparat główny: 50 Mpx | Bateria: 4500 mAh";Samsung Galaxy A35 to smartfon z oferty TechStore. Produkt dostarczany jest w oryginalnym opakowaniu producenta i objęty pełną obsługą serwisową.;produkt.html?id=1284
1285;SLU-73348;Bose QuietComfort Ultra beżowe;Słuchawki;Bose;399.99;PLN;399.99;Dostępny;4.2;327;01.04.2026;12 mies.;beżowe;0,08 kg;0.08;39;55,6 × 15,3 × 13,2 cm;aluminium i tworzywo;Wietnam;25.01.2025;TechStore;24 h;0.0;5901375832447;BOQUIETCOM-780;słuchawki, etui, kabel USB-C;Typ: nauszne | Łączność: Bluetooth 5.3 + jack 3,5 mm | Czas pracy: 60 h;Bose QuietComfort Ultra to słuchawki z oferty TechStore. Produkt dostarczany jest w oryginalnym opakowaniu producenta i objęty pełną obsługą serwisową.;produkt.html?id=1285
1286;MON-69807;BenQ GW2785TC + kabel DisplayPort;Monitory;BenQ;769.99;PLN;769.99;Dostępny;3.2;1889;24.07.2025;36 mies.;srebrny;6,37 kg;6.37;21;56,6 × 30,0 × 24,3 cm;tworzywo sztuczne;Tajlandia;21.11.2023;TechStore;24 h;0.0;5902052387160;BEGW2785TC-142;monitor, podstawa, kabel zasilający, kabel HDMI;"Przekątna: 31,5"" | Rozdzielczość: 1920×1080 | Odświeżanie: 75 Hz";BenQ GW2785TC to monitor z oferty TechStore. Produkt dostarczany jest w oryginalnym opakowaniu producenta i objęty pełną obsługą serwisową.;produkt.html?id=1286
1287;DRU-91914;Xerox B225 + kabel USB;Drukarki;Xerox;1839.99;PLN;1839.99;Dostępny;3.4;481;03.04.2025;brak informacji;biały;11,55 kg;11.55;99;28,1 × 44,8 × 19,3 cm;stal i tworzywo;Indie;28.01.2025;TechStore;24 h;0.0;5901207704468;XEB225-997;drukarka, startowy materiał eksploatacyjny, kabel zasilający;Technologia druku: atramentowa kolor | Prędkość druku: 34 str./min | Łączność: Wi-Fi, LAN, USB;Xerox B225 to drukarka z oferty TechStore. Produkt dostarczany jest w oryginalnym opakowaniu producenta i objęty pełną obsługą serwisową.;produkt.html?id=1287
1288;AKC-50722;SteelSeries Apex 3 TKL biały;Akcesoria;SteelSeries;209.99;PLN;209.99;Dostępny;3.6;1479;27.04.2024;36 mies.;biały;0,46 kg;0.46;36;41,0 × 36,5 × 6,0 cm;tworzywo sztuczne;Wietnam;15.10.2022;TechStore Outlet;24 h;14.99;5905738678898;STAPEX3TKL-955;urządzenie, odbiornik/kabel, instrukcja;Łączność: bezprzewodowa 2,4 GHz | Zasilanie: bateria AA | Kompatybilność: Windows;SteelSeries Apex 3 TKL to akcesorium komputerowe z oferty TechStore. Produkt dostarczany jest w oryginalnym opakowaniu producenta i objęty pełną obsługą serwisową.;produkt.html?id=1288
1289;LAP-51245;ASUS ZenBook 14 16/1 TB;Laptopy;ASUS;5179.99;PLN;5179.99;Dostępny;4.9;1705;03.02.2025;24 mies.;czarny;2,06 kg;2.06;53;50,9 × 8,8 × 10,5 cm;aluminium i tworzywo;Indie;16.05.2023;Partner: ElektroHurt;24 h;0.0;5902802208890;ASZENBOOK1-971;laptop, zasilacz, instrukcja;"Procesor: Intel Core i5-1335U | Ekran: 15,6"" 1920×1080 | System operacyjny: Windows 11 Pro";ASUS ZenBook 14 to laptop z oferty TechStore. Produkt dostarczany jest w oryginalnym opakowaniu producenta i objęty pełną obsługą serwisową.;produkt.html?id=1289
1290;SMA-76063;Xiaomi 14T 8/128 GB;Smartfony;Xiaomi;1149.99;PLN;1149.99;Na zamówienie;4.7;544;13.06.2026;36 mies.;szary;0,21 kg;0.21;0;33,5 × 26,8 × 24,7 cm;aluminium;Tajlandia;14.05.2026;TechStore;do 14 dni;0.0;5900228453924;XI14T-787;telefon, kabel USB-C, kluczyk do karty SIM;"Przekątna ekranu: 6,7"" | Aparat główny: 200 Mpx | Bateria: 4500 mAh";Xiaomi 14T to smartfon z oferty TechStore. Produkt dostarczany jest w oryginalnym opakowaniu producenta i objęty pełną obsługą serwisową.;produkt.html?id=1290
1291;SLU-52581;JBL Live 670NC czarne;Słuchawki;JBL;1539.99;PLN;1539.99;Dostępny;4.9;1032;15.08.2026;24 mies.;czarne;0,17 kg;0.17;107;39,5 × 35,6 × 17,6 cm;aluminium i tworzywo;Indie;21.07.2025;TechStore;24 h;0.0;5905151258833;JBLIVE670N-148;słuchawki, etui, kabel USB-C;Typ: nauszne | Łączność: Bluetooth 5.2 | Czas pracy: 30 h;JBL Live 670NC to słuchawki z oferty TechStore. Produkt dostarczany jest w oryginalnym opakowaniu producenta i objęty pełną obsługą serwisową.;produkt.html?id=1291
1292;MON-24995;AOC U32P2 + kabel DisplayPort;Monitory;AOC;2879.99;PLN;2879.99;Dostępny;3.7;1476;24.06.2024;48 mies.;czarny;3,22 kg;3.22;117;15,5 × 24,1 × 9,0 cm;aluminium;Malezja;09.02.2023;Partner: ElektroHurt;24 h;0.0;5909163432063;AOU32P2-503;monitor, podstawa, kabel zasilający, kabel HDMI;"Przekątna: 31,5"" | Rozdzielczość: 3840×2160 | Odświeżanie: 144 Hz";AOC U32P2 to monitor z oferty TechStore. Produkt dostarczany jest w oryginalnym opakowaniu producenta i objęty pełną obsługą serwisową.;produkt.html?id=1292
1293;DRU-81481;Brother HL-L2445DW + ryza papieru A4;Drukarki;Brother;2429.99;PLN;2429.99;Dostępny;4.1;337;28.07.2026;36 mies.;niebieski;12,99 kg;12.99;38;40,2 × 17,2 × 4,7 cm;tworzywo sztuczne;Chiny;02.09.2025;TechStore Outlet;24 h;0.0;5909432842027;BRHLL2445D-362;drukarka, startowy materiał eksploatacyjny, kabel zasilający;Technologia druku: laserowa kolor | Prędkość druku: 20 str./min | Łączność: Wi-Fi, USB;Brother HL-L2445DW to drukarka z oferty TechStore. Produkt dostarczany jest w oryginalnym opakowaniu producenta i objęty pełną obsługą serwisową.;produkt.html?id=1293
1294;AKC-82021;Razer BlackWidow V4 różowy;Akcesoria;Razer;99.99;PLN;99.99;Dostępny;4.1;919;06.11.2025;36 mies.;różowy;0,65 kg;0.65;38;47,8 × 3,3 × 24,8 cm;tworzywo sztuczne;Chiny;24.02.2024;TechStore Outlet;24 h;14.99;5907163480590;RABLACKWID-691;urządzenie, odbiornik/kabel, instrukcja;Łączność: bezprzewodowa 2,4 GHz | Zasilanie: z kabla USB | Kompatybilność: Windows;Razer BlackWidow V4 to akcesorium komputerowe z oferty TechStore. Produkt dostarczany jest w oryginalnym opakowaniu producenta i objęty pełną obsługą serwisową.;produkt.html?id=1294
1295;LAP-74017;Dell Inspiron 15 16/1 TB;Laptopy;Dell;3679.99;PLN;3679.99;Niedostępny;4.8;1136;20.02.2026;24 mies.;biały;1,34 kg;1.34;0;54,2 × 32,4 × 4,6 cm;tworzywo sztuczne;Malezja;20.08.2024;TechStore;brak terminu;0.0;5904937342586;DEINSPIRON-842;laptop, zasilacz, instrukcja;"Procesor: AMD Ryzen 7 7735HS | Ekran: 14"" 1920×1200 | System operacyjny: bez systemu";Dell Inspiron 15 to laptop z oferty TechStore. Produkt dostarczany jest w oryginalnym opakowaniu producenta i objęty pełną obsługą serwisową.;produkt.html?id=1295
1296;SMA-65317;Google Pixel 8a 8/128 GB;Smartfony;Google;1679.96;USD;419.99;Niedostępny;4.8;1250;01.07.2025;24 mies.;biały;0,21 kg;0.21;0;35,4 × 32,2 × 1,2 cm;tworzywo sztuczne;Indie;20.05.2024;TechStore Outlet;brak terminu;0.0;5909123809119;GOPIXEL8A-901;telefon, kabel USB-C, kluczyk do karty SIM;"Przekątna ekranu: 6,7"" | Aparat główny: 64 Mpx | Bateria: 4500 mAh";Google Pixel 8a to smartfon z oferty TechStore. Produkt dostarczany jest w oryginalnym opakowaniu producenta i objęty pełną obsługą serwisową.;produkt.html?id=1296
1297;SLU-45943;Logitech G435 beżowe;Słuchawki;Logitech;1389.99;PLN;1389.99;Na zamówienie;3.6;151;04.04.2024;24 mies.;beżowe;0,28 kg;0.28;0;15,6 × 7,7 × 5,2 cm;stal i tworzywo;Tajlandia;11.05.2023;TechStore;do 14 dni;0.0;5902301872079;LOG435-279;słuchawki, etui, kabel USB-C;Typ: douszne | Łączność: Bluetooth 5.2 | Czas pracy: 30 h;Logitech G435 to słuchawki z oferty TechStore. Produkt dostarczany jest w oryginalnym opakowaniu producenta i objęty pełną obsługą serwisową.;produkt.html?id=1297
1298;MON-82457;Samsung Odyssey G5 + kabel DisplayPort;Monitory;Samsung;2849.99;PLN;2849.99;Na zamówienie;3.5;1213;11.02.2024;brak informacji;niebieski;6,35 kg;6.35;0;17,1 × 17,0 × 19,4 cm;tworzywo sztuczne;Tajwan;27.07.2023;Partner: ElektroHurt;do 14 dni;0.0;5903304288666;SAODYSSEYG-619;monitor, podstawa, kabel zasilający, kabel HDMI;"Przekątna: 23,8"" | Rozdzielczość: 2560×1440 | Odświeżanie: 144 Hz";Samsung Odyssey G5 to monitor z oferty TechStore. Produkt dostarczany jest w oryginalnym opakowaniu producenta i objęty pełną obsługą serwisową.;produkt.html?id=1298
1299;DRU-56416;Brother MFC-L2800DW + etui na dokumenty;Drukarki;Brother;1449.99;PLN;1449.99;Dostępny;3.8;1332;13.05.2025;36 mies.;niebieski;13,27 kg;13.27;73;32,5 × 6,3 × 24,6 cm;tworzywo sztuczne;Tajlandia;17.03.2024;TechStore;24 h;0.0;5900855608432;BRMFCL2800-845;drukarka, startowy materiał eksploatacyjny, kabel zasilający;Technologia druku: atramentowa kolor | Prędkość druku: 20 str./min | Łączność: USB;Brother MFC-L2800DW to drukarka z oferty TechStore. Produkt dostarczany jest w oryginalnym opakowaniu producenta i objęty pełną obsługą serwisową.;produkt.html?id=1299
1300;AKC-61380;SteelSeries Apex 3 TKL niebieski;Akcesoria;SteelSeries;299.99;PLN;299.99;Dostępny;4.0;2047;19.07.2024;36 mies.;niebieski;1,14 kg;1.14;99;7,9 × 13,5 × 10,5 cm;aluminium i tworzywo;Tajwan;15.01.2024;TechStore Outlet;24 h;14.99;5907481039722;STAPEX3TKL-243;urządzenie, odbiornik/kabel, instrukcja;Łączność: Bluetooth | Zasilanie: z kabla USB | Kompatybilność: Windows, macOS;SteelSeries Apex 3 TKL to akcesorium komputerowe z oferty TechStore. Produkt dostarczany jest w oryginalnym opakowaniu producenta i objęty pełną obsługą serwisową.;produkt.html?id=1300
1301;LAP-71164;Acer Nitro V15 32/2 TB;Laptopy;Acer;3491.56;EUR;811.99;Dostępny;3.7;1593;02.06.2026;24 mies.;srebrny;1,48 kg;1.48;9;57,3 × 43,2 × 15,9 cm;tworzywo sztuczne;Wietnam;25.06.2025;Partner: ElektroHurt;24 h;0.0;5900586006212;ACNITROV15-598;laptop, zasilacz, instrukcja;"Procesor: AMD Ryzen 5 7530U | Ekran: 16"" 2560×1600 | System operacyjny: bez systemu";Acer Nitro V15 to laptop z oferty TechStore. Produkt dostarczany jest w oryginalnym opakowaniu producenta i objęty pełną obsługą serwisową.;produkt.html?id=1301
1302;SMA-14250;Apple iPhone 15 6/128 GB;Smartfony;Apple;1669.99;PLN;1669.99;Dostępny;4.3;1950;18.02.2026;24 mies.;grafitowy;0,2 kg;0.2;8;46,9 × 44,9 × 1,1 cm;aluminium i tworzywo;Malezja;02.05.2024;TechStore Outlet;24 h;0.0;5903393349891;APIPHONE15-667;telefon, kabel USB-C, kluczyk do karty SIM;"Przekątna ekranu: 6,1"" | Aparat główny: 108 Mpx | Bateria: 5500 mAh";Apple iPhone 15 to smartfon z oferty TechStore. Produkt dostarczany jest w oryginalnym opakowaniu producenta i objęty pełną obsługą serwisową.;produkt.html?id=1302
1303;SLU-19420;Sennheiser Momentum 4 beżowe;Słuchawki;Sennheiser;1719.99;PLN;1719.99;Ostatnie sztuki;3.9;221;06.06.2025;24 mies.;beżowe;0,34 kg;0.34;3;22,0 × 24,5 × 18,5 cm;aluminium i tworzywo;Tajlandia;05.09.2023;Partner: ElektroHurt;1–2 dni robocze;0.0;5904176530643;SEMOMENTUM-799;słuchawki, etui, kabel USB-C;Typ: dokanałowe | Łączność: Bluetooth 5.3 | Czas pracy: 30 h;Sennheiser Momentum 4 to słuchawki z oferty TechStore. Produkt dostarczany jest w oryginalnym opakowaniu producenta i objęty pełną obsługą serwisową.;produkt.html?id=1303
1304;MON-69607;BenQ EW3280U + kabel DisplayPort;Monitory;BenQ;649.99;PLN;649.99;Niedostępny;4.0;663;14.07.2024;36 mies.;niebieski;6,55 kg;6.55;0;10,3 × 15,2 × 23,2 cm;tworzywo sztuczne;Wietnam;27.12.2023;TechStore Outlet;brak terminu;0.0;5907965786669;BEEW3280U-966;monitor, podstawa, kabel zasilający, kabel HDMI;"Przekątna: 23,8"" | Rozdzielczość: 1920×1080 | Odświeżanie: 180 Hz";BenQ EW3280U to monitor z oferty TechStore. Produkt dostarczany jest w oryginalnym opakowaniu producenta i objęty pełną obsługą serwisową.;produkt.html?id=1304
1305;DRU-65235;Brother HL-L2445DW + zapasowy toner;Drukarki;Brother;739.99;PLN;739.99;Ostatnie sztuki;4.6;1675;09.09.2026;24 mies.;szary;12,95 kg;12.95;2;59,8 × 33,5 × 17,9 cm;stal i tworzywo;Chiny;26.05.2026;TechStore;1–2 dni robocze;0.0;5907950387630;BRHLL2445D-858;drukarka, startowy materiał eksploatacyjny, kabel zasilający;Technologia druku: laserowa kolor | Prędkość druku: 20 str./min | Łączność: USB;Brother HL-L2445DW to drukarka z oferty TechStore. Produkt dostarczany jest w oryginalnym opakowaniu producenta i objęty pełną obsługą serwisową.;produkt.html?id=1305
1306;AKC-48437;Logitech MX Keys S czarny;Akcesoria;Logitech;299.99;PLN;299.99;Dostępny;4.0;2024;22.01.2024;36 mies.;czarny;0,4 kg;0.4;94;21,2 × 36,7 × 6,5 cm;aluminium i tworzywo;Wietnam;05.11.2023;TechStore;24 h;14.99;5908183087035;LOMXKEYSS-995;urządzenie, odbiornik/kabel, instrukcja;Łączność: Bluetooth | Zasilanie: z kabla USB | Kompatybilność: Windows, macOS;Logitech MX Keys S to akcesorium komputerowe z oferty TechStore. Produkt dostarczany jest w oryginalnym opakowaniu producenta i objęty pełną obsługą serwisową.;produkt.html?id=1306
1307;LAP-71736;Lenovo ThinkPad E14 32/1 TB;Laptopy;Lenovo;5129.99;PLN;5129.99;Na zamówienie;4.9;2275;13.08.2026;36 mies.;czarny;2,15 kg;2.15;0;23,1 × 16,7 × 5,7 cm;stal i tworzywo;Chiny;05.07.2026;TechStore;do 14 dni;0.0;5900332274298;LETHINKPAD-348;laptop, zasilacz, instrukcja;"Procesor: Intel Core i5-1335U | Ekran: 15,6"" 1920×1080 | System operacyjny: Windows 11 Home";Lenovo ThinkPad E14 to laptop z oferty TechStore. Produkt dostarczany jest w oryginalnym opakowaniu producenta i objęty pełną obsługą serwisową.;produkt.html?id=1307
1308;SMA-29314;Motorola Edge 40 8/256 GB;Smartfony;Motorola;4469.99;PLN;4469.99;Dostępny;4.5;1722;27.06.2024;brak informacji;niebieski;0,22 kg;0.22;63;30,6 × 17,5 × 10,9 cm;stal i tworzywo;Indie;06.05.2023;TechStore;24 h;0.0;5902127020003;MOEDGE40-860;telefon, kabel USB-C, kluczyk do karty SIM;"Przekątna ekranu: 6,1"" | Aparat główny: 108 Mpx | Bateria: 4500 mAh";Motorola Edge 40 to smartfon z oferty TechStore. Produkt dostarczany jest w oryginalnym opakowaniu producenta i objęty pełną obsługą serwisową.;produkt.html?id=1308
1309;SLU-20939;Sennheiser Accentum zielone;Słuchawki;Sennheiser;1509.99;PLN;1509.99;Ostatnie sztuki;4.4;470;03.07.2024;brak informacji;zielone;0,35 kg;0.35;3;50,0 × 12,7 × 2,3 cm;aluminium;Indie;03.05.2023;TechStore;1–2 dni robocze;0.0;5909286684125;SEACCENTUM-256;słuchawki, etui, kabel USB-C;Typ: nauszne | Łączność: Bluetooth 5.2 | Czas pracy: 40 h;Sennheiser Accentum to słuchawki z oferty TechStore. Produkt dostarczany jest w oryginalnym opakowaniu producenta i objęty pełną obsługą serwisową.;produkt.html?id=1309
1310;MON-55736;AOC U32P2 + uchwyt VESA;Monitory;AOC;2589.99;PLN;2589.99;Ostatnie sztuki;4.7;1514;06.02.2024;36 mies.;czarny;3,29 kg;3.29;4;50,4 × 14,9 × 9,2 cm;aluminium;Tajwan;06.08.2023;TechStore;1–2 dni robocze;0.0;5905614001937;AOU32P2-282;monitor, podstawa, kabel zasilający, kabel HDMI;"Przekątna: 31,5"" | Rozdzielczość: 1920×1080 | Odświeżanie: 75 Hz";AOC U32P2 to monitor z oferty TechStore. Produkt dostarczany jest w oryginalnym opakowaniu producenta i objęty pełną obsługą serwisową.;produkt.html?id=1310
1311;DRU-92100;Epson EcoTank L8050 + zapasowy toner;Drukarki;Epson;1739.99;PLN;1739.99;Dostępny;4.8;2009;17.09.2026;36 mies.;biały;13,37 kg;13.37;60;23,0 × 21,2 × 13,6 cm;stal i tworzywo;Tajwan;21.05.2025;Partner: ElektroHurt;24 h;0.0;5905523735948;EPECOTANKL-604;drukarka, startowy materiał eksploatacyjny, kabel zasilający;Technologia druku: atramentowa kolor | Prędkość druku: 30 str./min | Łączność: Wi-Fi, LAN, USB;Epson EcoTank L8050 to drukarka z oferty TechStore. Produkt dostarczany jest w oryginalnym opakowaniu producenta i objęty pełną obsługą serwisową.;produkt.html?id=1311
1312;AKC-43774;Trust Ozaa niebieski;Akcesoria;Trust;189.99;PLN;189.99;Na zamówienie;4.5;2332;16.01.2024;24 mies.;niebieski;1,01 kg;1.01;0;34,6 × 44,6 × 14,1 cm;aluminium;Tajlandia;30.04.2022;TechStore;do 14 dni;14.99;5907369798560;TROZAA-949;urządzenie, odbiornik/kabel, instrukcja;Łączność: bezprzewodowa 2,4 GHz | Zasilanie: z kabla USB | Kompatybilność: Windows;Trust Ozaa to akcesorium komputerowe z oferty TechStore. Produkt dostarczany jest w oryginalnym opakowaniu producenta i objęty pełną obsługą serwisową.;produkt.html?id=1312
1313;LAP-21344;ASUS ZenBook 14 16/512 GB;Laptopy;ASUS;6139.99;PLN;6139.99;Ostatnie sztuki;3.5;1905;10.09.2025;36 mies.;szary;2,17 kg;2.17;1;45,9 × 40,7 × 6,9 cm;aluminium;Indie;04.05.2025;Partner: ElektroHurt;1–2 dni robocze;0.0;5901580547978;ASZENBOOK1-529;laptop, zasilacz, instrukcja;"Procesor: Intel Core i7-1355U | Ekran: 16"" 2560×1600 | System operacyjny: bez systemu";ASUS ZenBook 14 to laptop z oferty TechStore. Produkt dostarczany jest w oryginalnym opakowaniu producenta i objęty pełną obsługą serwisową.;produkt.html?id=1313
1314;SMA-41726;Google Pixel 9 6/128 GB;Smartfony;Google;3439.99;PLN;3439.99;Dostępny;;691;25.10.2025;24 mies.;grafitowy;0,23 kg;0.23;48;59,8 × 45,0 × 16,1 cm;aluminium i tworzywo;Tajwan;22.05.2024;Partner: ElektroHurt;24 h;0.0;5908343758359;GOPIXEL9-381;telefon, kabel USB-C, kluczyk do karty SIM;"Przekątna ekranu: 6,7"" | Aparat główny: 108 Mpx | Bateria: 5000 mAh";Google Pixel 9 to smartfon z oferty TechStore. Produkt dostarczany jest w oryginalnym opakowaniu producenta i objęty pełną obsługą serwisową.;produkt.html?id=1314
1315;SLU-80568;Logitech Zone Vibe 100 zielone;Słuchawki;Logitech;1049.99;PLN;1049.99;Dostępny;;1255;06.02.2026;24 mies.;zielone;0,2 kg;0.2;28;34,0 × 44,0 × 10,1 cm;aluminium;Tajwan;08.08.2024;TechStore;24 h;0.0;5909841114246;LOZONEVIBE-974;słuchawki, etui, kabel USB-C;Typ: dokanałowe | Łączność: Bluetooth 5.3 | Czas pracy: 60 h;Logitech Zone Vibe 100 to słuchawki z oferty TechStore. Produkt dostarczany jest w oryginalnym opakowaniu producenta i objęty pełną obsługą serwisową.;produkt.html?id=1315
1316;MON-63833;AOC U32P2;Monitory;AOC;2269.99;PLN;2269.99;Dostępny;;564;15.08.2024;36 mies.;szary;6,45 kg;6.45;16;50,4 × 11,7 × 2,8 cm;aluminium;Wietnam;08.11.2022;Partner: ElektroHurt;24 h;0.0;5907233986413;AOU32P2-731;monitor, podstawa, kabel zasilający, kabel HDMI;"Przekątna: 31,5"" | Rozdzielczość: 3840×2160 | Odświeżanie: 144 Hz";AOC U32P2 to monitor z oferty TechStore. Produkt dostarczany jest w oryginalnym opakowaniu producenta i objęty pełną obsługą serwisową.;produkt.html?id=1316
1317;DRU-29952;Canon PIXMA TS5350i + etui na dokumenty;Drukarki;Canon;539.99;PLN;539.99;Na zamówienie;4.5;1639;20.11.2025;36 mies.;grafitowy;7,23 kg;7.23;0;15,4 × 36,7 × 10,1 cm;aluminium i tworzywo;Indie;08.10.2025;TechStore;do 14 dni;0.0;5901734570935;CAPIXMATS5-894;drukarka, startowy materiał eksploatacyjny, kabel zasilający;Technologia druku: laserowa mono | Prędkość druku: 30 str./min | Łączność: Wi-Fi, USB;Canon PIXMA TS5350i to drukarka z oferty TechStore. Produkt dostarczany jest w oryginalnym opakowaniu producenta i objęty pełną obsługą serwisową.;produkt.html?id=1317
1318;AKC-32607;Razer BlackWidow V4 niebieski;Akcesoria;Razer;359.99;PLN;359.99;Na zamówienie;4.2;511;08.01.2026;brak informacji;niebieski;1,14 kg;1.14;0;49,1 × 40,7 × 2,8 cm;stal i tworzywo;Wietnam;19.06.2024;TechStore Outlet;do 14 dni;0.0;5903781137388;RABLACKWID-783;urządzenie, odbiornik/kabel, instrukcja;Łączność: Bluetooth | Zasilanie: bateria AA | Kompatybilność: Windows;Razer BlackWidow V4 to akcesorium komputerowe z oferty TechStore. Produkt dostarczany jest w oryginalnym opakowaniu producenta i objęty pełną obsługą serwisową.;produkt.html?id=1318
1319;LAP-25582;HP ProBook 450 32/2 TB;Laptopy;HP;2760.56;EUR;641.99;Dostępny;3.7;1107;06.07.2024;24 mies.;grafitowy;1,88 kg;1.88;91;46,5 × 39,1 × 16,1 cm;tworzywo sztuczne;Malezja;07.05.2023;TechStore Outlet;24 h;0.0;5902850018056;HPPROBOOK4-237;laptop, zasilacz, instrukcja;"Procesor: Intel Core i7-1355U | Ekran: 15,6"" 1920×1080 | System operacyjny: bez systemu";HP ProBook 450 to laptop z oferty TechStore. Produkt dostarczany jest w oryginalnym opakowaniu producenta i objęty pełną obsługą serwisową.;produkt.html?id=1319
1320;SMA-87418;Samsung Galaxy S24 12/256 GB;Smartfony;Samsung;2969.99;PLN;2969.99;Na zamówienie;4.8;1539;14.11.2025;24 mies.;szary;0,2 kg;0.2;0;21,6 × 40,5 × 10,5 cm;aluminium;Indie;08.01.2025;TechStore;do 14 dni;0.0;5909989925665;SAGALAXYS2-925;telefon, kabel USB-C, kluczyk do karty SIM;"Przekątna ekranu: 6,6"" | Aparat główny: 108 Mpx | Bateria: 4500 mAh";Samsung Galaxy S24 to smartfon z oferty TechStore. Produkt dostarczany jest w oryginalnym opakowaniu producenta i objęty pełną obsługą serwisową.;produkt.html?id=1320
1321;SLU-92234;Bose QuietComfort Ultra niebieskie;Słuchawki;Bose;1399.99;PLN;1399.99;Dostępny;5.0;1704;06.01.2026;brak informacji;niebieskie;0,08 kg;0.08;31;34,8 × 5,6 × 1,0 cm;stal i tworzywo;Indie;26.02.2025;Partner: ElektroHurt;24 h;0.0;5905177670890;BOQUIETCOM-976;słuchawki, etui, kabel USB-C;Typ: nauszne | Łączność: Bluetooth 5.3 | Czas pracy: 60 h;Bose QuietComfort Ultra to słuchawki z oferty TechStore. Produkt dostarczany jest w oryginalnym opakowaniu producenta i objęty pełną obsługą serwisową.;produkt.html?id=1321
1322;MON-76852;LG 27GP850 + kabel USB-C;Monitory;LG;2859.46;EUR;664.99;Dostępny;4.1;429;24.06.2024;48 mies.;srebrny;3,83 kg;3.83;90;35,1 × 33,7 × 6,4 cm;stal i tworzywo;Indie;17.10.2022;TechStore Outlet;24 h;0.0;5902075463046;LG27GP850-984;monitor, podstawa, kabel zasilający, kabel HDMI;"Przekątna: 31,5"" | Rozdzielczość: 2560×1440 | Odświeżanie: 144 Hz";LG 27GP850 to monitor z oferty TechStore. Produkt dostarczany jest w oryginalnym opakowaniu producenta i objęty pełną obsługą serwisową.;produkt.html?id=1322
1323;DRU-29301;Epson EcoTank L3270 + zapasowy toner;Drukarki;Epson;1659.99;PLN;1659.99;Na zamówienie;4.2;1990;03.06.2026;brak informacji;biały;8,38 kg;8.38;0;44,1 × 17,7 × 15,3 cm;stal i tworzywo;Tajwan;04.08.2025;TechStore Outlet;do 14 dni;0.0;5901449697089;EPECOTANKL-235;drukarka, startowy materiał eksploatacyjny, kabel zasilający;Technologia druku: laserowa kolor | Prędkość druku: 34 str./min | Łączność: Wi-Fi, USB;Epson EcoTank L3270 to drukarka z oferty TechStore. Produkt dostarczany jest w oryginalnym opakowaniu producenta i objęty pełną obsługą serwisową.;produkt.html?id=1323
1324;AKC-29152;Trust GXT 711 Dominus grafitowy;Akcesoria;Trust;639.99;PLN;639.99;Na zamówienie;3.5;543;07.10.2025;24 mies.;grafitowy;0,58 kg;0.58;0;20,3 × 28,3 × 19,9 cm;stal i tworzywo;Tajwan;08.03.2025;TechStore Outlet;do 14 dni;0.0;5902596005741;TRGXT711DO-541;urządzenie, odbiornik/kabel, instrukcja;Łączność: bezprzewodowa 2,4 GHz | Zasilanie: z kabla USB | Kompatybilność: Windows, macOS;Trust GXT 711 Dominus to akcesorium komputerowe z oferty TechStore. Produkt dostarczany jest w oryginalnym opakowaniu producenta i objęty pełną obsługą serwisową.;produkt.html?id=1324
1325;LAP-34626;ASUS ZenBook 14 32/2 TB;Laptopy;ASUS;4279.99;PLN;4279.99;Niedostępny;4.8;562;12.01.2024;36 mies.;biały;1,26 kg;1.26;0;20,7 × 38,9 × 20,6 cm;aluminium i tworzywo;Indie;19.04.2022;TechStore;brak terminu;0.0;5907973316934;ASZENBOOK1-164;laptop, zasilacz, instrukcja;"Procesor: Intel Core i5-1335U | Ekran: 16"" 2560×1600 | System operacyjny: Windows 11 Pro";ASUS ZenBook 14 to laptop z oferty TechStore. Produkt dostarczany jest w oryginalnym opakowaniu producenta i objęty pełną obsługą serwisową.;produkt.html?id=1325
1326;SMA-84013;Xiaomi Poco X6 12/512 GB;Smartfony;Xiaomi;1649.99;PLN;1649.99;Dostępny;4.8;1724;26.05.2024;24 mies.;srebrny;0,22 kg;0.22;49;15,5 × 38,2 × 11,3 cm;stal i tworzywo;Indie;17.12.2023;TechStore Outlet;24 h;0.0;5907466321726;XIPOCOX6-943;telefon, kabel USB-C, kluczyk do karty SIM;"Przekątna ekranu: 6,6"" | Aparat główny: 200 Mpx | Bateria: 5500 mAh";Xiaomi Poco X6 to smartfon z oferty TechStore. Produkt dostarczany jest w oryginalnym opakowaniu producenta i objęty pełną obsługą serwisową.;produkt.html?id=1326
1327;SLU-65549;Sony WH-CH720N beżowe;Słuchawki;Sony;1319.99;PLN;1319.99;Dostępny;4.7;2340;27.05.2026;24 mies.;beżowe;0,14 kg;0.14;89;43,4 × 43,8 × 7,0 cm;aluminium i tworzywo;Indie;20.01.2025;TechStore;24 h;0.0;5900146369790;SOWHCH720N-135;słuchawki, etui, kabel USB-C;Typ: dokanałowe | Łączność: Bluetooth 5.2 | Czas pracy: 50 h;Sony WH-CH720N to słuchawki z oferty TechStore. Produkt dostarczany jest w oryginalnym opakowaniu producenta i objęty pełną obsługą serwisową.;produkt.html?id=1327
1328;MON-89213;iiyama ProLite XUB2493 + kabel DisplayPort;Monitory;iiyama;859.99;PLN;859.99;Niedostępny;4.7;69;09.01.2025;brak informacji;szary;7,1 kg;7.1;0;18,6 × 6,7 × 7,5 cm;tworzywo sztuczne;Tajlandia;18.04.2024;TechStore;brak terminu;0.0;5902173767396;IIPROLITEX-669;monitor, podstawa, kabel zasilający, kabel HDMI;"Przekątna: 23,8"" | Rozdzielczość: 1920×1080 | Odświeżanie: 180 Hz";iiyama ProLite XUB2493 to monitor z oferty TechStore. Produkt dostarczany jest w oryginalnym opakowaniu producenta i objęty pełną obsługą serwisową.;produkt.html?id=1328
1329;DRU-97459;Xerox B230 + zapasowy toner;Drukarki;Xerox;759.99;PLN;759.99;Na zamówienie;3.9;347;10.02.2024;36 mies.;biały;5,76 kg;5.76;0;47,8 × 24,5 × 14,4 cm;aluminium;Malezja;11.06.2022;TechStore;do 14 dni;0.0;5904555108033;XEB230-410;drukarka, startowy materiał eksploatacyjny, kabel zasilający;Technologia druku: laserowa mono | Prędkość druku: 20 str./min | Łączność: Wi-Fi, LAN, USB;Xerox B230 to drukarka z oferty TechStore. Produkt dostarczany jest w oryginalnym opakowaniu producenta i objęty pełną obsługą serwisową.;produkt.html?id=1329
1330;AKC-89580;SteelSeries Rival 3 biały;Akcesoria;SteelSeries;119.99;PLN;119.99;Na zamówienie;3.6;893;12.09.2024;36 mies.;biały;1,13 kg;1.13;0;40,0 × 22,9 × 16,7 cm;tworzywo sztuczne;Wietnam;09.07.2023;TechStore;do 14 dni;14.99;5904753413789;STRIVAL3-584;urządzenie, odbiornik/kabel, instrukcja;Łączność: przewodowa USB | Zasilanie: akumulator | Kompatybilność: Windows;SteelSeries Rival 3 to akcesorium komputerowe z oferty TechStore. Produkt dostarczany jest w oryginalnym opakowaniu producenta i objęty pełną obsługą serwisową.;produkt.html?id=1330
1331;LAP-55514;HP ProBook 450 16/512 GB;Laptopy;HP;3929.99;PLN;3929.99;Dostępny;;1325;02.06.2024;36 mies.;grafitowy;1,44 kg;1.44;108;40,2 × 3,3 × 7,5 cm;aluminium i tworzywo;Tajwan;14.08.2023;TechStore;24 h;0.0;5907524622185;HPPROBOOK4-461;laptop, zasilacz, instrukcja;"Procesor: Intel Core i7-1355U | Ekran: 16"" 2560×1600 | System operacyjny: Windows 11 Home";HP ProBook 450 to laptop z oferty TechStore. Produkt dostarczany jest w oryginalnym opakowaniu producenta i objęty pełną obsługą serwisową.;produkt.html?id=1331
1332;SMA-63854;Samsung Galaxy A35 8/128 GB;Smartfony;Samsung;3499.99;PLN;3499.99;Dostępny;4.7;2020;04.04.2025;brak informacji;szary;0,22 kg;0.22;12;59,6 × 44,0 × 2,9 cm;aluminium;Wietnam;26.11.2023;TechStore;24 h;0.0;5903452794688;SAGALAXYA3-965;telefon, kabel USB-C, kluczyk do karty SIM;"Przekątna ekranu: 6,7"" | Aparat główny: 50 Mpx | Bateria: 4500 mAh";Samsung Galaxy A35 to smartfon z oferty TechStore. Produkt dostarczany jest w oryginalnym opakowaniu producenta i objęty pełną obsługą serwisową.;produkt.html?id=1332
1333;SLU-74906;JBL Live 670NC niebieskie;Słuchawki;JBL;539.99;PLN;539.99;Na zamówienie;4.8;687;08.01.2025;12 mies.;niebieskie;0,3 kg;0.3;0;40,8 × 6,2 × 8,2 cm;aluminium;Tajwan;14.09.2024;TechStore;do 14 dni;0.0;5900929962754;JBLIVE670N-819;słuchawki, etui, kabel USB-C;Typ: nauszne | Łączność: Bluetooth 5.2 | Czas pracy: 50 h;JBL Live 670NC to słuchawki z oferty TechStore. Produkt dostarczany jest w oryginalnym opakowaniu producenta i objęty pełną obsługą serwisową.;produkt.html?id=1333
1334;MON-43472;LG 24MR400 + kabel USB-C;Monitory;LG;2229.99;PLN;2229.99;Niedostępny;4.4;539;27.03.2026;36 mies.;biały;7,57 kg;7.57;0;19,4 × 6,3 × 7,3 cm;aluminium;Malezja;29.09.2025;TechStore Outlet;brak terminu;0.0;5909393515612;LG24MR400-128;monitor, podstawa, kabel zasilający, kabel HDMI;"Przekątna: 23,8"" | Rozdzielczość: 3840×2160 | Odświeżanie: 180 Hz";LG 24MR400 to monitor z oferty TechStore. Produkt dostarczany jest w oryginalnym opakowaniu producenta i objęty pełną obsługą serwisową.;produkt.html?id=1334
1335;DRU-49360;Xerox C235 + etui na dokumenty;Drukarki;Xerox;1799.99;PLN;1799.99;Dostępny;;26;18.11.2025;24 mies.;niebieski;8,14 kg;8.14;42;35,3 × 38,9 × 17,0 cm;aluminium i tworzywo;Tajlandia;15.07.2025;Partner: ElektroHurt;24 h;0.0;5908820231985;XEC235-166;drukarka, startowy materiał eksploatacyjny, kabel zasilający;Technologia druku: laserowa mono | Prędkość druku: 20 str./min | Łączność: Wi-Fi, LAN, USB;Xerox C235 to drukarka z oferty TechStore. Produkt dostarczany jest w oryginalnym opakowaniu producenta i objęty pełną obsługą serwisową.;produkt.html?id=1335
1336;AKC-82199;Logitech MX Master 3S czarny;Akcesoria;Logitech;609.99;PLN;609.99;Dostępny;;1811;06.09.2025;36 mies.;czarny;0,6 kg;0.6;7;53,7 × 7,5 × 14,9 cm;aluminium i tworzywo;Indie;22.05.2025;TechStore;24 h;0.0;5906298250275;LOMXMASTER-256;urządzenie, odbiornik/kabel, instrukcja;Łączność: przewodowa USB | Zasilanie: z kabla USB | Kompatybilność: Windows, macOS, Linux;Logitech MX Master 3S to akcesorium komputerowe z oferty TechStore. Produkt dostarczany jest w oryginalnym opakowaniu producenta i objęty pełną obsługą serwisową.;produkt.html?id=1336
1337;LAP-10088;Dell Vostro 3520 16/1 TB;Laptopy;Dell;3289.99;PLN;3289.99;Dostępny;3.6;192;04.08.2025;24 mies.;niebieski;1,89 kg;1.89;52;36,0 × 15,3 × 16,0 cm;stal i tworzywo;Tajlandia;16.10.2024;TechStore;24 h;0.0;5903752715263;DEVOSTRO35-851;laptop, zasilacz, instrukcja;"Procesor: AMD Ryzen 7 7735HS | Ekran: 14"" 1920×1200 | System operacyjny: bez systemu";Dell Vostro 3520 to laptop z oferty TechStore. Produkt dostarczany jest w oryginalnym opakowaniu producenta i objęty pełną obsługą serwisową.;produkt.html?id=1337
1338;SMA-19015;Samsung Galaxy A55 12/256 GB;Smartfony;Samsung;1859.99;PLN;1859.99;Ostatnie sztuki;4.6;1181;27.11.2025;24 mies.;niebieski;0,19 kg;0.19;3;43,5 × 10,8 × 17,4 cm;aluminium i tworzywo;Wietnam;04.10.2024;Partner: ElektroHurt;1–2 dni robocze;0.0;5906733796618;SAGALAXYA5-787;telefon, kabel USB-C, kluczyk do karty SIM;"Przekątna ekranu: 6,6"" | Aparat główny: 50 Mpx | Bateria: 5000 mAh";Samsung Galaxy A55 to smartfon z oferty TechStore. Produkt dostarczany jest w oryginalnym opakowaniu producenta i objęty pełną obsługą serwisową.;produkt.html?id=1338
1339;SLU-36008;Jabra Elite 8 Active zielone;Słuchawki;Jabra;719.99;PLN;719.99;Na zamówienie;3.6;1929;02.07.2025;24 mies.;zielone;0,07 kg;0.07;0;6,5 × 41,4 × 5,5 cm;stal i tworzywo;Indie;19.04.2025;Partner: ElektroHurt;do 14 dni;0.0;5908635657764;JAELITE8AC-438;słuchawki, etui, kabel USB-C;Typ: dokanałowe | Łączność: Bluetooth 5.3 | Czas pracy: 60 h;Jabra Elite 8 Active to słuchawki z oferty TechStore. Produkt dostarczany jest w oryginalnym opakowaniu producenta i objęty pełną obsługą serwisową.;produkt.html?id=1339
1340;MON-54768;iiyama G-Master GB2770 + kabel USB-C;Monitory;iiyama;2139.99;PLN;2139.99;Dostępny;4.5;1399;16.03.2024;36 mies.;biały;6,48 kg;6.48;98;50,8 × 21,9 × 2,6 cm;tworzywo sztuczne;Tajlandia;26.08.2023;TechStore;24 h;0.0;5902556946957;IIGMASTERG-706;monitor, podstawa, kabel zasilający, kabel HDMI;"Przekątna: 31,5"" | Rozdzielczość: 3840×2160 | Odświeżanie: 180 Hz";iiyama G-Master GB2770 to monitor z oferty TechStore. Produkt dostarczany jest w oryginalnym opakowaniu producenta i objęty pełną obsługą serwisową.;produkt.html?id=1340
1341;DRU-42849;Brother HL-L2445DW;Drukarki;Brother;499.99;PLN;499.99;Dostępny;4.5;379;12.02.2026;24 mies.;grafitowy;8,65 kg;8.65;52;17,0 × 14,0 × 16,5 cm;stal i tworzywo;Wietnam;24.10.2024;TechStore;24 h;0.0;5901444301361;BRHLL2445D-799;drukarka, startowy materiał eksploatacyjny, kabel zasilający;Technologia druku: laserowa mono | Prędkość druku: 34 str./min | Łączność: Wi-Fi, LAN, USB;Brother HL-L2445DW to drukarka z oferty TechStore. Produkt dostarczany jest w oryginalnym opakowaniu producenta i objęty pełną obsługą serwisową.;produkt.html?id=1341
1342;AKC-73455;Logitech K380 grafitowy;Akcesoria;Logitech;279.99;PLN;279.99;Dostępny;;2059;28.08.2025;brak informacji;grafitowy;0,36 kg;0.36;114;58,0 × 29,8 × 22,5 cm;tworzywo sztuczne;Indie;21.01.2024;TechStore;24 h;14.99;5905042942705;LOK380-749;urządzenie, odbiornik/kabel, instrukcja;Łączność: bezprzewodowa 2,4 GHz | Zasilanie: bateria AA | Kompatybilność: Windows;Logitech K380 to akcesorium komputerowe z oferty TechStore. Produkt dostarczany jest w oryginalnym opakowaniu producenta i objęty pełną obsługą serwisową.;produkt.html?id=1342
1343;LAP-36367;ASUS TUF Gaming A15 16/1 TB;Laptopy;ASUS;3579.99;PLN;3579.99;Ostatnie sztuki;3.2;813;24.10.2024;36 mies.;srebrny;1,43 kg;1.43;4;26,7 × 9,4 × 13,3 cm;tworzywo sztuczne;Indie;06.09.2023;TechStore;1–2 dni robocze;0.0;5904899123050;ASTUFGAMIN-327;laptop, zasilacz, instrukcja;"Procesor: AMD Ryzen 5 7530U | Ekran: 14"" 1920×1200 | System operacyjny: Windows 11 Pro";ASUS TUF Gaming A15 to laptop z oferty TechStore. Produkt dostarczany jest w oryginalnym opakowaniu producenta i objęty pełną obsługą serwisową.;produkt.html?id=1343
1344;SMA-87022;Google Pixel 8a 12/256 GB;Smartfony;Google;1279.99;PLN;1279.99;Dostępny;;860;26.01.2025;24 mies.;szary;0,16 kg;0.16;9;15,8 × 25,3 × 18,9 cm;aluminium i tworzywo;Malezja;23.07.2024;Partner: ElektroHurt;24 h;0.0;5907664755322;GOPIXEL8A-529;telefon, kabel USB-C, kluczyk do karty SIM;"Przekątna ekranu: 6,1"" | Aparat główny: 108 Mpx | Bateria: 4500 mAh";Google Pixel 8a to smartfon z oferty TechStore. Produkt dostarczany jest w oryginalnym opakowaniu producenta i objęty pełną obsługą serwisową.;produkt.html?id=1344
1345;SLU-21233;JBL Live 670NC zielone;Słuchawki;JBL;339.99;PLN;339.99;Na zamówienie;4.9;1719;29.03.2026;24 mies.;zielone;0,1 kg;0.1;0;18,8 × 13,1 × 16,5 cm;aluminium i tworzywo;Wietnam;07.03.2025;TechStore Outlet;do 14 dni;0.0;5909475009147;JBLIVE670N-162;słuchawki, etui, kabel USB-C;Typ: douszne | Łączność: Bluetooth 5.2 | Czas pracy: 60 h;JBL Live 670NC to słuchawki z oferty TechStore. Produkt dostarczany jest w oryginalnym opakowaniu producenta i objęty pełną obsługą serwisową.;produkt.html?id=1345
1346;MON-15488;BenQ MOBIUZ EX2710Q + głośniki USB;Monitory;BenQ;1969.99;PLN;1969.99;Dostępny;3.1;1693;23.09.2024;36 mies.;biały;4,33 kg;4.33;105;32,9 × 11,4 × 11,8 cm;tworzywo sztuczne;Tajwan;03.04.2023;TechStore;24 h;0.0;5901674661350;BEMOBIUZEX-692;monitor, podstawa, kabel zasilający, kabel HDMI;"Przekątna: 23,8"" | Rozdzielczość: 2560×1440 | Odświeżanie: 165 Hz";BenQ MOBIUZ EX2710Q to monitor z oferty TechStore. Produkt dostarczany jest w oryginalnym opakowaniu producenta i objęty pełną obsługą serwisową.;produkt.html?id=1346
1347;DRU-37646;Epson EcoTank L8050;Drukarki;Epson;789.99;PLN;789.99;Dostępny;4.8;1587;24.06.2024;24 mies.;szary;6,71 kg;6.71;14;10,3 × 17,1 × 24,0 cm;aluminium i tworzywo;Wietnam;21.01.2023;TechStore Outlet;24 h;0.0;5907956555264;EPECOTANKL-891;drukarka, startowy materiał eksploatacyjny, kabel zasilający;Technologia druku: atramentowa kolor | Prędkość druku: 20 str./min | Łączność: USB;Epson EcoTank L8050 to drukarka z oferty TechStore. Produkt dostarczany jest w oryginalnym opakowaniu producenta i objęty pełną obsługą serwisową.;produkt.html?id=1347
1348;AKC-94854;Trust GXT 711 Dominus biały;Akcesoria;Trust;239.99;PLN;239.99;Dostępny;;944;21.02.2026;36 mies.;biały;0,32 kg;0.32;76;48,9 × 18,5 × 13,9 cm;aluminium i tworzywo;Indie;30.07.2025;TechStore;24 h;14.99;5901715254988;TRGXT711DO-925;urządzenie, odbiornik/kabel, instrukcja;Łączność: Bluetooth | Zasilanie: z kabla USB | Kompatybilność: Windows;Trust GXT 711 Dominus to akcesorium komputerowe z oferty TechStore. Produkt dostarczany jest w oryginalnym opakowaniu producenta i objęty pełną obsługą serwisową.;produkt.html?id=1348
1349;LAP-39335;Lenovo IdeaPad Slim 5 32/1 TB;Laptopy;Lenovo;4629.99;PLN;4629.99;Dostępny;4.2;961;28.03.2026;36 mies.;niebieski;1,22 kg;1.22;109;15,0 × 42,6 × 15,8 cm;aluminium i tworzywo;Tajwan;12.07.2025;TechStore;24 h;0.0;5902498633916;LEIDEAPADS-968;laptop, zasilacz, instrukcja;"Procesor: Intel Core i7-1355U | Ekran: 14"" 1920×1200 | System operacyjny: Windows 11 Pro";Lenovo IdeaPad Slim 5 to laptop z oferty TechStore. Produkt dostarczany jest w oryginalnym opakowaniu producenta i objęty pełną obsługą serwisową.;produkt.html?id=1349
1350;SMA-76677;Nokia G60 6/128 GB;Smartfony;Nokia;2367.96;USD;591.99;Dostępny;4.2;1912;01.07.2025;24 mies.;niebieski;0,17 kg;0.17;40;6,3 × 3,1 × 12,1 cm;tworzywo sztuczne;Chiny;20.01.2024;TechStore Outlet;24 h;0.0;5903136895851;NOG60-205;telefon, kabel USB-C, kluczyk do karty SIM;"Przekątna ekranu: 6,7"" | Aparat główny: 108 Mpx | Bateria: 4500 mAh";Nokia G60 to smartfon z oferty TechStore. Produkt dostarczany jest w oryginalnym opakowaniu producenta i objęty pełną obsługą serwisową.;produkt.html?id=1350
1351;SLU-48731;JBL Tune Beam białe;Słuchawki;JBL;1349.99;PLN;1349.99;Dostępny;4.8;1110;08.03.2024;12 mies.;białe;0,04 kg;0.04;61;52,3 × 39,7 × 20,7 cm;aluminium i tworzywo;Indie;09.03.2023;TechStore Outlet;24 h;0.0;5903279440612;JBTUNEBEAM-178;słuchawki, etui, kabel USB-C;Typ: douszne | Łączność: Bluetooth 5.3 | Czas pracy: 60 h;JBL Tune Beam to słuchawki z oferty TechStore. Produkt dostarczany jest w oryginalnym opakowaniu producenta i objęty pełną obsługą serwisową.;produkt.html?id=1351
1352;MON-50470;LG 24MR400 + głośniki USB;Monitory;LG;2409.99;PLN;2409.99;Dostępny;3.7;236;25.02.2025;36 mies.;szary;6,27 kg;6.27;59;9,7 × 16,8 × 10,3 cm;tworzywo sztuczne;Indie;09.05.2023;TechStore;24 h;0.0;5906577967632;LG24MR400-194;monitor, podstawa, kabel zasilający, kabel HDMI;"Przekątna: 23,8"" | Rozdzielczość: 3840×2160 | Odświeżanie: 144 Hz";LG 24MR400 to monitor z oferty TechStore. Produkt dostarczany jest w oryginalnym opakowaniu producenta i objęty pełną obsługą serwisową.;produkt.html?id=1352
1353;DRU-24474;Epson EcoTank L8050 + etui na dokumenty;Drukarki;Epson;907.96;USD;226.99;Dostępny;3.9;433;26.06.2024;36 mies.;srebrny;12,56 kg;12.56;79;59,8 × 11,8 × 21,5 cm;stal i tworzywo;Tajwan;28.09.2022;Partner: ElektroHurt;24 h;0.0;5907057405951;EPECOTANKL-403;drukarka, startowy materiał eksploatacyjny, kabel zasilający;Technologia druku: atramentowa kolor | Prędkość druku: 30 str./min | Łączność: USB;Epson EcoTank L8050 to drukarka z oferty TechStore. Produkt dostarczany jest w oryginalnym opakowaniu producenta i objęty pełną obsługą serwisową.;produkt.html?id=1353
1354;AKC-53280;Razer DeathAdder V3 różowy;Akcesoria;Razer;229.99;PLN;229.99;Dostępny;3.7;143;26.08.2024;brak informacji;różowy;0,19 kg;0.19;25;30,1 × 23,8 × 18,3 cm;aluminium;Malezja;05.07.2024;Partner: ElektroHurt;24 h;14.99;5900178606382;RADEATHADD-372;urządzenie, odbiornik/kabel, instrukcja;Łączność: przewodowa USB | Zasilanie: akumulator | Kompatybilność: Windows, macOS;Razer DeathAdder V3 to akcesorium komputerowe z oferty TechStore. Produkt dostarczany jest w oryginalnym opakowaniu producenta i objęty pełną obsługą serwisową.;produkt.html?id=1354
1355;LAP-91553;HP ProBook 450 16/1 TB;Laptopy;HP;3589.99;PLN;3589.99;Dostępny;3.3;1581;09.01.2024;36 mies.;biały;1,4 kg;1.4;95;53,2 × 3,1 × 10,0 cm;tworzywo sztuczne;Chiny;13.02.2022;Partner: ElektroHurt;24 h;0.0;5902979484291;HPPROBOOK4-487;laptop, zasilacz, instrukcja;"Procesor: Intel Core i7-1355U | Ekran: 16"" 2560×1600 | System operacyjny: Windows 11 Pro";HP ProBook 450 to laptop z oferty TechStore. Produkt dostarczany jest w oryginalnym opakowaniu producenta i objęty pełną obsługą serwisową.;produkt.html?id=1355
1356;SMA-38640;Samsung Galaxy A55 12/512 GB;Smartfony;Samsung;1129.99;PLN;1129.99;Na zamówienie;4.8;1152;11.08.2024;24 mies.;czarny;0,2 kg;0.2;0;59,9 × 41,7 × 9,3 cm;aluminium i tworzywo;Malezja;07.02.2024;TechStore;do 14 dni;0.0;5907909778039;SAGALAXYA5-378;telefon, kabel USB-C, kluczyk do karty SIM;"Przekątna ekranu: 6,6"" | Aparat główny: 64 Mpx | Bateria: 5000 mAh";Samsung Galaxy A55 to smartfon z oferty TechStore. Produkt dostarczany jest w oryginalnym opakowaniu producenta i objęty pełną obsługą serwisową.;produkt.html?id=1356
1357;SLU-25694;Sony WH-1000XM5 niebieskie;Słuchawki;Sony;519.99;PLN;519.99;Dostępny;;116;19.06.2026;12 mies.;niebieskie;0,2 kg;0.2;49;21,1 × 44,8 × 8,3 cm;stal i tworzywo;Malezja;24.12.2024;TechStore;24 h;0.0;5909512581791;SOWH1000XM-629;słuchawki, etui, kabel USB-C;Typ: douszne | Łączność: Bluetooth 5.3 + jack 3,5 mm | Czas pracy: 50 h;Sony WH-1000XM5 to słuchawki z oferty TechStore. Produkt dostarczany jest w oryginalnym opakowaniu producenta i objęty pełną obsługą serwisową.;produkt.html?id=1357
1358;MON-85839;BenQ GW2785TC + kabel USB-C;Monitory;BenQ;1899.99;PLN;1899.99;Dostępny;;458;16.12.2024;48 mies.;srebrny;7,06 kg;7.06;18;24,3 × 7,3 × 13,2 cm;aluminium;Indie;11.05.2023;TechStore Outlet;24 h;0.0;5905961739467;BEGW2785TC-649;monitor, podstawa, kabel zasilający, kabel HDMI;"Przekątna: 31,5"" | Rozdzielczość: 2560×1440 | Odświeżanie: 75 Hz";BenQ GW2785TC to monitor z oferty TechStore. Produkt dostarczany jest w oryginalnym opakowaniu producenta i objęty pełną obsługą serwisową.;produkt.html?id=1358
1359;DRU-61599;HP LaserJet M110we + ryza papieru A4;Drukarki;HP;2459.99;PLN;2459.99;Dostępny;3.5;2013;11.09.2026;24 mies.;biały;9,27 kg;9.27;12;10,6 × 15,6 × 5,7 cm;stal i tworzywo;Wietnam;31.05.2025;TechStore;24 h;0.0;5905245029207;HPLASERJET-521;drukarka, startowy materiał eksploatacyjny, kabel zasilający;Technologia druku: atramentowa kolor | Prędkość druku: 20 str./min | Łączność: Wi-Fi, LAN, USB;HP LaserJet M110we to drukarka z oferty TechStore. Produkt dostarczany jest w oryginalnym opakowaniu producenta i objęty pełną obsługą serwisową.;produkt.html?id=1359
1360;AKC-67617;Logitech G502 X różowy;Akcesoria;Logitech;898.66;EUR;208.99;Dostępny;;1083;29.02.2024;36 mies.;różowy;0,53 kg;0.53;90;24,0 × 42,2 × 21,7 cm;aluminium;Tajlandia;12.02.2023;Partner: ElektroHurt;24 h;0.0;5905767411114;LOG502X-869;urządzenie, odbiornik/kabel, instrukcja;Łączność: Bluetooth | Zasilanie: akumulator | Kompatybilność: Windows;Logitech G502 X to akcesorium komputerowe z oferty TechStore. Produkt dostarczany jest w oryginalnym opakowaniu producenta i objęty pełną obsługą serwisową.;produkt.html?id=1360
1361;LAP-93537;ASUS TUF Gaming A15 32/2 TB;Laptopy;ASUS;5769.99;PLN;5769.99;Dostępny;;751;11.10.2025;24 mies.;szary;2,07 kg;2.07;25;44,6 × 12,8 × 20,6 cm;stal i tworzywo;Chiny;02.01.2025;TechStore Outlet;24 h;0.0;5905249895205;ASTUFGAMIN-303;laptop, zasilacz, instrukcja;"Procesor: AMD Ryzen 5 7530U | Ekran: 14"" 1920×1200 | System operacyjny: Windows 11 Home";ASUS TUF Gaming A15 to laptop z oferty TechStore. Produkt dostarczany jest w oryginalnym opakowaniu producenta i objęty pełną obsługą serwisową.;produkt.html?id=1361
1362;SMA-58989;Samsung Galaxy S24 8/256 GB;Smartfony;Samsung;1429.99;PLN;1429.99;Niedostępny;4.8;2382;22.05.2024;24 mies.;szary;0,2 kg;0.2;0;50,3 × 19,9 × 13,4 cm;stal i tworzywo;Indie;30.06.2023;Partner: ElektroHurt;brak terminu;0.0;5904985237506;SAGALAXYS2-751;telefon, kabel USB-C, kluczyk do karty SIM;"Przekątna ekranu: 6,1"" | Aparat główny: 200 Mpx | Bateria: 5000 mAh";Samsung Galaxy S24 to smartfon z oferty TechStore. Produkt dostarczany jest w oryginalnym opakowaniu producenta i objęty pełną obsługą serwisową.;produkt.html?id=1362
1363;SLU-21856;Jabra Elite 8 Active beżowe;Słuchawki;Jabra;579.99;PLN;579.99;Niedostępny;4.6;956;02.11.2024;12 mies.;beżowe;0,09 kg;0.09;0;52,6 × 6,5 × 25,0 cm;tworzywo sztuczne;Tajlandia;14.12.2023;TechStore;brak terminu;0.0;5901272638816;JAELITE8AC-599;słuchawki, etui, kabel USB-C;Typ: douszne | Łączność: Bluetooth 5.3 | Czas pracy: 30 h;Jabra Elite 8 Active to słuchawki z oferty TechStore. Produkt dostarczany jest w oryginalnym opakowaniu producenta i objęty pełną obsługą serwisową.;produkt.html?id=1363
1364;MON-89171;iiyama ProLite XUB2493 + kabel USB-C;Monitory;iiyama;2649.99;PLN;2649.99;Dostępny;3.7;1813;12.07.2024;brak informacji;biały;5,47 kg;5.47;44;57,2 × 40,6 × 14,0 cm;stal i tworzywo;Wietnam;29.05.2024;TechStore;24 h;0.0;5905356895553;IIPROLITEX-110;monitor, podstawa, kabel zasilający, kabel HDMI;"Przekątna: 31,5"" | Rozdzielczość: 2560×1440 | Odświeżanie: 144 Hz";iiyama ProLite XUB2493 to monitor z oferty TechStore. Produkt dostarczany jest w oryginalnym opakowaniu producenta i objęty pełną obsługą serwisową.;produkt.html?id=1364
1365;DRU-87261;Epson WorkForce WF-2930 + zapasowy toner;Drukarki;Epson;1289.99;PLN;1289.99;Na zamówienie;4.3;26;19.03.2025;24 mies.;szary;12,41 kg;12.41;0;29,5 × 38,8 × 10,5 cm;stal i tworzywo;Chiny;18.02.2024;Partner: ElektroHurt;do 14 dni;0.0;5901626422306;EPWORKFORC-922;drukarka, startowy materiał eksploatacyjny, kabel zasilający;Technologia druku: atramentowa kolor | Prędkość druku: 20 str./min | Łączność: USB;Epson WorkForce WF-2930 to drukarka z oferty TechStore. Produkt dostarczany jest w oryginalnym opakowaniu producenta i objęty pełną obsługą serwisową.;produkt.html?id=1365
1366;AKC-82346;Razer DeathAdder V3 biały;Akcesoria;Razer;640.66;EUR;148.99;Na zamówienie;3.2;2092;17.03.2024;36 mies.;biały;1,07 kg;1.07;0;58,5 × 25,3 × 1,8 cm;aluminium;Wietnam;12.01.2023;TechStore;do 14 dni;0.0;5903323877166;RADEATHADD-424;urządzenie, odbiornik/kabel, instrukcja;Łączność: przewodowa USB | Zasilanie: akumulator | Kompatybilność: Windows, macOS, Linux;Razer DeathAdder V3 to akcesorium komputerowe z oferty TechStore. Produkt dostarczany jest w oryginalnym opakowaniu producenta i objęty pełną obsługą serwisową.;produkt.html?id=1366
1367;LAP-63633;Acer Aspire 5 16/1 TB;Laptopy;Acer;5089.99;PLN;5089.99;Dostępny;3.7;1521;13.01.2026;36 mies.;srebrny;2,21 kg;2.21;96;38,1 × 33,1 × 5,9 cm;tworzywo sztuczne;Malezja;05.04.2025;TechStore;24 h;0.0;5909794391664;ACASPIRE5-512;laptop, zasilacz, instrukcja;"Procesor: Intel Core i5-1335U | Ekran: 14"" 1920×1200 | System operacyjny: Windows 11 Pro";Acer Aspire 5 to laptop z oferty TechStore. Produkt dostarczany jest w oryginalnym opakowaniu producenta i objęty pełną obsługą serwisową.;produkt.html?id=1367
1368;SMA-32845;Google Pixel 9 12/512 GB;Smartfony;Google;1449.99;PLN;1449.99;Dostępny;4.9;822;17.07.2024;24 mies.;grafitowy;0,2 kg;0.2;56;35,7 × 43,9 × 9,2 cm;aluminium;Tajwan;16.12.2022;TechStore;24 h;0.0;5906883239777;GOPIXEL9-567;telefon, kabel USB-C, kluczyk do karty SIM;"Przekątna ekranu: 6,6"" | Aparat główny: 50 Mpx | Bateria: 4500 mAh";Google Pixel 9 to smartfon z oferty TechStore. Produkt dostarczany jest w oryginalnym opakowaniu producenta i objęty pełną obsługą serwisową.;produkt.html?id=1368
1369;SLU-74568;JBL Tune 760NC białe;Słuchawki;JBL;778.26;EUR;180.99;Dostępny;4.0;304;17.06.2025;12 mies.;białe;0,2 kg;0.2;25;56,7 × 18,9 × 2,9 cm;stal i tworzywo;Indie;27.09.2023;TechStore;24 h;0.0;5900909645807;JBTUNE760N-380;słuchawki, etui, kabel USB-C;Typ: dokanałowe | Łączność: Bluetooth 5.3 | Czas pracy: 50 h;JBL Tune 760NC to słuchawki z oferty TechStore. Produkt dostarczany jest w oryginalnym opakowaniu producenta i objęty pełną obsługą serwisową.;produkt.html?id=1369
1370;MON-40327;Dell P2723DE;Monitory;Dell;1849.99;PLN;1849.99;Dostępny;;417;17.01.2025;36 mies.;szary;7,47 kg;7.47;99;25,9 × 8,9 × 22,8 cm;aluminium;Indie;14.01.2024;Partner: ElektroHurt;24 h;0.0;5905617764322;DEP2723DE-283;monitor, podstawa, kabel zasilający, kabel HDMI;"Przekątna: 27"" | Rozdzielczość: 1920×1080 | Odświeżanie: 165 Hz";Dell P2723DE to monitor z oferty TechStore. Produkt dostarczany jest w oryginalnym opakowaniu producenta i objęty pełną obsługą serwisową.;produkt.html?id=1370
1371;DRU-65510;Epson EcoTank L3270 + kabel USB;Drukarki;Epson;2139.99;PLN;2139.99;Dostępny;;1621;05.03.2025;24 mies.;srebrny;11,85 kg;11.85;6;44,5 × 34,8 × 7,9 cm;tworzywo sztuczne;Malezja;05.08.2023;TechStore;24 h;0.0;5907829846084;EPECOTANKL-768;drukarka, startowy materiał eksploatacyjny, kabel zasilający;Technologia druku: atramentowa kolor | Prędkość druku: 30 str./min | Łączność: USB;Epson EcoTank L3270 to drukarka z oferty TechStore. Produkt dostarczany jest w oryginalnym opakowaniu producenta i objęty pełną obsługą serwisową.;produkt.html?id=1371
1372;AKC-20832;SteelSeries Aerox 5 biały;Akcesoria;SteelSeries;569.99;PLN;569.99;Dostępny;4.8;341;23.07.2026;24 mies.;biały;0,56 kg;0.56;43;33,5 × 35,1 × 11,5 cm;aluminium;Wietnam;27.08.2025;Partner: ElektroHurt;24 h;0.0;5908945508384;STAEROX5-485;urządzenie, odbiornik/kabel, instrukcja;Łączność: bezprzewodowa 2,4 GHz | Zasilanie: z kabla USB | Kompatybilność: Windows, macOS;SteelSeries Aerox 5 to akcesorium komputerowe z oferty TechStore. Produkt dostarczany jest w oryginalnym opakowaniu producenta i objęty pełną obsługą serwisową.;produkt.html?id=1372
1373;LAP-74813;HP Pavilion 15 8/256 GB;Laptopy;HP;5091.16;EUR;1183.99;Na zamówienie;5.0;1728;01.06.2025;24 mies.;niebieski;1,44 kg;1.44;0;57,3 × 3,4 × 18,0 cm;aluminium i tworzywo;Tajwan;01.12.2024;TechStore Outlet;do 14 dni;0.0;5906622229350;HPPAVILION-517;laptop, zasilacz, instrukcja;"Procesor: AMD Ryzen 5 7530U | Ekran: 14"" 1920×1200 | System operacyjny: bez systemu";HP Pavilion 15 to laptop z oferty TechStore. Produkt dostarczany jest w oryginalnym opakowaniu producenta i objęty pełną obsługą serwisową.;produkt.html?id=1373
1374;SMA-10306;Samsung Galaxy A55 8/128 GB;Smartfony;Samsung;2989.99;PLN;2989.99;Niedostępny;;1146;06.05.2025;36 mies.;szary;0,2 kg;0.2;0;49,2 × 30,6 × 3,3 cm;aluminium;Indie;29.03.2024;TechStore;brak terminu;0.0;5901615126098;SAGALAXYA5-646;telefon, kabel USB-C, kluczyk do karty SIM;"Przekątna ekranu: 6,7"" | Aparat główny: 50 Mpx | Bateria: 5000 mAh";Samsung Galaxy A55 to smartfon z oferty TechStore. Produkt dostarczany jest w oryginalnym opakowaniu producenta i objęty pełną obsługą serwisową.;produkt.html?id=1374
1375;SLU-91088;Sennheiser Accentum białe;Słuchawki;Sennheiser;1739.99;PLN;1739.99;Dostępny;3.9;1733;27.03.2026;12 mies.;białe;0,33 kg;0.33;55;44,4 × 3,4 × 11,3 cm;stal i tworzywo;Indie;27.12.2024;TechStore;24 h;0.0;5906613626911;SEACCENTUM-627;słuchawki, etui, kabel USB-C;Typ: nauszne | Łączność: Bluetooth 5.3 + jack 3,5 mm | Czas pracy: 30 h;Sennheiser Accentum to słuchawki z oferty TechStore. Produkt dostarczany jest w oryginalnym opakowaniu producenta i objęty pełną obsługą serwisową.;produkt.html?id=1375
1376;MON-46496;LG 27GP850 + uchwyt VESA;Monitory;LG;629.99;PLN;629.99;Dostępny;3.3;1509;01.02.2024;36 mies.;biały;4,76 kg;4.76;70;58,5 × 37,3 × 15,0 cm;aluminium;Indie;23.09.2023;Partner: ElektroHurt;24 h;0.0;5905205148324;LG27GP850-585;monitor, podstawa, kabel zasilający, kabel HDMI;"Przekątna: 31,5"" | Rozdzielczość: 3840×2160 | Odświeżanie: 75 Hz";LG 27GP850 to monitor z oferty TechStore. Produkt dostarczany jest w oryginalnym opakowaniu producenta i objęty pełną obsługą serwisową.;produkt.html?id=1376
1377;DRU-42278;Brother MFC-L2800DW;Drukarki;Brother;459.99;PLN;459.99;Na zamówienie;;900;10.12.2025;24 mies.;szary;12,05 kg;12.05;0;34,8 × 29,6 × 18,0 cm;aluminium i tworzywo;Tajlandia;10.07.2025;Partner: ElektroHurt;do 14 dni;0.0;5906513240648;BRMFCL2800-589;drukarka, startowy materiał eksploatacyjny, kabel zasilający;Technologia druku: laserowa mono | Prędkość druku: 20 str./min | Łączność: Wi-Fi, USB;Brother MFC-L2800DW to drukarka z oferty TechStore. Produkt dostarczany jest w oryginalnym opakowaniu producenta i objęty pełną obsługą serwisową.;produkt.html?id=1377
1378;AKC-96334;Razer Basilisk V3 biały;Akcesoria;Razer;369.99;PLN;369.99;Ostatnie sztuki;;459;21.12.2025;36 mies.;biały;0,56 kg;0.56;2;18,0 × 38,9 × 2,8 cm;tworzywo sztuczne;Indie;18.05.2024;TechStore Outlet;1–2 dni robocze;0.0;5901236417816;RABASILISK-509;urządzenie, odbiornik/kabel, instrukcja;Łączność: Bluetooth | Zasilanie: bateria AA | Kompatybilność: Windows, macOS, Linux;Razer Basilisk V3 to akcesorium komputerowe z oferty TechStore. Produkt dostarczany jest w oryginalnym opakowaniu producenta i objęty pełną obsługą serwisową.;produkt.html?id=1378
1379;LAP-13527;Dell Vostro 3520 16/512 GB;Laptopy;Dell;7659.99;PLN;7659.99;Dostępny;3.2;1427;10.06.2026;36 mies.;grafitowy;1,89 kg;1.89;59;15,8 × 6,9 × 13,5 cm;aluminium;Malezja;06.01.2026;TechStore;24 h;0.0;5901349133643;DEVOSTRO35-114;laptop, zasilacz, instrukcja;"Procesor: Intel Core i7-1355U | Ekran: 15,6"" 1920×1080 | System operacyjny: Windows 11 Pro";Dell Vostro 3520 to laptop z oferty TechStore. Produkt dostarczany jest w oryginalnym opakowaniu producenta i objęty pełną obsługą serwisową.;produkt.html?id=1379
1380;SMA-39714;Motorola Edge 50 Neo 6/128 GB;Smartfony;Motorola;1279.99;PLN;1279.99;Ostatnie sztuki;3.2;1191;10.01.2025;24 mies.;czarny;0,17 kg;0.17;1;41,4 × 4,4 × 24,6 cm;tworzywo sztuczne;Malezja;19.04.2023;TechStore;1–2 dni robocze;0.0;5908797640442;MOEDGE50NE-425;telefon, kabel USB-C, kluczyk do karty SIM;"Przekątna ekranu: 6,6"" | Aparat główny: 50 Mpx | Bateria: 5500 mAh";Motorola Edge 50 Neo to smartfon z oferty TechStore. Produkt dostarczany jest w oryginalnym opakowaniu producenta i objęty pełną obsługą serwisową.;produkt.html?id=1380
1381;SLU-15313;Logitech G435 czarne;Słuchawki;Logitech;1599.99;PLN;1599.99;Dostępny;3.2;275;06.07.2024;24 mies.;czarne;0,15 kg;0.15;57;15,5 × 10,9 × 17,8 cm;aluminium i tworzywo;Tajwan;18.03.2024;TechStore;24 h;0.0;5900274291653;LOG435-309;słuchawki, etui, kabel USB-C;Typ: douszne | Łączność: Bluetooth 5.3 | Czas pracy: 50 h;Logitech G435 to słuchawki z oferty TechStore. Produkt dostarczany jest w oryginalnym opakowaniu producenta i objęty pełną obsługą serwisową.;produkt.html?id=1381
1382;MON-55198;BenQ MOBIUZ EX2710Q;Monitory;BenQ;849.99;PLN;849.99;Dostępny;4.6;2025;20.08.2025;48 mies.;szary;3,58 kg;3.58;56;17,2 × 19,5 × 15,8 cm;tworzywo sztuczne;Wietnam;22.04.2025;TechStore;24 h;0.0;5905693629597;BEMOBIUZEX-499;monitor, podstawa, kabel zasilający, kabel HDMI;"Przekątna: 31,5"" | Rozdzielczość: 2560×1440 | Odświeżanie: 180 Hz";BenQ MOBIUZ EX2710Q to monitor z oferty TechStore. Produkt dostarczany jest w oryginalnym opakowaniu producenta i objęty pełną obsługą serwisową.;produkt.html?id=1382
1383;DRU-77821;Epson EcoTank L8050 + ryza papieru A4;Drukarki;Epson;889.99;PLN;889.99;Dostępny;4.4;415;21.06.2026;24 mies.;biały;10,12 kg;10.12;105;34,2 × 15,7 × 13,2 cm;tworzywo sztuczne;Tajlandia;07.02.2025;Partner: ElektroHurt;24 h;0.0;5908921838021;EPECOTANKL-151;drukarka, startowy materiał eksploatacyjny, kabel zasilający;Technologia druku: laserowa kolor | Prędkość druku: 34 str./min | Łączność: Wi-Fi, USB;Epson EcoTank L8050 to drukarka z oferty TechStore. Produkt dostarczany jest w oryginalnym opakowaniu producenta i objęty pełną obsługą serwisową.;produkt.html?id=1383
1384;AKC-70621;Razer Basilisk V3 grafitowy;Akcesoria;Razer;399.99;PLN;399.99;Na zamówienie;;1538;10.11.2025;brak informacji;grafitowy;0,79 kg;0.79;0;19,8 × 15,9 × 16,5 cm;aluminium i tworzywo;Chiny;17.09.2025;Partner: ElektroHurt;do 14 dni;0.0;5909557176267;RABASILISK-397;urządzenie, odbiornik/kabel, instrukcja;Łączność: bezprzewodowa 2,4 GHz | Zasilanie: akumulator | Kompatybilność: Windows, macOS, Linux;Razer Basilisk V3 to akcesorium komputerowe z oferty TechStore. Produkt dostarczany jest w oryginalnym opakowaniu producenta i objęty pełną obsługą serwisową.;produkt.html?id=1384
1385;LAP-51597;HP EliteBook 840 16/1 TB;Laptopy;HP;5069.99;PLN;5069.99;Niedostępny;4.3;2119;24.08.2026;brak informacji;grafitowy;2,19 kg;2.19;0;14,2 × 10,9 × 4,6 cm;aluminium;Chiny;02.10.2024;TechStore;brak terminu;0.0;5902205897818;HPELITEBOO-627;laptop, zasilacz, instrukcja;"Procesor: AMD Ryzen 5 7530U | Ekran: 15,6"" 1920×1080 | System operacyjny: Windows 11 Pro";HP EliteBook 840 to laptop z oferty TechStore. Produkt dostarczany jest w oryginalnym opakowaniu producenta i objęty pełną obsługą serwisową.;produkt.html?id=1385
1386;SMA-98045;Motorola Moto G84 6/128 GB;Smartfony;Motorola;4369.99;PLN;4369.99;Dostępny;3.2;1853;21.02.2024;24 mies.;srebrny;0,2 kg;0.2;105;21,9 × 27,1 × 9,7 cm;aluminium i tworzywo;Indie;05.08.2022;TechStore Outlet;24 h;0.0;5906587748238;MOMOTOG84-771;telefon, kabel USB-C, kluczyk do karty SIM;"Przekątna ekranu: 6,1"" | Aparat główny: 64 Mpx | Bateria: 4500 mAh";Motorola Moto G84 to smartfon z oferty TechStore. Produkt dostarczany jest w oryginalnym opakowaniu producenta i objęty pełną obsługą serwisową.;produkt.html?id=1386
1387;SLU-95524;JBL Tune 760NC beżowe;Słuchawki;JBL;187.96;USD;46.99;Ostatnie sztuki;4.8;977;07.03.2026;12 mies.;beżowe;0,06 kg;0.06;1;17,0 × 21,8 × 24,2 cm;aluminium i tworzywo;Tajwan;21.06.2024;TechStore;1–2 dni robocze;14.99;5905364042208;JBTUNE760N-293;słuchawki, etui, kabel USB-C;Typ: nauszne | Łączność: Bluetooth 5.3 | Czas pracy: 60 h;JBL Tune 760NC to słuchawki z oferty TechStore. Produkt dostarczany jest w oryginalnym opakowaniu producenta i objęty pełną obsługą serwisową.;produkt.html?id=1387
1388;MON-47328;LG 27GP850 + głośniki USB;Monitory;LG;2309.99;PLN;2309.99;Dostępny;4.3;873;31.07.2024;36 mies.;grafitowy;4,38 kg;4.38;105;19,7 × 35,0 × 8,4 cm;stal i tworzywo;Indie;17.01.2024;TechStore;24 h;0.0;5900905251951;LG27GP850-739;monitor, podstawa, kabel zasilający, kabel HDMI;"Przekątna: 23,8"" | Rozdzielczość: 1920×1080 | Odświeżanie: 165 Hz";LG 27GP850 to monitor z oferty TechStore. Produkt dostarczany jest w oryginalnym opakowaniu producenta i objęty pełną obsługą serwisową.;produkt.html?id=1388
1389;DRU-74494;Epson EcoTank L3270;Drukarki;Epson;389.99;PLN;389.99;Ostatnie sztuki;3.2;1350;19.01.2026;24 mies.;czarny;11,63 kg;11.63;3;12,6 × 11,2 × 2,0 cm;aluminium;Malezja;18.08.2025;TechStore;1–2 dni robocze;0.0;5900502210891;EPECOTANKL-761;drukarka, startowy materiał eksploatacyjny, kabel zasilający;Technologia druku: laserowa mono | Prędkość druku: 30 str./min | Łączność: USB;Epson EcoTank L3270 to drukarka z oferty TechStore. Produkt dostarczany jest w oryginalnym opakowaniu producenta i objęty pełną obsługą serwisową.;produkt.html?id=1389
1390;AKC-55494;Logitech K380 biały;Akcesoria;Logitech;730.96;EUR;169.99;Dostępny;4.4;648;06.02.2025;24 mies.;biały;0,33 kg;0.33;58;23,8 × 12,0 × 18,2 cm;aluminium i tworzywo;Tajlandia;12.06.2023;Partner: ElektroHurt;24 h;0.0;5903993073941;LOK380-389;urządzenie, odbiornik/kabel, instrukcja;Łączność: Bluetooth | Zasilanie: bateria AA | Kompatybilność: Windows;Logitech K380 to akcesorium komputerowe z oferty TechStore. Produkt dostarczany jest w oryginalnym opakowaniu producenta i objęty pełną obsługą serwisową.;produkt.html?id=1390
1391;LAP-95290;Acer Nitro V15 16/512 GB;Laptopy;Acer;7719.99;PLN;7719.99;Dostępny;3.9;2317;06.07.2024;24 mies.;czarny;2,17 kg;2.17;104;22,4 × 40,1 × 11,9 cm;stal i tworzywo;Tajwan;14.06.2023;TechStore Outlet;24 h;0.0;5900994454317;ACNITROV15-102;laptop, zasilacz, instrukcja;"Procesor: Intel Core i5-1335U | Ekran: 16"" 2560×1600 | System operacyjny: Windows 11 Pro";Acer Nitro V15 to laptop z oferty TechStore. Produkt dostarczany jest w oryginalnym opakowaniu producenta i objęty pełną obsługą serwisową.;produkt.html?id=1391
1392;SMA-93333;Google Pixel 9 8/256 GB;Smartfony;Google;1379.99;PLN;1379.99;Dostępny;3.5;460;12.05.2024;36 mies.;biały;0,19 kg;0.19;91;10,9 × 7,7 × 6,5 cm;aluminium;Malezja;10.07.2023;TechStore;24 h;0.0;5901755685264;GOPIXEL9-583;telefon, kabel USB-C, kluczyk do karty SIM;"Przekątna ekranu: 6,1"" | Aparat główny: 64 Mpx | Bateria: 4500 mAh";Google Pixel 9 to smartfon z oferty TechStore. Produkt dostarczany jest w oryginalnym opakowaniu producenta i objęty pełną obsługą serwisową.;produkt.html?id=1392
1393;SLU-66811;Sennheiser HD 450BT białe;Słuchawki;Sennheiser;1489.99;PLN;1489.99;Dostępny;3.1;1123;10.06.2024;12 mies.;białe;0,27 kg;0.27;64;58,9 × 15,2 × 21,1 cm;stal i tworzywo;Tajwan;20.09.2023;TechStore;24 h;0.0;5904760884973;SEHD450BT-136;słuchawki, etui, kabel USB-C;Typ: douszne | Łączność: Bluetooth 5.3 | Czas pracy: 60 h;Sennheiser HD 450BT to słuchawki z oferty TechStore. Produkt dostarczany jest w oryginalnym opakowaniu producenta i objęty pełną obsługą serwisową.;produkt.html?id=1393
1394;MON-40470;AOC Q27G3XMN;Monitory;AOC;1589.99;PLN;1589.99;Dostępny;;148;03.11.2025;48 mies.;niebieski;4,23 kg;4.23;58;19,3 × 4,1 × 17,0 cm;aluminium;Malezja;13.12.2023;TechStore;24 h;0.0;5901211153527;AOQ27G3XMN-633;monitor, podstawa, kabel zasilający, kabel HDMI;"Przekątna: 31,5"" | Rozdzielczość: 3840×2160 | Odświeżanie: 75 Hz";AOC Q27G3XMN to monitor z oferty TechStore. Produkt dostarczany jest w oryginalnym opakowaniu producenta i objęty pełną obsługą serwisową.;produkt.html?id=1394
1395;DRU-91656;Canon PIXMA G650;Drukarki;Canon;2349.99;PLN;2349.99;Dostępny;3.6;1667;24.01.2026;36 mies.;czarny;8,53 kg;8.53;7;51,4 × 30,3 × 4,2 cm;stal i tworzywo;Wietnam;19.07.2025;TechStore Outlet;24 h;0.0;5905669610444;CAPIXMAG65-100;drukarka, startowy materiał eksploatacyjny, kabel zasilający;Technologia druku: laserowa mono | Prędkość druku: 34 str./min | Łączność: Wi-Fi, USB;Canon PIXMA G650 to drukarka z oferty TechStore. Produkt dostarczany jest w oryginalnym opakowaniu producenta i objęty pełną obsługą serwisową.;produkt.html?id=1395
1396;AKC-32628;Razer Basilisk V3 różowy;Akcesoria;Razer;169.99;PLN;169.99;Dostępny;4.0;2238;27.04.2025;24 mies.;różowy;0,11 kg;0.11;79;31,8 × 39,8 × 12,7 cm;tworzywo sztuczne;Wietnam;02.09.2024;TechStore Outlet;24 h;14.99;5901531014504;RABASILISK-664;urządzenie, odbiornik/kabel, instrukcja;Łączność: Bluetooth | Zasilanie: akumulator | Kompatybilność: Windows;Razer Basilisk V3 to akcesorium komputerowe z oferty TechStore. Produkt dostarczany jest w oryginalnym opakowaniu producenta i objęty pełną obsługą serwisową.;produkt.html?id=1396
1397;LAP-30664;HP Pavilion 15 32/2 TB;Laptopy;HP;5749.99;PLN;5749.99;Na zamówienie;4.8;2220;26.09.2025;24 mies.;czarny;1,65 kg;1.65;0;39,6 × 32,8 × 7,1 cm;aluminium;Tajwan;30.04.2024;TechStore;do 14 dni;0.0;5905181289048;HPPAVILION-925;laptop, zasilacz, instrukcja;"Procesor: AMD Ryzen 7 7735HS | Ekran: 15,6"" 1920×1080 | System operacyjny: bez systemu";HP Pavilion 15 to laptop z oferty TechStore. Produkt dostarczany jest w oryginalnym opakowaniu producenta i objęty pełną obsługą serwisową.;produkt.html?id=1397
1398;SMA-19407;Xiaomi Poco X6 8/128 GB;Smartfony;Xiaomi;2809.99;PLN;2809.99;Niedostępny;4.7;2243;04.12.2024;24 mies.;czarny;0,18 kg;0.18;0;34,0 × 6,5 × 5,6 cm;aluminium;Wietnam;30.05.2024;Partner: ElektroHurt;brak terminu;0.0;5906125392462;XIPOCOX6-601;telefon, kabel USB-C, kluczyk do karty SIM;"Przekątna ekranu: 6,7"" | Aparat główny: 64 Mpx | Bateria: 4500 mAh";Xiaomi Poco X6 to smartfon z oferty TechStore. Produkt dostarczany jest w oryginalnym opakowaniu producenta i objęty pełną obsługą serwisową.;produkt.html?id=1398
1399;SLU-34692;Sennheiser Accentum beżowe;Słuchawki;Sennheiser;1789.99;PLN;1789.99;Dostępny;4.5;717;05.12.2025;12 mies.;beżowe;0,09 kg;0.09;35;35,4 × 27,1 × 12,7 cm;aluminium i tworzywo;Tajlandia;12.04.2024;Partner: ElektroHurt;24 h;0.0;5904297040990;SEACCENTUM-339;słuchawki, etui, kabel USB-C;Typ: nauszne | Łączność: Bluetooth 5.2 | Czas pracy: 30 h;Sennheiser Accentum to słuchawki z oferty TechStore. Produkt dostarczany jest w oryginalnym opakowaniu producenta i objęty pełną obsługą serwisową.;produkt.html?id=1399
1400;MON-43313;iiyama ProLite XUB2493 + uchwyt VESA;Monitory;iiyama;869.99;PLN;869.99;Dostępny;3.4;2100;18.10.2024;48 mies.;grafitowy;4,93 kg;4.93;63;31,7 × 38,4 × 16,9 cm;stal i tworzywo;Malezja;03.07.2023;TechStore Outlet;24 h;0.0;5909419235172;IIPROLITEX-842;monitor, podstawa, kabel zasilający, kabel HDMI;"Przekątna: 31,5"" | Rozdzielczość: 3840×2160 | Odświeżanie: 75 Hz";iiyama ProLite XUB2493 to monitor z oferty TechStore. Produkt dostarczany jest w oryginalnym opakowaniu producenta i objęty pełną obsługą serwisową.;produkt.html?id=1400
1401;DRU-63781;Brother HL-L2445DW + etui na dokumenty;Drukarki;Brother;439.99;PLN;439.99;Na zamówienie;3.1;122;14.10.2024;24 mies.;grafitowy;11,82 kg;11.82;0;43,8 × 33,0 × 23,7 cm;tworzywo sztuczne;Indie;03.11.2023;TechStore;do 14 dni;0.0;5904354496823;BRHLL2445D-377;drukarka, startowy materiał eksploatacyjny, kabel zasilający;Technologia druku: atramentowa kolor | Prędkość druku: 20 str./min | Łączność: Wi-Fi, LAN, USB;Brother HL-L2445DW to drukarka z oferty TechStore. Produkt dostarczany jest w oryginalnym opakowaniu producenta i objęty pełną obsługą serwisową.;produkt.html?id=1401
1402;AKC-43616;Trust Ozaa różowy;Akcesoria;Trust;419.99;PLN;419.99;Niedostępny;4.0;2245;30.06.2026;24 mies.;różowy;0,25 kg;0.25;0;9,6 × 35,4 × 24,3 cm;aluminium i tworzywo;Tajlandia;25.02.2026;Partner: ElektroHurt;brak terminu;0.0;5905093941618;TROZAA-633;urządzenie, odbiornik/kabel, instrukcja;Łączność: bezprzewodowa 2,4 GHz | Zasilanie: bateria AA | Kompatybilność: Windows, macOS;Trust Ozaa to akcesorium komputerowe z oferty TechStore. Produkt dostarczany jest w oryginalnym opakowaniu producenta i objęty pełną obsługą serwisową.;produkt.html?id=1402
1403;LAP-80749;HP EliteBook 840 32/1 TB;Laptopy;HP;4239.96;USD;1059.99;Niedostępny;;1613;09.07.2026;24 mies.;niebieski;1,92 kg;1.92;0;48,7 × 24,5 × 1,3 cm;stal i tworzywo;Tajwan;11.06.2025;TechStore Outlet;brak terminu;0.0;5906072061877;HPELITEBOO-298;laptop, zasilacz, instrukcja;"Procesor: AMD Ryzen 5 7530U | Ekran: 14"" 1920×1200 | System operacyjny: bez systemu";HP EliteBook 840 to laptop z oferty TechStore. Produkt dostarczany jest w oryginalnym opakowaniu producenta i objęty pełną obsługą serwisową.;produkt.html?id=1403
1404;SMA-32091;Google Pixel 8a 6/128 GB;Smartfony;Google;1689.99;PLN;1689.99;Ostatnie sztuki;3.7;1437;22.08.2026;24 mies.;grafitowy;0,2 kg;0.2;4;18,2 × 42,0 × 7,6 cm;aluminium;Indie;19.10.2024;TechStore;1–2 dni robocze;0.0;5900551631005;GOPIXEL8A-566;telefon, kabel USB-C, kluczyk do karty SIM;"Przekątna ekranu: 6,1"" | Aparat główny: 64 Mpx | Bateria: 4500 mAh";Google Pixel 8a to smartfon z oferty TechStore. Produkt dostarczany jest w oryginalnym opakowaniu producenta i objęty pełną obsługą serwisową.;produkt.html?id=1404
1405;SLU-66645;Logitech G435 niebieskie;Słuchawki;Logitech;1459.99;PLN;1459.99;Ostatnie sztuki;3.6;1857;05.04.2026;12 mies.;niebieskie;0,14 kg;0.14;1;25,0 × 5,1 × 19,6 cm;stal i tworzywo;Chiny;27.05.2025;Partner: ElektroHurt;1–2 dni robocze;0.0;5902531796179;LOG435-179;słuchawki, etui, kabel USB-C;Typ: douszne | Łączność: Bluetooth 5.2 | Czas pracy: 30 h;Logitech G435 to słuchawki z oferty TechStore. Produkt dostarczany jest w oryginalnym opakowaniu producenta i objęty pełną obsługą serwisową.;produkt.html?id=1405
1406;MON-42672;LG 32UN650 + uchwyt VESA;Monitory;LG;2979.96;USD;744.99;Na zamówienie;4.3;2073;06.02.2026;48 mies.;biały;5,55 kg;5.55;0;26,0 × 27,3 × 3,8 cm;aluminium;Indie;13.12.2025;TechStore;do 14 dni;0.0;5903073258491;LG32UN650-372;monitor, podstawa, kabel zasilający, kabel HDMI;"Przekątna: 31,5"" | Rozdzielczość: 1920×1080 | Odświeżanie: 75 Hz";LG 32UN650 to monitor z oferty TechStore. Produkt dostarczany jest w oryginalnym opakowaniu producenta i objęty pełną obsługą serwisową.;produkt.html?id=1406
1407;DRU-72420;Canon PIXMA G650 + etui na dokumenty;Drukarki;Canon;1569.99;PLN;1569.99;Niedostępny;3.9;232;19.04.2024;24 mies.;srebrny;13,58 kg;13.58;0;5,3 × 27,6 × 19,8 cm;tworzywo sztuczne;Chiny;22.08.2022;TechStore Outlet;brak terminu;0.0;5908830677555;CAPIXMAG65-380;drukarka, startowy materiał eksploatacyjny, kabel zasilający;Technologia druku: laserowa kolor | Prędkość druku: 20 str./min | Łączność: Wi-Fi, USB;Canon PIXMA G650 to drukarka z oferty TechStore. Produkt dostarczany jest w oryginalnym opakowaniu producenta i objęty pełną obsługą serwisową.;produkt.html?id=1407
1408;AKC-94673;Trust GXT 922 Ybar różowy;Akcesoria;Trust;489.99;PLN;489.99;Niedostępny;3.1;1522;08.04.2024;24 mies.;różowy;0,17 kg;0.17;0;25,4 × 32,4 × 6,4 cm;tworzywo sztuczne;Chiny;11.11.2023;TechStore Outlet;brak terminu;0.0;5900458864846;TRGXT922YB-504;urządzenie, odbiornik/kabel, instrukcja;Łączność: przewodowa USB | Zasilanie: z kabla USB | Kompatybilność: Windows, macOS;Trust GXT 922 Ybar to akcesorium komputerowe z oferty TechStore. Produkt dostarczany jest w oryginalnym opakowaniu producenta i objęty pełną obsługą serwisową.;produkt.html?id=1408
1409;LAP-39000;HP EliteBook 840 32/2 TB;Laptopy;HP;6439.99;PLN;6439.99;Dostępny;4.6;91;03.06.2025;36 mies.;srebrny;1,29 kg;1.29;52;14,7 × 17,3 × 19,6 cm;tworzywo sztuczne;Indie;05.03.2024;TechStore Outlet;24 h;0.0;5908712916094;HPELITEBOO-230;laptop, zasilacz, instrukcja;"Procesor: AMD Ryzen 5 7530U | Ekran: 14"" 1920×1200 | System operacyjny: Windows 11 Home";HP EliteBook 840 to laptop z oferty TechStore. Produkt dostarczany jest w oryginalnym opakowaniu producenta i objęty pełną obsługą serwisową.;produkt.html?id=1409
1410;SMA-73601;Xiaomi Poco X6 8/256 GB;Smartfony;Xiaomi;2949.99;PLN;2949.99;Niedostępny;4.2;449;29.06.2024;24 mies.;niebieski;0,19 kg;0.19;0;7,3 × 23,6 × 12,3 cm;tworzywo sztuczne;Wietnam;05.04.2023;TechStore;brak terminu;0.0;5900358243424;XIPOCOX6-585;telefon, kabel USB-C, kluczyk do karty SIM;"Przekątna ekranu: 6,1"" | Aparat główny: 108 Mpx | Bateria: 5500 mAh";Xiaomi Poco X6 to smartfon z oferty TechStore. Produkt dostarczany jest w oryginalnym opakowaniu producenta i objęty pełną obsługą serwisową.;produkt.html?id=1410
1411;SLU-35545;Sony WH-CH720N białe;Słuchawki;Sony;1409.99;PLN;1409.99;Dostępny;4.3;546;04.06.2025;brak informacji;białe;0,12 kg;0.12;17;39,3 × 27,5 × 13,7 cm;aluminium i tworzywo;Indie;13.06.2024;TechStore Outlet;24 h;0.0;5904842571618;SOWHCH720N-265;słuchawki, etui, kabel USB-C;Typ: dokanałowe | Łączność: Bluetooth 5.2 | Czas pracy: 60 h;Sony WH-CH720N to słuchawki z oferty TechStore. Produkt dostarczany jest w oryginalnym opakowaniu producenta i objęty pełną obsługą serwisową.;produkt.html?id=1411
1412;MON-39440;AOC Q27G3XMN + uchwyt VESA;Monitory;AOC;759.99;PLN;759.99;Na zamówienie;4.4;865;28.08.2024;48 mies.;niebieski;6,28 kg;6.28;0;6,4 × 3,6 × 7,9 cm;aluminium i tworzywo;Indie;15.07.2023;Partner: ElektroHurt;do 14 dni;0.0;5905811185213;AOQ27G3XMN-580;monitor, podstawa, kabel zasilający, kabel HDMI;"Przekątna: 23,8"" | Rozdzielczość: 3840×2160 | Odświeżanie: 165 Hz";AOC Q27G3XMN to monitor z oferty TechStore. Produkt dostarczany jest w oryginalnym opakowaniu producenta i objęty pełną obsługą serwisową.;produkt.html?id=1412
1413;DRU-10274;Brother DCP-L2620DW + etui na dokumenty;Drukarki;Brother;1329.99;PLN;1329.99;Dostępny;3.3;1778;26.06.2024;24 mies.;grafitowy;11,43 kg;11.43;41;21,7 × 10,5 × 3,4 cm;tworzywo sztuczne;Chiny;14.09.2022;Partner: ElektroHurt;24 h;0.0;5906147652755;BRDCPL2620-936;drukarka, startowy materiał eksploatacyjny, kabel zasilający;Technologia druku: atramentowa kolor | Prędkość druku: 30 str./min | Łączność: Wi-Fi, LAN, USB;Brother DCP-L2620DW to drukarka z oferty TechStore. Produkt dostarczany jest w oryginalnym opakowaniu producenta i objęty pełną obsługą serwisową.;produkt.html?id=1413
1414;AKC-37155;Logitech MX Keys S grafitowy;Akcesoria;Logitech;379.99;PLN;379.99;Ostatnie sztuki;3.2;207;15.03.2025;brak informacji;grafitowy;0,24 kg;0.24;3;15,9 × 14,7 × 19,7 cm;tworzywo sztuczne;Tajwan;25.09.2024;Partner: ElektroHurt;1–2 dni robocze;0.0;5907619576457;LOMXKEYSS-852;urządzenie, odbiornik/kabel, instrukcja;Łączność: przewodowa USB | Zasilanie: akumulator | Kompatybilność: Windows, macOS, Linux;Logitech MX Keys S to akcesorium komputerowe z oferty TechStore. Produkt dostarczany jest w oryginalnym opakowaniu producenta i objęty pełną obsługą serwisową.;produkt.html?id=1414
1415;LAP-51966;Acer Swift Go 14 32/1 TB;Laptopy;Acer;4419.99;PLN;4419.99;Dostępny;4.5;1581;02.10.2024;24 mies.;grafitowy;2,32 kg;2.32;42;13,6 × 29,7 × 22,9 cm;aluminium;Tajlandia;06.08.2024;TechStore Outlet;24 h;0.0;5907996733923;ACSWIFTGO1-608;laptop, zasilacz, instrukcja;"Procesor: Intel Core i5-1335U | Ekran: 15,6"" 1920×1080 | System operacyjny: bez systemu";Acer Swift Go 14 to laptop z oferty TechStore. Produkt dostarczany jest w oryginalnym opakowaniu producenta i objęty pełną obsługą serwisową.;produkt.html?id=1415
1416;SMA-26293;Samsung Galaxy A35 6/128 GB;Smartfony;Samsung;1709.99;PLN;1709.99;Dostępny;4.4;1721;07.06.2025;24 mies.;srebrny;0,18 kg;0.18;17;8,2 × 3,9 × 2,1 cm;aluminium i tworzywo;Malezja;27.02.2024;TechStore;24 h;0.0;5908844244432;SAGALAXYA3-742;telefon, kabel USB-C, kluczyk do karty SIM;"Przekątna ekranu: 6,6"" | Aparat główny: 108 Mpx | Bateria: 4500 mAh";Samsung Galaxy A35 to smartfon z oferty TechStore. Produkt dostarczany jest w oryginalnym opakowaniu producenta i objęty pełną obsługą serwisową.;produkt.html?id=1416
1417;SLU-70381;Jabra Elite 85t niebieskie;Słuchawki;Jabra;1789.99;PLN;1789.99;Dostępny;4.4;1629;06.04.2024;brak informacji;niebieskie;0,17 kg;0.17;82;14,7 × 15,8 × 13,9 cm;stal i tworzywo;Malezja;07.11.2023;Partner: ElektroHurt;24 h;0.0;5900309685604;JAELITE85T-890;słuchawki, etui, kabel USB-C;Typ: nauszne | Łączność: Bluetooth 5.2 | Czas pracy: 50 h;Jabra Elite 85t to słuchawki z oferty TechStore. Produkt dostarczany jest w oryginalnym opakowaniu producenta i objęty pełną obsługą serwisową.;produkt.html?id=1417
1418;MON-19305;BenQ GW2785TC;Monitory;BenQ;529.99;PLN;529.99;Niedostępny;3.8;2294;17.01.2026;36 mies.;grafitowy;6,86 kg;6.86;0;55,6 × 22,5 × 12,6 cm;stal i tworzywo;Tajlandia;18.07.2025;Partner: ElektroHurt;brak terminu;0.0;5908209522232;BEGW2785TC-735;monitor, podstawa, kabel zasilający, kabel HDMI;"Przekątna: 31,5"" | Rozdzielczość: 1920×1080 | Odświeżanie: 75 Hz";BenQ GW2785TC to monitor z oferty TechStore. Produkt dostarczany jest w oryginalnym opakowaniu producenta i objęty pełną obsługą serwisową.;produkt.html?id=1418
1419;DRU-22702;HP LaserJet M110we + kabel USB;Drukarki;HP;1728.56;EUR;401.99;Na zamówienie;3.3;45;11.06.2024;24 mies.;niebieski;6,33 kg;6.33;0;41,8 × 32,4 × 11,9 cm;aluminium i tworzywo;Tajwan;15.07.2022;TechStore;do 14 dni;0.0;5907893637923;HPLASERJET-739;drukarka, startowy materiał eksploatacyjny, kabel zasilający;Technologia druku: laserowa mono | Prędkość druku: 34 str./min | Łączność: Wi-Fi, USB;HP LaserJet M110we to drukarka z oferty TechStore. Produkt dostarczany jest w oryginalnym opakowaniu producenta i objęty pełną obsługą serwisową.;produkt.html?id=1419
1420;AKC-57877;Razer DeathAdder V3 grafitowy;Akcesoria;Razer;599.99;PLN;599.99;Dostępny;3.6;343;17.08.2026;24 mies.;grafitowy;0,86 kg;0.86;15;18,6 × 34,0 × 3,8 cm;aluminium;Malezja;16.09.2025;TechStore;24 h;0.0;5906312173602;RADEATHADD-666;urządzenie, odbiornik/kabel, instrukcja;Łączność: bezprzewodowa 2,4 GHz | Zasilanie: bateria AA | Kompatybilność: Windows, macOS;Razer DeathAdder V3 to akcesorium komputerowe z oferty TechStore. Produkt dostarczany jest w oryginalnym opakowaniu producenta i objęty pełną obsługą serwisową.;produkt.html?id=1420
