id;sku;nazwa;kategoria;producent;cena_pln;waluta;cena_oryginalna;cena_poprzednia_pln;czy_promocja;ocena;liczba_opinii;dostepnosc;stan_magazynowy;waga_kg;kolor;wymiary;material;data_dodania;data_premiery;gwarancja_miesiace;gwarancja_opis;czas_dostawy;koszt_dostawy_pln;sprzedawca;ean;numer_katalogowy;kraj_pochodzenia;zawartosc_zestawu;specyfikacja;opis;link
1001;LAP-92315;Dell Inspiron 15 8/256 GB;Laptopy;Dell;5429.99;PLN;5429.99;;False;4.0;21;Na zamówienie;0;1.43;niebieski;33,9 × 38,7 × 17,7 cm;aluminium i tworzywo;2024-11-15;2023-09-10;24;24 mies.;do 14 dni;0.0;TechStore;5906021458421;DEINSPIRON-118;Tajlandia;laptop, zasilacz, instrukcja;"Procesor: AMD Ryzen 7 7735HS | Ekran: 16"" 2560×1600 | System operacyjny: bez systemu";Dell Inspiron 15 to laptop z oferty TechStore. Produkt dostarczany jest w oryginalnym opakowaniu producenta i objęty pełną obsługą serwisową.;produkt.html?id=1001
1002;SMA-61014;Nokia X30 6/128 GB;Smartfony;Nokia;3779.99;PLN;3779.99;;False;;170;Dostępny;75;0.17;niebieski;39,3 × 38,6 × 16,5 cm;stal i tworzywo;2024-03-28;2022-09-17;36;36 mies.;24 h;0.0;TechStore;5903244845263;NOX30-864;Wietnam;telefon, kabel USB-C, kluczyk do karty SIM;"Przekątna ekranu: 6,1"" | Aparat główny: 64 Mpx | Bateria: 5000 mAh";Nokia X30 to smartfon z oferty TechStore. Produkt dostarczany jest w oryginalnym opakowaniu producenta i objęty pełną obsługą serwisową.;produkt.html?id=1002
1003;SLU-94332;Logitech G435 zielone;Słuchawki;Logitech;1039.99;PLN;1039.99;;False;3.8;1507;Na zamówienie;0;0.31;zielone;52,9 × 33,5 × 10,1 cm;aluminium i tworzywo;2025-11-14;2024-10-24;12;12 mies.;do 14 dni;0.0;TechStore;5903829932157;LOG435-209;Indie;słuchawki, etui, kabel USB-C;Typ: douszne | Łączność: Bluetooth 5.2 | Czas pracy: 30 h;Logitech G435 to słuchawki z oferty TechStore. Produkt dostarczany jest w oryginalnym opakowaniu producenta i objęty pełną obsługą serwisową.;produkt.html?id=1003
1004;MON-20819;Dell P2723DE + kabel DisplayPort;Monitory;Dell;1889.99;PLN;1889.99;;False;5.0;2026;Ostatnie sztuki;1;5.89;biały;13,9 × 36,9 × 6,3 cm;aluminium i tworzywo;2026-07-28;2024-11-01;36;36 mies.;1–2 dni robocze;0.0;Partner: ElektroHurt;5903256885576;DEP2723DE-421;Wietnam;monitor, podstawa, kabel zasilający, kabel HDMI;"Przekątna: 27"" | Rozdzielczość: 1920×1080 | Odświeżanie: 144 Hz";Dell P2723DE to monitor z oferty TechStore. Produkt dostarczany jest w oryginalnym opakowaniu producenta i objęty pełną obsługą serwisową.;produkt.html?id=1004
1005;DRU-25446;Brother HL-L2445DW + kabel USB;Drukarki;Brother;1299.99;PLN;1299.99;;False;4.7;1820;Ostatnie sztuki;3;8.63;srebrny;39,5 × 19,8 × 14,2 cm;aluminium i tworzywo;2024-10-01;2023-09-23;24;24 mies.;1–2 dni robocze;0.0;Partner: ElektroHurt;5908435281449;BRHLL2445D-569;Indie;drukarka, startowy materiał eksploatacyjny, kabel zasilający;Technologia druku: laserowa mono | Prędkość druku: 34 str./min | Łączność: Wi-Fi, LAN, USB;Brother HL-L2445DW to drukarka z oferty TechStore. Produkt dostarczany jest w oryginalnym opakowaniu producenta i objęty pełną obsługą serwisową.;produkt.html?id=1005
1006;AKC-37513;Logitech G502 X czarny;Akcesoria;Logitech;819.99;PLN;819.99;;False;4.3;245;Niedostępny;0;0.69;czarny;47,6 × 23,0 × 22,3 cm;aluminium i tworzywo;2026-02-21;2025-06-11;24;24 mies.;brak terminu;0.0;TechStore;5902048425996;LOG502X-952;Chiny;urządzenie, odbiornik/kabel, instrukcja;Łączność: Bluetooth | Zasilanie: bateria AA | Kompatybilność: Windows;Logitech G502 X to akcesorium komputerowe z oferty TechStore. Produkt dostarczany jest w oryginalnym opakowaniu producenta i objęty pełną obsługą serwisową.;produkt.html?id=1006
1150;AKC-88811;Trust Ozaa czarny;Akcesoria;Trust;129.99;PLN;129.99;;False;4.0;126;Dostępny;89;0.51;czarny;24,7 × 17,3 × 7,9 cm;stal i tworzywo;2026-05-12;2025-10-06;36;36 mies.;24 h;14.99;TechStore;5902119749635;TROZAA-462;Wietnam;urządzenie, odbiornik/kabel, instrukcja;Łączność: bezprzewodowa 2,4 GHz | Zasilanie: akumulator | Kompatybilność: Windows, macOS, Linux;Trust Ozaa to akcesorium komputerowe z oferty TechStore. Produkt dostarczany jest w oryginalnym opakowaniu producenta i objęty pełną obsługą serwisową.;produkt.html?id=1150
1007;LAP-92597;ASUS TUF Gaming A15 8/256 GB;Laptopy;ASUS;7149.99;PLN;7149.99;8050.99;True;4.2;768;Ostatnie sztuki;3;1.53;czarny;27,4 × 24,9 × 15,1 cm;tworzywo sztuczne;2025-06-11;2024-08-08;36;36 mies.;1–2 dni robocze;0.0;TechStore;5901253739241;ASTUFGAMIN-681;Chiny;laptop, zasilacz, instrukcja;"Procesor: AMD Ryzen 7 7735HS | Ekran: 14"" 1920×1200 | System operacyjny: Windows 11 Home";ASUS TUF Gaming A15 to laptop z oferty TechStore. Produkt dostarczany jest w oryginalnym opakowaniu producenta i objęty pełną obsługą serwisową.;produkt.html?id=1007
1008;SMA-55030;Xiaomi Redmi Note 13 12/256 GB;Smartfony;Xiaomi;2789.99;PLN;2789.99;3591.99;True;4.3;1045;Ostatnie sztuki;3;0.21;biały;19,3 × 38,4 × 10,6 cm;tworzywo sztuczne;2025-11-04;2024-08-11;24;24 mies.;1–2 dni robocze;0.0;TechStore;5904072075473;XIREDMINOT-476;Tajlandia;telefon, kabel USB-C, kluczyk do karty SIM;"Przekątna ekranu: 6,1"" | Aparat główny: 108 Mpx | Bateria: 5000 mAh";Xiaomi Redmi Note 13 to smartfon z oferty TechStore. Produkt dostarczany jest w oryginalnym opakowaniu producenta i objęty pełną obsługą serwisową.;produkt.html?id=1008
1009;SLU-96580;JBL Tune Beam zielone;Słuchawki;JBL;1169.99;PLN;1169.99;;False;3.4;2302;Na zamówienie;0;0.19;zielone;28,0 × 38,9 × 4,0 cm;tworzywo sztuczne;2024-11-28;2024-06-12;12;12 mies.;do 14 dni;0.0;Partner: ElektroHurt;5904886193073;JBTUNEBEAM-314;Wietnam;słuchawki, etui, kabel USB-C;Typ: dokanałowe | Łączność: Bluetooth 5.3 + jack 3,5 mm | Czas pracy: 50 h;JBL Tune Beam to słuchawki z oferty TechStore. Produkt dostarczany jest w oryginalnym opakowaniu producenta i objęty pełną obsługą serwisową.;produkt.html?id=1009
1010;MON-89530;iiyama G-Master GB2770 + uchwyt VESA;Monitory;iiyama;1409.99;PLN;1409.99;;False;;2346;Niedostępny;0;4.07;szary;14,4 × 5,3 × 5,5 cm;tworzywo sztuczne;2025-07-06;2023-11-25;36;36 mies.;brak terminu;0.0;Partner: ElektroHurt;5900442248527;IIGMASTERG-272;Malezja;monitor, podstawa, kabel zasilający, kabel HDMI;"Przekątna: 23,8"" | Rozdzielczość: 2560×1440 | Odświeżanie: 144 Hz";iiyama G-Master GB2770 to monitor z oferty TechStore. Produkt dostarczany jest w oryginalnym opakowaniu producenta i objęty pełną obsługą serwisową.;produkt.html?id=1010
1011;DRU-29090;Xerox B230 + etui na dokumenty;Drukarki;Xerox;1459.99;PLN;1459.99;1794.99;True;;387;Ostatnie sztuki;1;14.05;niebieski;51,1 × 13,1 × 16,9 cm;stal i tworzywo;2024-06-07;2023-11-28;24;24 mies.;1–2 dni robocze;0.0;TechStore Outlet;5904502831663;XEB230-953;Tajwan;drukarka, startowy materiał eksploatacyjny, kabel zasilający;Technologia druku: laserowa kolor | Prędkość druku: 30 str./min | Łączność: USB;Xerox B230 to drukarka z oferty TechStore. Produkt dostarczany jest w oryginalnym opakowaniu producenta i objęty pełną obsługą serwisową.;produkt.html?id=1011
1012;AKC-83271;Logitech MX Master 3S niebieski;Akcesoria;Logitech;429.99;PLN;429.99;;False;4.8;864;Dostępny;16;0.9;niebieski;54,4 × 43,6 × 11,3 cm;tworzywo sztuczne;2025-10-06;2024-11-16;;brak;24 h;0.0;TechStore Outlet;5903115921236;LOMXMASTER-293;Indie;urządzenie, odbiornik/kabel, instrukcja;Łączność: Bluetooth | Zasilanie: akumulator | Kompatybilność: Windows, macOS, Linux;Logitech MX Master 3S to akcesorium komputerowe z oferty TechStore. Produkt dostarczany jest w oryginalnym opakowaniu producenta i objęty pełną obsługą serwisową.;produkt.html?id=1012
1013;LAP-24085;Acer Swift Go 14 32/2 TB;Laptopy;Acer;2349.99;PLN;2349.99;;False;3.5;1470;Dostępny;76;2.38;grafitowy;50,3 × 25,1 × 13,7 cm;aluminium;2025-05-14;2025-03-07;24;24 mies.;24 h;0.0;TechStore Outlet;5909908541775;ACSWIFTGO1-659;Wietnam;laptop, zasilacz, instrukcja;"Procesor: Intel Core i5-1335U | Ekran: 16"" 2560×1600 | System operacyjny: Windows 11 Home";Acer Swift Go 14 to laptop z oferty TechStore. Produkt dostarczany jest w oryginalnym opakowaniu producenta i objęty pełną obsługą serwisową.;produkt.html?id=1013
1014;SMA-85363;Nokia X30 8/128 GB;Smartfony;Nokia;969.99;PLN;969.99;;False;4.0;89;Ostatnie sztuki;4;0.21;biały;58,4 × 34,6 × 13,5 cm;aluminium i tworzywo;2026-03-29;2025-04-19;24;24 mies.;1–2 dni robocze;0.0;TechStore;5902016128400;NOX30-866;Indie;telefon, kabel USB-C, kluczyk do karty SIM;"Przekątna ekranu: 6,6"" | Aparat główny: 64 Mpx | Bateria: 5000 mAh";Nokia X30 to smartfon z oferty TechStore. Produkt dostarczany jest w oryginalnym opakowaniu producenta i objęty pełną obsługą serwisową.;produkt.html?id=1014
1015;SLU-42665;Sennheiser Accentum czarne;Słuchawki;Sennheiser;1329.99;PLN;1329.99;1505.99;True;;465;Dostępny;61;0.05;czarne;30,1 × 8,9 × 6,8 cm;aluminium i tworzywo;2025-03-04;2023-06-19;24;24 mies.;24 h;0.0;Partner: ElektroHurt;5907967807360;SEACCENTUM-642;Wietnam;słuchawki, etui, kabel USB-C;Typ: nauszne | Łączność: Bluetooth 5.2 | Czas pracy: 40 h;Sennheiser Accentum to słuchawki z oferty TechStore. Produkt dostarczany jest w oryginalnym opakowaniu producenta i objęty pełną obsługą serwisową.;produkt.html?id=1015
1016;MON-32290;Dell U2424H + uchwyt VESA;Monitory;Dell;2879.99;PLN;2879.99;;False;4.6;432;Dostępny;56;3.55;grafitowy;13,4 × 41,3 × 6,2 cm;aluminium;2025-08-23;2024-07-25;36;36 mies.;24 h;0.0;TechStore;5900330428451;DEU2424H-361;Malezja;monitor, podstawa, kabel zasilający, kabel HDMI;"Przekątna: 31,5"" | Rozdzielczość: 2560×1440 | Odświeżanie: 75 Hz";Dell U2424H to monitor z oferty TechStore. Produkt dostarczany jest w oryginalnym opakowaniu producenta i objęty pełną obsługą serwisową.;produkt.html?id=1016
1017;DRU-16162;Canon PIXMA TS5350i;Drukarki;Canon;2409.99;PLN;2409.99;;False;3.4;268;Niedostępny;0;14.72;srebrny;32,9 × 25,7 × 12,9 cm;aluminium;2025-10-28;2025-02-07;24;24 mies.;brak terminu;0.0;TechStore Outlet;5900490741828;CAPIXMATS5-750;Tajlandia;drukarka, startowy materiał eksploatacyjny, kabel zasilający;Technologia druku: laserowa kolor | Prędkość druku: 30 str./min | Łączność: Wi-Fi, LAN, USB;Canon PIXMA TS5350i to drukarka z oferty TechStore. Produkt dostarczany jest w oryginalnym opakowaniu producenta i objęty pełną obsługą serwisową.;produkt.html?id=1017
1018;AKC-33392;Logitech G502 X biały;Akcesoria;Logitech;147.96;USD;36.99;;False;3.4;816;Dostępny;35;0.83;biały;52,3 × 35,7 × 20,7 cm;stal i tworzywo;2025-03-27;2024-04-01;36;36 mies.;24 h;14.99;TechStore;5905642710512;LOG502X-680;Indie;urządzenie, odbiornik/kabel, instrukcja;Łączność: przewodowa USB | Zasilanie: akumulator | Kompatybilność: Windows;Logitech G502 X to akcesorium komputerowe z oferty TechStore. Produkt dostarczany jest w oryginalnym opakowaniu producenta i objęty pełną obsługą serwisową.;produkt.html?id=1018
1019;LAP-54382;Acer Aspire 5 8/256 GB;Laptopy;Acer;2959.96;USD;739.99;912.99;True;;86;Niedostępny;0;2.01;biały;33,8 × 43,8 × 9,2 cm;tworzywo sztuczne;2025-03-04;2023-06-09;;brak;brak terminu;0.0;Partner: ElektroHurt;5903163499924;ACASPIRE5-864;Indie;laptop, zasilacz, instrukcja;"Procesor: Intel Core i5-1335U | Ekran: 14"" 1920×1200 | System operacyjny: bez systemu";Acer Aspire 5 to laptop z oferty TechStore. Produkt dostarczany jest w oryginalnym opakowaniu producenta i objęty pełną obsługą serwisową.;produkt.html?id=1019
1020;SMA-24828;Xiaomi 14T 12/512 GB;Smartfony;Xiaomi;2489.99;PLN;2489.99;;False;3.1;2160;Na zamówienie;0;0.21;srebrny;10,8 × 12,6 × 8,8 cm;aluminium;2026-08-13;2025-04-21;24;24 mies.;do 14 dni;0.0;TechStore Outlet;5906407942607;XI14T-701;Malezja;telefon, kabel USB-C, kluczyk do karty SIM;"Przekątna ekranu: 6,6"" | Aparat główny: 108 Mpx | Bateria: 5000 mAh";Xiaomi 14T to smartfon z oferty TechStore. Produkt dostarczany jest w oryginalnym opakowaniu producenta i objęty pełną obsługą serwisową.;produkt.html?id=1020
1021;SLU-90269;Sony WF-1000XM5 zielone;Słuchawki;Sony;879.99;PLN;879.99;;False;;1206;Dostępny;31;0.09;zielone;34,0 × 11,7 × 14,2 cm;stal i tworzywo;2026-04-17;2025-03-28;24;24 mies.;24 h;0.0;TechStore Outlet;5906352136295;SOWF1000XM-760;Indie;słuchawki, etui, kabel USB-C;Typ: douszne | Łączność: Bluetooth 5.3 | Czas pracy: 40 h;Sony WF-1000XM5 to słuchawki z oferty TechStore. Produkt dostarczany jest w oryginalnym opakowaniu producenta i objęty pełną obsługą serwisową.;produkt.html?id=1021
1022;MON-68304;iiyama G-Master GB2770 + kabel DisplayPort;Monitory;iiyama;1771.56;EUR;411.99;;False;4.0;242;Ostatnie sztuki;4;5.87;biały;48,9 × 37,9 × 15,7 cm;aluminium i tworzywo;2025-11-17;2024-04-28;48;48 mies.;1–2 dni robocze;0.0;Partner: ElektroHurt;5900985846388;IIGMASTERG-392;Wietnam;monitor, podstawa, kabel zasilający, kabel HDMI;"Przekątna: 23,8"" | Rozdzielczość: 1920×1080 | Odświeżanie: 180 Hz";iiyama G-Master GB2770 to monitor z oferty TechStore. Produkt dostarczany jest w oryginalnym opakowaniu producenta i objęty pełną obsługą serwisową.;produkt.html?id=1022
1023;DRU-41982;Canon i-SENSYS MF453dw;Drukarki;Canon;1479.99;PLN;1479.99;;False;4.7;119;Dostępny;50;14.48;srebrny;5,7 × 6,6 × 3,4 cm;tworzywo sztuczne;2026-05-24;2025-01-11;;brak;24 h;0.0;TechStore;5903279672683;CAISENSYSM-482;Malezja;drukarka, startowy materiał eksploatacyjny, kabel zasilający;Technologia druku: laserowa kolor | Prędkość druku: 30 str./min | Łączność: USB;Canon i-SENSYS MF453dw to drukarka z oferty TechStore. Produkt dostarczany jest w oryginalnym opakowaniu producenta i objęty pełną obsługą serwisową.;produkt.html?id=1023
1024;AKC-18692;Trust Ozaa biały;Akcesoria;Trust;499.99;PLN;499.99;565.99;True;3.4;1695;Dostępny;89;0.07;biały;12,4 × 22,6 × 21,5 cm;aluminium;2026-07-08;2026-01-25;24;24 mies.;24 h;0.0;Partner: ElektroHurt;5901387592115;TROZAA-342;Tajlandia;urządzenie, odbiornik/kabel, instrukcja;Łączność: przewodowa USB | Zasilanie: bateria AA | Kompatybilność: Windows;Trust Ozaa to akcesorium komputerowe z oferty TechStore. Produkt dostarczany jest w oryginalnym opakowaniu producenta i objęty pełną obsługą serwisową.;produkt.html?id=1024
1025;LAP-22916;Lenovo Yoga 7 32/1 TB;Laptopy;Lenovo;4939.99;PLN;4939.99;5875.99;True;3.4;281;Ostatnie sztuki;1;1.62;szary;48,3 × 13,8 × 20,2 cm;aluminium;2025-05-01;2024-03-24;24;24 mies.;1–2 dni robocze;0.0;TechStore;5908836152029;LEYOGA7-720;Indie;laptop, zasilacz, instrukcja;"Procesor: Intel Core i5-1335U | Ekran: 15,6"" 1920×1080 | System operacyjny: bez systemu";Lenovo Yoga 7 to laptop z oferty TechStore. Produkt dostarczany jest w oryginalnym opakowaniu producenta i objęty pełną obsługą serwisową.;produkt.html?id=1025
1026;SMA-40662;Xiaomi Redmi Note 13 6/128 GB;Smartfony;Xiaomi;1009.99;PLN;1009.99;1185.99;True;3.9;139;Na zamówienie;0;0.2;niebieski;49,6 × 16,0 × 7,4 cm;aluminium;2026-06-06;2026-05-06;36;36 mies.;do 14 dni;0.0;TechStore;5904874643972;XIREDMINOT-466;Tajlandia;telefon, kabel USB-C, kluczyk do karty SIM;"Przekątna ekranu: 6,1"" | Aparat główny: 108 Mpx | Bateria: 5500 mAh";Xiaomi Redmi Note 13 to smartfon z oferty TechStore. Produkt dostarczany jest w oryginalnym opakowaniu producenta i objęty pełną obsługą serwisową.;produkt.html?id=1026
1027;SLU-65614;Sony WH-1000XM5 czarne;Słuchawki;Sony;669.99;PLN;669.99;;False;3.8;436;Niedostępny;0;0.17;czarne;23,6 × 13,5 × 12,5 cm;aluminium i tworzywo;2024-12-10;2024-09-26;12;12 mies.;brak terminu;0.0;Partner: ElektroHurt;5906795965056;SOWH1000XM-853;Malezja;słuchawki, etui, kabel USB-C;Typ: dokanałowe | Łączność: Bluetooth 5.3 | Czas pracy: 50 h;Sony WH-1000XM5 to słuchawki z oferty TechStore. Produkt dostarczany jest w oryginalnym opakowaniu producenta i objęty pełną obsługą serwisową.;produkt.html?id=1027
1028;MON-43733;Dell P2723DE + uchwyt VESA;Monitory;Dell;1849.99;PLN;1849.99;2310.99;True;;319;Ostatnie sztuki;1;4.97;srebrny;20,2 × 7,5 × 11,0 cm;aluminium;2024-09-24;2024-05-10;36;36 mies.;1–2 dni robocze;0.0;TechStore;5900598719889;DEP2723DE-155;Indie;monitor, podstawa, kabel zasilający, kabel HDMI;"Przekątna: 23,8"" | Rozdzielczość: 3840×2160 | Odświeżanie: 180 Hz";Dell P2723DE to monitor z oferty TechStore. Produkt dostarczany jest w oryginalnym opakowaniu producenta i objęty pełną obsługą serwisową.;produkt.html?id=1028
1029;DRU-47627;Brother MFC-L2800DW + kabel USB;Drukarki;Brother;429.99;PLN;429.99;;False;4.2;1807;Niedostępny;0;12.69;czarny;58,1 × 20,3 × 12,5 cm;tworzywo sztuczne;2024-01-25;2023-09-21;24;24 mies.;brak terminu;0.0;TechStore Outlet;5906424829601;BRMFCL2800-564;Chiny;drukarka, startowy materiał eksploatacyjny, kabel zasilający;Technologia druku: laserowa mono | Prędkość druku: 30 str./min | Łączność: Wi-Fi, USB;Brother MFC-L2800DW to drukarka z oferty TechStore. Produkt dostarczany jest w oryginalnym opakowaniu producenta i objęty pełną obsługą serwisową.;produkt.html?id=1029
1030;AKC-48680;SteelSeries Aerox 5 czarny;Akcesoria;SteelSeries;299.99;PLN;299.99;;False;3.3;1910;Dostępny;118;0.43;czarny;14,9 × 13,8 × 8,3 cm;aluminium;2024-07-29;2023-11-12;;brak;24 h;14.99;TechStore;5901561059148;STAEROX5-324;Tajlandia;urządzenie, odbiornik/kabel, instrukcja;Łączność: bezprzewodowa 2,4 GHz | Zasilanie: z kabla USB | Kompatybilność: Windows, macOS, Linux;SteelSeries Aerox 5 to akcesorium komputerowe z oferty TechStore. Produkt dostarczany jest w oryginalnym opakowaniu producenta i objęty pełną obsługą serwisową.;produkt.html?id=1030
1031;LAP-42948;Dell Vostro 3520 32/1 TB;Laptopy;Dell;6779.99;PLN;6779.99;7611.99;True;3.5;729;Dostępny;51;1.34;grafitowy;19,5 × 29,7 × 1,8 cm;aluminium i tworzywo;2025-11-30;2024-07-23;24;24 mies.;24 h;0.0;TechStore Outlet;5901929480853;DEVOSTRO35-836;Tajwan;laptop, zasilacz, instrukcja;"Procesor: AMD Ryzen 7 7735HS | Ekran: 16"" 2560×1600 | System operacyjny: Windows 11 Home";Dell Vostro 3520 to laptop z oferty TechStore. Produkt dostarczany jest w oryginalnym opakowaniu producenta i objęty pełną obsługą serwisową.;produkt.html?id=1031
1032;SMA-47217;Nokia G42 12/256 GB;Smartfony;Nokia;1489.99;PLN;1489.99;;False;;193;Ostatnie sztuki;3;0.19;biały;51,1 × 6,9 × 13,0 cm;stal i tworzywo;2024-03-14;2022-08-09;24;24 mies.;1–2 dni robocze;0.0;TechStore Outlet;5906133800530;NOG42-741;Indie;telefon, kabel USB-C, kluczyk do karty SIM;"Przekątna ekranu: 6,7"" | Aparat główny: 64 Mpx | Bateria: 4500 mAh";Nokia G42 to smartfon z oferty TechStore. Produkt dostarczany jest w oryginalnym opakowaniu producenta i objęty pełną obsługą serwisową.;produkt.html?id=1032
1033;SLU-18164;Sennheiser Momentum 4 czarne;Słuchawki;Sennheiser;739.99;PLN;739.99;;False;3.8;2218;Niedostępny;0;0.25;czarne;37,5 × 22,8 × 21,8 cm;stal i tworzywo;2025-05-15;2023-06-25;12;12 mies.;brak terminu;0.0;TechStore;5908856810670;SEMOMENTUM-758;Malezja;słuchawki, etui, kabel USB-C;Typ: douszne | Łączność: Bluetooth 5.3 | Czas pracy: 50 h;Sennheiser Momentum 4 to słuchawki z oferty TechStore. Produkt dostarczany jest w oryginalnym opakowaniu producenta i objęty pełną obsługą serwisową.;produkt.html?id=1033
1034;MON-99780;Dell S2721DS;Monitory;Dell;789.99;PLN;789.99;;False;;2160;Dostępny;20;5.32;biały;50,0 × 26,4 × 5,8 cm;stal i tworzywo;2024-08-06;2023-11-30;36;36 mies.;24 h;0.0;TechStore Outlet;5902623942464;DES2721DS-532;Malezja;monitor, podstawa, kabel zasilający, kabel HDMI;"Przekątna: 31,5"" | Rozdzielczość: 3840×2160 | Odświeżanie: 180 Hz";Dell S2721DS to monitor z oferty TechStore. Produkt dostarczany jest w oryginalnym opakowaniu producenta i objęty pełną obsługą serwisową.;produkt.html?id=1034
1035;DRU-53344;Canon i-SENSYS MF453dw + ryza papieru A4;Drukarki;Canon;909.99;PLN;909.99;;False;3.5;1097;Niedostępny;0;13.17;czarny;51,9 × 33,3 × 20,8 cm;aluminium;2026-06-27;2025-08-19;24;24 mies.;brak terminu;0.0;TechStore;5907233496770;CAISENSYSM-380;Indie;drukarka, startowy materiał eksploatacyjny, kabel zasilający;Technologia druku: atramentowa kolor | Prędkość druku: 30 str./min | Łączność: USB;Canon i-SENSYS MF453dw to drukarka z oferty TechStore. Produkt dostarczany jest w oryginalnym opakowaniu producenta i objęty pełną obsługą serwisową.;produkt.html?id=1035
1036;AKC-64909;SteelSeries Apex 3 TKL różowy;Akcesoria;SteelSeries;739.99;PLN;739.99;;False;4.4;1147;Na zamówienie;0;0.91;różowy;19,1 × 31,5 × 22,8 cm;aluminium i tworzywo;2025-03-17;2023-11-03;24;24 mies.;do 14 dni;0.0;TechStore Outlet;5900823595349;STAPEX3TKL-789;Malezja;urządzenie, odbiornik/kabel, instrukcja;Łączność: Bluetooth | Zasilanie: z kabla USB | Kompatybilność: Windows;SteelSeries Apex 3 TKL to akcesorium komputerowe z oferty TechStore. Produkt dostarczany jest w oryginalnym opakowaniu producenta i objęty pełną obsługą serwisową.;produkt.html?id=1036
1037;LAP-22168;HP Pavilion 15 32/1 TB;Laptopy;HP;2719.99;PLN;2719.99;3096.99;True;4.5;31;Dostępny;56;1.67;niebieski;47,1 × 27,9 × 3,6 cm;aluminium;2024-07-02;2023-01-15;36;36 mies.;24 h;0.0;TechStore;5900100052007;HPPAVILION-152;Tajwan;laptop, zasilacz, instrukcja;"Procesor: Intel Core i7-1355U | Ekran: 14"" 1920×1200 | System operacyjny: Windows 11 Home";HP Pavilion 15 to laptop z oferty TechStore. Produkt dostarczany jest w oryginalnym opakowaniu producenta i objęty pełną obsługą serwisową.;produkt.html?id=1037
1038;SMA-79345;Apple iPhone 15 12/512 GB;Smartfony;Apple;2119.86;EUR;492.99;;False;;1637;Na zamówienie;0;0.19;czarny;17,5 × 4,6 × 21,4 cm;aluminium;2025-05-03;2025-03-31;24;24 mies.;do 14 dni;0.0;TechStore;5904635110203;APIPHONE15-623;Indie;telefon, kabel USB-C, kluczyk do karty SIM;"Przekątna ekranu: 6,1"" | Aparat główny: 108 Mpx | Bateria: 4500 mAh";Apple iPhone 15 to smartfon z oferty TechStore. Produkt dostarczany jest w oryginalnym opakowaniu producenta i objęty pełną obsługą serwisową.;produkt.html?id=1038
1039;SLU-56068;Logitech Zone Vibe 100 niebieskie;Słuchawki;Logitech;789.99;PLN;789.99;;False;4.2;183;Ostatnie sztuki;2;0.07;niebieskie;52,5 × 36,0 × 15,5 cm;tworzywo sztuczne;2025-05-19;2024-09-23;12;12 mies.;1–2 dni robocze;0.0;TechStore;5902670812977;LOZONEVIBE-120;Tajlandia;słuchawki, etui, kabel USB-C;Typ: dokanałowe | Łączność: Bluetooth 5.3 + jack 3,5 mm | Czas pracy: 30 h;Logitech Zone Vibe 100 to słuchawki z oferty TechStore. Produkt dostarczany jest w oryginalnym opakowaniu producenta i objęty pełną obsługą serwisową.;produkt.html?id=1039
1040;MON-23206;Dell S2721DS + kabel USB-C;Monitory;Dell;2339.99;PLN;2339.99;2558.99;True;3.8;491;Dostępny;20;6.35;niebieski;34,5 × 16,2 × 11,2 cm;tworzywo sztuczne;2025-05-13;2024-03-05;36;36 mies.;24 h;0.0;TechStore;5909914706755;DES2721DS-366;Wietnam;monitor, podstawa, kabel zasilający, kabel HDMI;"Przekątna: 27"" | Rozdzielczość: 2560×1440 | Odświeżanie: 144 Hz";Dell S2721DS to monitor z oferty TechStore. Produkt dostarczany jest w oryginalnym opakowaniu producenta i objęty pełną obsługą serwisową.;produkt.html?id=1040
1041;DRU-21940;Xerox B225 + ryza papieru A4;Drukarki;Xerox;2469.99;PLN;2469.99;;False;3.3;659;Dostępny;39;10.71;biały;33,5 × 40,5 × 23,5 cm;aluminium i tworzywo;2024-09-17;2024-07-22;24;24 mies.;24 h;0.0;TechStore;5903662829092;XEB225-115;Tajwan;drukarka, startowy materiał eksploatacyjny, kabel zasilający;Technologia druku: laserowa kolor | Prędkość druku: 30 str./min | Łączność: Wi-Fi, USB;Xerox B225 to drukarka z oferty TechStore. Produkt dostarczany jest w oryginalnym opakowaniu producenta i objęty pełną obsługą serwisową.;produkt.html?id=1041
1042;AKC-99483;Logitech MX Master 3S różowy;Akcesoria;Logitech;409.99;PLN;409.99;;False;3.8;491;Niedostępny;0;0.96;różowy;7,1 × 7,4 × 6,5 cm;tworzywo sztuczne;2024-01-26;2022-11-29;36;36 mies.;brak terminu;0.0;TechStore;5908987041517;LOMXMASTER-648;Wietnam;urządzenie, odbiornik/kabel, instrukcja;Łączność: Bluetooth | Zasilanie: akumulator | Kompatybilność: Windows;Logitech MX Master 3S to akcesorium komputerowe z oferty TechStore. Produkt dostarczany jest w oryginalnym opakowaniu producenta i objęty pełną obsługą serwisową.;produkt.html?id=1042
1043;LAP-28378;Acer Swift Go 14 16/1 TB;Laptopy;Acer;4789.99;PLN;4789.99;;False;4.4;2094;Ostatnie sztuki;4;2.33;czarny;6,3 × 10,0 × 6,1 cm;stal i tworzywo;2025-06-22;2023-09-16;24;24 mies.;1–2 dni robocze;0.0;Partner: ElektroHurt;5909612138560;ACSWIFTGO1-566;Indie;laptop, zasilacz, instrukcja;"Procesor: AMD Ryzen 5 7530U | Ekran: 14"" 1920×1200 | System operacyjny: Windows 11 Pro";Acer Swift Go 14 to laptop z oferty TechStore. Produkt dostarczany jest w oryginalnym opakowaniu producenta i objęty pełną obsługą serwisową.;produkt.html?id=1043
1044;SMA-18615;Motorola Moto G84 8/256 GB;Smartfony;Motorola;1539.99;PLN;1539.99;;False;;1482;Dostępny;116;0.18;czarny;17,2 × 18,4 × 11,0 cm;aluminium i tworzywo;2026-05-30;2024-10-19;;brak;24 h;0.0;Partner: ElektroHurt;5900637171124;MOMOTOG84-331;Chiny;telefon, kabel USB-C, kluczyk do karty SIM;"Przekątna ekranu: 6,1"" | Aparat główny: 50 Mpx | Bateria: 5000 mAh";Motorola Moto G84 to smartfon z oferty TechStore. Produkt dostarczany jest w oryginalnym opakowaniu producenta i objęty pełną obsługą serwisową.;produkt.html?id=1044
1045;SLU-10229;Sony WF-1000XM5 niebieskie;Słuchawki;Sony;571.86;EUR;132.99;169.99;True;;648;Dostępny;18;0.09;niebieskie;20,2 × 26,8 × 21,7 cm;tworzywo sztuczne;2024-05-28;2022-07-17;12;12 mies.;24 h;0.0;Partner: ElektroHurt;5905114829418;SOWF1000XM-316;Tajwan;słuchawki, etui, kabel USB-C;Typ: nauszne | Łączność: Bluetooth 5.3 | Czas pracy: 50 h;Sony WF-1000XM5 to słuchawki z oferty TechStore. Produkt dostarczany jest w oryginalnym opakowaniu producenta i objęty pełną obsługą serwisową.;produkt.html?id=1045
1046;MON-38324;BenQ GW2785TC + głośniki USB;Monitory;BenQ;2499.99;PLN;2499.99;;False;4.0;2180;Dostępny;31;4.0;grafitowy;22,2 × 31,5 × 7,1 cm;stal i tworzywo;2024-07-08;2024-03-28;36;36 mies.;24 h;0.0;TechStore Outlet;5906040542468;BEGW2785TC-804;Malezja;monitor, podstawa, kabel zasilający, kabel HDMI;"Przekątna: 31,5"" | Rozdzielczość: 3840×2160 | Odświeżanie: 144 Hz";BenQ GW2785TC to monitor z oferty TechStore. Produkt dostarczany jest w oryginalnym opakowaniu producenta i objęty pełną obsługą serwisową.;produkt.html?id=1046
1047;DRU-92924;HP OfficeJet Pro 9120e;Drukarki;HP;1669.99;PLN;1669.99;;False;;1130;Ostatnie sztuki;4;7.92;grafitowy;26,1 × 42,8 × 1,3 cm;stal i tworzywo;2024-11-13;2023-08-04;36;36 mies.;1–2 dni robocze;0.0;TechStore Outlet;5901393605504;HPOFFICEJE-688;Chiny;drukarka, startowy materiał eksploatacyjny, kabel zasilający;Technologia druku: atramentowa kolor | Prędkość druku: 34 str./min | Łączność: Wi-Fi, USB;HP OfficeJet Pro 9120e to drukarka z oferty TechStore. Produkt dostarczany jest w oryginalnym opakowaniu producenta i objęty pełną obsługą serwisową.;produkt.html?id=1047
1048;AKC-81275;Microsoft Ergonomic Keyboard niebieski;Akcesoria;Microsoft;269.99;PLN;269.99;;False;3.3;1643;Niedostępny;0;0.26;niebieski;27,4 × 13,3 × 21,5 cm;tworzywo sztuczne;2025-09-08;2025-08-05;24;24 mies.;brak terminu;14.99;Partner: ElektroHurt;5904469403720;MIERGONOMI-420;Malezja;urządzenie, odbiornik/kabel, instrukcja;Łączność: bezprzewodowa 2,4 GHz | Zasilanie: akumulator | Kompatybilność: Windows, macOS, Linux;Microsoft Ergonomic Keyboard to akcesorium komputerowe z oferty TechStore. Produkt dostarczany jest w oryginalnym opakowaniu producenta i objęty pełną obsługą serwisową.;produkt.html?id=1048
1049;LAP-17618;HP EliteBook 840 16/512 GB;Laptopy;HP;5169.99;PLN;5169.99;;False;4.1;182;Ostatnie sztuki;4;1.56;srebrny;17,9 × 41,3 × 18,2 cm;stal i tworzywo;2026-01-14;2025-12-09;36;36 mies.;1–2 dni robocze;0.0;TechStore;5909622098769;HPELITEBOO-440;Chiny;laptop, zasilacz, instrukcja;"Procesor: Intel Core i5-1335U | Ekran: 16"" 2560×1600 | System operacyjny: bez systemu";HP EliteBook 840 to laptop z oferty TechStore. Produkt dostarczany jest w oryginalnym opakowaniu producenta i objęty pełną obsługą serwisową.;produkt.html?id=1049
1050;SMA-26747;Google Pixel 9 8/128 GB;Smartfony;Google;2969.99;PLN;2969.99;;False;3.1;2020;Dostępny;114;0.21;czarny;6,9 × 18,9 × 24,4 cm;tworzywo sztuczne;2024-06-29;2023-10-21;24;24 mies.;24 h;0.0;TechStore Outlet;5906929844278;GOPIXEL9-246;Wietnam;telefon, kabel USB-C, kluczyk do karty SIM;"Przekątna ekranu: 6,1"" | Aparat główny: 200 Mpx | Bateria: 5000 mAh";Google Pixel 9 to smartfon z oferty TechStore. Produkt dostarczany jest w oryginalnym opakowaniu producenta i objęty pełną obsługą serwisową.;produkt.html?id=1050
1051;SLU-24813;JBL Live 670NC beżowe;Słuchawki;JBL;599.99;PLN;599.99;;False;4.0;1800;Dostępny;94;0.23;beżowe;48,2 × 44,1 × 10,5 cm;tworzywo sztuczne;2024-06-18;2023-11-25;12;12 mies.;24 h;0.0;TechStore Outlet;5909214153447;JBLIVE670N-757;Indie;słuchawki, etui, kabel USB-C;Typ: nauszne | Łączność: Bluetooth 5.3 + jack 3,5 mm | Czas pracy: 30 h;JBL Live 670NC to słuchawki z oferty TechStore. Produkt dostarczany jest w oryginalnym opakowaniu producenta i objęty pełną obsługą serwisową.;produkt.html?id=1051
1052;MON-87362;AOC 24G2U + głośniki USB;Monitory;AOC;2489.99;PLN;2489.99;3088.99;True;3.4;367;Niedostępny;0;5.55;niebieski;46,0 × 29,0 × 4,6 cm;tworzywo sztuczne;2025-02-09;2024-03-15;36;36 mies.;brak terminu;0.0;Partner: ElektroHurt;5903129471502;AO24G2U-753;Chiny;monitor, podstawa, kabel zasilający, kabel HDMI;"Przekątna: 23,8"" | Rozdzielczość: 2560×1440 | Odświeżanie: 180 Hz";AOC 24G2U to monitor z oferty TechStore. Produkt dostarczany jest w oryginalnym opakowaniu producenta i objęty pełną obsługą serwisową.;produkt.html?id=1052
1053;DRU-62979;Canon PIXMA G650 + kabel USB;Drukarki;Canon;2409.99;PLN;2409.99;;False;3.7;1760;Ostatnie sztuki;2;10.13;szary;5,8 × 41,0 × 11,3 cm;aluminium i tworzywo;2024-04-09;2023-04-08;24;24 mies.;1–2 dni robocze;0.0;TechStore Outlet;5906450114594;CAPIXMAG65-520;Indie;drukarka, startowy materiał eksploatacyjny, kabel zasilający;Technologia druku: laserowa kolor | Prędkość druku: 20 str./min | Łączność: Wi-Fi, USB;Canon PIXMA G650 to drukarka z oferty TechStore. Produkt dostarczany jest w oryginalnym opakowaniu producenta i objęty pełną obsługą serwisową.;produkt.html?id=1053
1054;AKC-25333;Trust GXT 922 Ybar grafitowy;Akcesoria;Trust;449.99;PLN;449.99;;False;3.5;975;Dostępny;19;0.39;grafitowy;22,6 × 30,0 × 17,9 cm;stal i tworzywo;2026-07-15;2026-04-04;24;24 mies.;24 h;0.0;TechStore;5905604083781;TRGXT922YB-723;Chiny;urządzenie, odbiornik/kabel, instrukcja;Łączność: przewodowa USB | Zasilanie: bateria AA | Kompatybilność: Windows;Trust GXT 922 Ybar to akcesorium komputerowe z oferty TechStore. Produkt dostarczany jest w oryginalnym opakowaniu producenta i objęty pełną obsługą serwisową.;produkt.html?id=1054
1055;LAP-59656;ASUS VivoBook 16 8/256 GB;Laptopy;ASUS;6339.99;PLN;6339.99;;False;3.3;1453;Dostępny;51;1.52;biały;39,1 × 36,8 × 4,9 cm;aluminium;2026-08-19;2025-10-03;24;24 mies.;24 h;0.0;TechStore;5903921025490;ASVIVOBOOK-974;Tajlandia;laptop, zasilacz, instrukcja;"Procesor: AMD Ryzen 5 7530U | Ekran: 14"" 1920×1200 | System operacyjny: Windows 11 Home";ASUS VivoBook 16 to laptop z oferty TechStore. Produkt dostarczany jest w oryginalnym opakowaniu producenta i objęty pełną obsługą serwisową.;produkt.html?id=1055
1056;SMA-94640;Motorola Edge 40 12/512 GB;Smartfony;Motorola;3699.99;PLN;3699.99;;False;3.7;393;Dostępny;77;0.2;niebieski;19,0 × 28,5 × 2,1 cm;stal i tworzywo;2024-08-08;2023-01-22;24;24 mies.;24 h;0.0;TechStore Outlet;5905424744805;MOEDGE40-696;Wietnam;telefon, kabel USB-C, kluczyk do karty SIM;"Przekątna ekranu: 6,6"" | Aparat główny: 200 Mpx | Bateria: 5500 mAh";Motorola Edge 40 to smartfon z oferty TechStore. Produkt dostarczany jest w oryginalnym opakowaniu producenta i objęty pełną obsługą serwisową.;produkt.html?id=1056
1057;SLU-67011;Logitech Zone Vibe 100 czarne;Słuchawki;Logitech;1479.99;PLN;1479.99;;False;4.6;1726;Na zamówienie;0;0.14;czarne;27,0 × 32,4 × 4,8 cm;stal i tworzywo;2024-10-05;2022-11-13;24;24 mies.;do 14 dni;0.0;TechStore;5903405613575;LOZONEVIBE-123;Indie;słuchawki, etui, kabel USB-C;Typ: douszne | Łączność: Bluetooth 5.3 + jack 3,5 mm | Czas pracy: 40 h;Logitech Zone Vibe 100 to słuchawki z oferty TechStore. Produkt dostarczany jest w oryginalnym opakowaniu producenta i objęty pełną obsługą serwisową.;produkt.html?id=1057
1058;MON-13706;BenQ EW3280U + głośniki USB;Monitory;BenQ;1109.99;PLN;1109.99;;False;4.0;1816;Dostępny;40;4.46;srebrny;28,1 × 5,8 × 20,9 cm;aluminium i tworzywo;2026-08-02;2024-10-12;36;36 mies.;24 h;0.0;Partner: ElektroHurt;5908869180441;BEEW3280U-632;Chiny;monitor, podstawa, kabel zasilający, kabel HDMI;"Przekątna: 31,5"" | Rozdzielczość: 2560×1440 | Odświeżanie: 180 Hz";BenQ EW3280U to monitor z oferty TechStore. Produkt dostarczany jest w oryginalnym opakowaniu producenta i objęty pełną obsługą serwisową.;produkt.html?id=1058
1059;DRU-62842;Canon PIXMA G650 + ryza papieru A4;Drukarki;Canon;2379.96;USD;594.99;718.99;True;3.2;1828;Dostępny;70;8.12;grafitowy;52,5 × 44,7 × 22,5 cm;aluminium;2026-09-01;2025-01-18;24;24 mies.;24 h;0.0;TechStore Outlet;5907817246641;CAPIXMAG65-274;Tajwan;drukarka, startowy materiał eksploatacyjny, kabel zasilający;Technologia druku: atramentowa kolor | Prędkość druku: 20 str./min | Łączność: USB;Canon PIXMA G650 to drukarka z oferty TechStore. Produkt dostarczany jest w oryginalnym opakowaniu producenta i objęty pełną obsługą serwisową.;produkt.html?id=1059
1060;AKC-90611;Trust GXT 922 Ybar czarny;Akcesoria;Trust;889.99;PLN;889.99;991.99;True;3.2;1991;Dostępny;73;0.78;czarny;37,3 × 25,7 × 22,6 cm;aluminium i tworzywo;2026-07-01;2025-06-19;;brak;24 h;0.0;Partner: ElektroHurt;5908878499961;TRGXT922YB-601;Wietnam;urządzenie, odbiornik/kabel, instrukcja;Łączność: bezprzewodowa 2,4 GHz | Zasilanie: akumulator | Kompatybilność: Windows, macOS;Trust GXT 922 Ybar to akcesorium komputerowe z oferty TechStore. Produkt dostarczany jest w oryginalnym opakowaniu producenta i objęty pełną obsługą serwisową.;produkt.html?id=1060
1061;LAP-97106;Lenovo ThinkPad E14 8/256 GB;Laptopy;Lenovo;6559.99;PLN;6559.99;;False;3.2;2237;Niedostępny;0;1.43;grafitowy;31,4 × 13,9 × 22,6 cm;tworzywo sztuczne;2025-06-25;2025-04-13;36;36 mies.;brak terminu;0.0;TechStore Outlet;5908531624487;LETHINKPAD-169;Malezja;laptop, zasilacz, instrukcja;"Procesor: Intel Core i7-1355U | Ekran: 14"" 1920×1200 | System operacyjny: Windows 11 Home";Lenovo ThinkPad E14 to laptop z oferty TechStore. Produkt dostarczany jest w oryginalnym opakowaniu producenta i objęty pełną obsługą serwisową.;produkt.html?id=1061
1062;SMA-52816;Nokia X30 12/512 GB;Smartfony;Nokia;971.76;EUR;225.99;;False;3.2;2175;Na zamówienie;0;0.17;grafitowy;58,7 × 39,2 × 15,0 cm;tworzywo sztuczne;2024-02-25;2022-08-01;;brak;do 14 dni;0.0;TechStore;5907785457910;NOX30-213;Tajlandia;telefon, kabel USB-C, kluczyk do karty SIM;"Przekątna ekranu: 6,1"" | Aparat główny: 64 Mpx | Bateria: 5000 mAh";Nokia X30 to smartfon z oferty TechStore. Produkt dostarczany jest w oryginalnym opakowaniu producenta i objęty pełną obsługą serwisową.;produkt.html?id=1062
1063;SLU-46035;Sony WF-1000XM5 białe;Słuchawki;Sony;299.99;PLN;299.99;;False;;485;Dostępny;45;0.08;białe;8,2 × 43,8 × 5,7 cm;tworzywo sztuczne;2026-02-25;2025-04-25;12;12 mies.;24 h;14.99;TechStore;5909378736674;SOWF1000XM-594;Chiny;słuchawki, etui, kabel USB-C;Typ: douszne | Łączność: Bluetooth 5.3 | Czas pracy: 60 h;Sony WF-1000XM5 to słuchawki z oferty TechStore. Produkt dostarczany jest w oryginalnym opakowaniu producenta i objęty pełną obsługą serwisową.;produkt.html?id=1063
1064;MON-11789;BenQ EW3280U + kabel USB-C;Monitory;BenQ;1699.99;PLN;1699.99;;False;4.7;2340;Dostępny;33;7.22;biały;9,2 × 36,2 × 22,6 cm;tworzywo sztuczne;2024-09-14;2022-11-02;36;36 mies.;24 h;0.0;TechStore;5902824314335;BEEW3280U-690;Tajlandia;monitor, podstawa, kabel zasilający, kabel HDMI;"Przekątna: 27"" | Rozdzielczość: 3840×2160 | Odświeżanie: 165 Hz";BenQ EW3280U to monitor z oferty TechStore. Produkt dostarczany jest w oryginalnym opakowaniu producenta i objęty pełną obsługą serwisową.;produkt.html?id=1064
1065;DRU-52765;Xerox B225;Drukarki;Xerox;2059.99;PLN;2059.99;;False;3.4;1930;Dostępny;55;12.92;srebrny;26,0 × 37,4 × 24,6 cm;aluminium i tworzywo;2024-03-16;2023-02-13;;brak;24 h;0.0;TechStore;5905204265116;XEB225-284;Tajlandia;drukarka, startowy materiał eksploatacyjny, kabel zasilający;Technologia druku: laserowa kolor | Prędkość druku: 34 str./min | Łączność: Wi-Fi, USB;Xerox B225 to drukarka z oferty TechStore. Produkt dostarczany jest w oryginalnym opakowaniu producenta i objęty pełną obsługą serwisową.;produkt.html?id=1065
1066;AKC-62152;Microsoft Ergonomic Keyboard różowy;Akcesoria;Microsoft;219.99;PLN;219.99;271.99;True;4.2;1759;Dostępny;99;1.02;różowy;50,1 × 16,7 × 9,8 cm;aluminium i tworzywo;2025-07-06;2024-12-15;24;24 mies.;24 h;14.99;TechStore;5905518300071;MIERGONOMI-419;Malezja;urządzenie, odbiornik/kabel, instrukcja;Łączność: przewodowa USB | Zasilanie: akumulator | Kompatybilność: Windows;Microsoft Ergonomic Keyboard to akcesorium komputerowe z oferty TechStore. Produkt dostarczany jest w oryginalnym opakowaniu producenta i objęty pełną obsługą serwisową.;produkt.html?id=1066
1067;LAP-43545;Lenovo Yoga 7 8/256 GB;Laptopy;Lenovo;5359.99;PLN;5359.99;6678.99;True;;701;Dostępny;71;2.06;srebrny;12,0 × 21,5 × 8,8 cm;aluminium i tworzywo;2025-02-13;2024-04-20;24;24 mies.;24 h;0.0;TechStore;5908430590619;LEYOGA7-230;Wietnam;laptop, zasilacz, instrukcja;"Procesor: AMD Ryzen 5 7530U | Ekran: 15,6"" 1920×1080 | System operacyjny: Windows 11 Pro";Lenovo Yoga 7 to laptop z oferty TechStore. Produkt dostarczany jest w oryginalnym opakowaniu producenta i objęty pełną obsługą serwisową.;produkt.html?id=1067
1068;SMA-57265;Apple iPhone 15 8/256 GB;Smartfony;Apple;1869.99;PLN;1869.99;;False;4.3;679;Na zamówienie;0;0.22;niebieski;40,7 × 21,8 × 4,4 cm;stal i tworzywo;2024-11-23;2023-12-06;36;36 mies.;do 14 dni;0.0;TechStore;5901703613873;APIPHONE15-111;Tajlandia;telefon, kabel USB-C, kluczyk do karty SIM;"Przekątna ekranu: 6,6"" | Aparat główny: 200 Mpx | Bateria: 4500 mAh";Apple iPhone 15 to smartfon z oferty TechStore. Produkt dostarczany jest w oryginalnym opakowaniu producenta i objęty pełną obsługą serwisową.;produkt.html?id=1068
1069;SLU-96702;Sennheiser HD 450BT niebieskie;Słuchawki;Sennheiser;689.99;PLN;689.99;;False;;1399;Niedostępny;0;0.11;niebieskie;5,5 × 3,3 × 2,2 cm;stal i tworzywo;2025-07-21;2024-02-29;;brak;brak terminu;0.0;Partner: ElektroHurt;5909825753707;SEHD450BT-296;Tajwan;słuchawki, etui, kabel USB-C;Typ: nauszne | Łączność: Bluetooth 5.3 | Czas pracy: 60 h;Sennheiser HD 450BT to słuchawki z oferty TechStore. Produkt dostarczany jest w oryginalnym opakowaniu producenta i objęty pełną obsługą serwisową.;produkt.html?id=1069
1070;MON-11471;LG 32UN650;Monitory;LG;1179.99;PLN;1179.99;1350.99;True;3.3;1187;Dostępny;31;6.12;szary;12,4 × 6,2 × 24,8 cm;aluminium i tworzywo;2025-03-07;2023-11-06;48;48 mies.;24 h;0.0;Partner: ElektroHurt;5901726142251;LG32UN650-428;Malezja;monitor, podstawa, kabel zasilający, kabel HDMI;"Przekątna: 31,5"" | Rozdzielczość: 2560×1440 | Odświeżanie: 144 Hz";LG 32UN650 to monitor z oferty TechStore. Produkt dostarczany jest w oryginalnym opakowaniu producenta i objęty pełną obsługą serwisową.;produkt.html?id=1070
1071;DRU-85525;Brother DCP-L2620DW + zapasowy toner;Drukarki;Brother;2407.96;EUR;559.99;;False;3.5;645;Na zamówienie;0;8.8;niebieski;5,6 × 44,2 × 10,3 cm;aluminium;2026-01-28;2024-08-22;36;36 mies.;do 14 dni;0.0;Partner: ElektroHurt;5900770913175;BRDCPL2620-610;Malezja;drukarka, startowy materiał eksploatacyjny, kabel zasilający;Technologia druku: atramentowa kolor | Prędkość druku: 30 str./min | Łączność: Wi-Fi, LAN, USB;Brother DCP-L2620DW to drukarka z oferty TechStore. Produkt dostarczany jest w oryginalnym opakowaniu producenta i objęty pełną obsługą serwisową.;produkt.html?id=1071
1072;AKC-86132;SteelSeries Aerox 5 niebieski;Akcesoria;SteelSeries;839.99;PLN;839.99;;False;4.5;1769;Dostępny;64;0.56;niebieski;14,1 × 31,2 × 6,9 cm;stal i tworzywo;2025-05-26;2024-01-12;36;36 mies.;24 h;0.0;TechStore Outlet;5900342365966;STAEROX5-144;Wietnam;urządzenie, odbiornik/kabel, instrukcja;Łączność: bezprzewodowa 2,4 GHz | Zasilanie: bateria AA | Kompatybilność: Windows, macOS, Linux;SteelSeries Aerox 5 to akcesorium komputerowe z oferty TechStore. Produkt dostarczany jest w oryginalnym opakowaniu producenta i objęty pełną obsługą serwisową.;produkt.html?id=1072
1073;LAP-47114;Lenovo IdeaPad Slim 5 16/1 TB;Laptopy;Lenovo;7949.99;PLN;7949.99;;False;4.9;1594;Dostępny;59;1.43;srebrny;9,5 × 25,5 × 22,7 cm;aluminium i tworzywo;2025-10-10;2023-11-25;36;36 mies.;24 h;0.0;TechStore;5900446181183;LEIDEAPADS-316;Wietnam;laptop, zasilacz, instrukcja;"Procesor: AMD Ryzen 5 7530U | Ekran: 16"" 2560×1600 | System operacyjny: Windows 11 Home";Lenovo IdeaPad Slim 5 to laptop z oferty TechStore. Produkt dostarczany jest w oryginalnym opakowaniu producenta i objęty pełną obsługą serwisową.;produkt.html?id=1073
1074;SMA-75801;Nokia G60 8/128 GB;Smartfony;Nokia;2109.99;PLN;2109.99;;False;;821;Na zamówienie;0;0.16;szary;23,6 × 16,6 × 24,4 cm;stal i tworzywo;2025-05-07;2024-01-13;;brak;do 14 dni;0.0;TechStore;5901736751272;NOG60-482;Wietnam;telefon, kabel USB-C, kluczyk do karty SIM;"Przekątna ekranu: 6,6"" | Aparat główny: 200 Mpx | Bateria: 4500 mAh";Nokia G60 to smartfon z oferty TechStore. Produkt dostarczany jest w oryginalnym opakowaniu producenta i objęty pełną obsługą serwisową.;produkt.html?id=1074
1075;SLU-60975;Sony WF-C700N czarne;Słuchawki;Sony;1349.99;PLN;1349.99;1482.99;True;3.9;1893;Dostępny;28;0.29;czarne;31,1 × 11,3 × 11,3 cm;aluminium;2025-11-03;2025-09-03;;brak;24 h;0.0;TechStore Outlet;5906766697169;SOWFC700N-772;Tajlandia;słuchawki, etui, kabel USB-C;Typ: dokanałowe | Łączność: Bluetooth 5.3 + jack 3,5 mm | Czas pracy: 40 h;Sony WF-C700N to słuchawki z oferty TechStore. Produkt dostarczany jest w oryginalnym opakowaniu producenta i objęty pełną obsługą serwisową.;produkt.html?id=1075
1076;MON-71358;Dell S2721DS + głośniki USB;Monitory;Dell;2519.99;PLN;2519.99;;False;3.8;658;Niedostępny;0;7.42;biały;31,8 × 26,1 × 10,9 cm;aluminium i tworzywo;2026-08-25;2025-09-19;36;36 mies.;brak terminu;0.0;TechStore;5905900471848;DES2721DS-130;Wietnam;monitor, podstawa, kabel zasilający, kabel HDMI;"Przekątna: 23,8"" | Rozdzielczość: 3840×2160 | Odświeżanie: 180 Hz";Dell S2721DS to monitor z oferty TechStore. Produkt dostarczany jest w oryginalnym opakowaniu producenta i objęty pełną obsługą serwisową.;produkt.html?id=1076
1077;DRU-65540;HP Smart Tank 580 + zapasowy toner;Drukarki;HP;2479.99;PLN;2479.99;3199.99;True;3.9;1002;Dostępny;66;6.45;grafitowy;54,0 × 43,9 × 20,7 cm;tworzywo sztuczne;2024-06-20;2024-04-06;36;36 mies.;24 h;0.0;TechStore Outlet;5905351904708;HPSMARTTAN-910;Malezja;drukarka, startowy materiał eksploatacyjny, kabel zasilający;Technologia druku: atramentowa kolor | Prędkość druku: 34 str./min | Łączność: USB;HP Smart Tank 580 to drukarka z oferty TechStore. Produkt dostarczany jest w oryginalnym opakowaniu producenta i objęty pełną obsługą serwisową.;produkt.html?id=1077
1078;AKC-27638;Razer DeathAdder V3 niebieski;Akcesoria;Razer;549.99;PLN;549.99;;False;3.4;2321;Ostatnie sztuki;4;1.15;niebieski;41,7 × 8,5 × 16,9 cm;aluminium i tworzywo;2024-06-21;2024-01-13;24;24 mies.;1–2 dni robocze;0.0;TechStore Outlet;5901707887454;RADEATHADD-686;Indie;urządzenie, odbiornik/kabel, instrukcja;Łączność: przewodowa USB | Zasilanie: bateria AA | Kompatybilność: Windows;Razer DeathAdder V3 to akcesorium komputerowe z oferty TechStore. Produkt dostarczany jest w oryginalnym opakowaniu producenta i objęty pełną obsługą serwisową.;produkt.html?id=1078
1079;LAP-85600;Dell Inspiron 15 32/1 TB;Laptopy;Dell;4247.96;USD;1061.99;;False;4.6;1110;Dostępny;59;2.3;biały;48,0 × 19,2 × 23,3 cm;aluminium;2024-03-27;2023-08-29;24;24 mies.;24 h;0.0;Partner: ElektroHurt;5903817216839;DEINSPIRON-738;Indie;laptop, zasilacz, instrukcja;"Procesor: Intel Core i5-1335U | Ekran: 14"" 1920×1200 | System operacyjny: Windows 11 Pro";Dell Inspiron 15 to laptop z oferty TechStore. Produkt dostarczany jest w oryginalnym opakowaniu producenta i objęty pełną obsługą serwisową.;produkt.html?id=1079
1080;SMA-58014;Nokia G42 8/128 GB;Smartfony;Nokia;2619.96;USD;654.99;;False;3.2;179;Dostępny;9;0.2;szary;6,0 × 6,1 × 13,1 cm;aluminium;2025-05-04;2024-11-19;;brak;24 h;0.0;TechStore;5909775748878;NOG42-184;Tajwan;telefon, kabel USB-C, kluczyk do karty SIM;"Przekątna ekranu: 6,1"" | Aparat główny: 64 Mpx | Bateria: 4500 mAh";Nokia G42 to smartfon z oferty TechStore. Produkt dostarczany jest w oryginalnym opakowaniu producenta i objęty pełną obsługą serwisową.;produkt.html?id=1080
1081;SLU-20686;JBL Live 670NC białe;Słuchawki;JBL;859.99;PLN;859.99;;False;3.5;1755;Ostatnie sztuki;2;0.32;białe;33,6 × 7,0 × 19,7 cm;aluminium i tworzywo;2026-06-14;2025-02-15;12;12 mies.;1–2 dni robocze;0.0;TechStore;5908720453316;JBLIVE670N-217;Tajwan;słuchawki, etui, kabel USB-C;Typ: douszne | Łączność: Bluetooth 5.3 | Czas pracy: 30 h;JBL Live 670NC to słuchawki z oferty TechStore. Produkt dostarczany jest w oryginalnym opakowaniu producenta i objęty pełną obsługą serwisową.;produkt.html?id=1081
1082;MON-66127;Dell P2723DE + głośniki USB;Monitory;Dell;2959.99;PLN;2959.99;3815.99;True;4.7;1335;Dostępny;23;4.94;niebieski;24,4 × 20,5 × 4,1 cm;stal i tworzywo;2025-12-12;2025-03-01;36;36 mies.;24 h;0.0;TechStore;5903282507014;DEP2723DE-519;Wietnam;monitor, podstawa, kabel zasilający, kabel HDMI;"Przekątna: 31,5"" | Rozdzielczość: 1920×1080 | Odświeżanie: 144 Hz";Dell P2723DE to monitor z oferty TechStore. Produkt dostarczany jest w oryginalnym opakowaniu producenta i objęty pełną obsługą serwisową.;produkt.html?id=1082
1083;DRU-32683;Epson WorkForce WF-2930;Drukarki;Epson;1779.99;PLN;1779.99;2203.99;True;3.4;1382;Niedostępny;0;11.76;niebieski;22,4 × 4,6 × 2,1 cm;aluminium i tworzywo;2025-01-27;2024-03-12;36;36 mies.;brak terminu;0.0;TechStore;5908327163392;EPWORKFORC-649;Indie;drukarka, startowy materiał eksploatacyjny, kabel zasilający;Technologia druku: atramentowa kolor | Prędkość druku: 20 str./min | Łączność: Wi-Fi, USB;Epson WorkForce WF-2930 to drukarka z oferty TechStore. Produkt dostarczany jest w oryginalnym opakowaniu producenta i objęty pełną obsługą serwisową.;produkt.html?id=1083
1084;AKC-71870;Trust GXT 922 Ybar niebieski;Akcesoria;Trust;799.99;PLN;799.99;;False;3.1;2250;Dostępny;18;0.6;niebieski;37,5 × 17,3 × 4,4 cm;aluminium;2026-08-20;2026-04-28;24;24 mies.;24 h;0.0;TechStore;5905799961953;TRGXT922YB-154;Indie;urządzenie, odbiornik/kabel, instrukcja;Łączność: przewodowa USB | Zasilanie: akumulator | Kompatybilność: Windows;Trust GXT 922 Ybar to akcesorium komputerowe z oferty TechStore. Produkt dostarczany jest w oryginalnym opakowaniu producenta i objęty pełną obsługą serwisową.;produkt.html?id=1084
1360;AKC-67617;Logitech G502 X różowy;Akcesoria;Logitech;898.66;EUR;208.99;;False;;1083;Dostępny;90;0.53;różowy;24,0 × 42,2 × 21,7 cm;aluminium;2024-02-29;2023-02-12;36;36 mies.;24 h;0.0;Partner: ElektroHurt;5905767411114;LOG502X-869;Tajlandia;urządzenie, odbiornik/kabel, instrukcja;Łączność: Bluetooth | Zasilanie: akumulator | Kompatybilność: Windows;Logitech G502 X to akcesorium komputerowe z oferty TechStore. Produkt dostarczany jest w oryginalnym opakowaniu producenta i objęty pełną obsługą serwisową.;produkt.html?id=1360
1085;LAP-52024;HP Pavilion 15 16/1 TB;Laptopy;HP;5069.99;PLN;5069.99;;False;3.4;1733;Dostępny;64;1.33;czarny;56,5 × 40,0 × 16,2 cm;aluminium i tworzywo;2024-02-05;2022-07-22;;brak;24 h;0.0;TechStore;5902116844558;HPPAVILION-740;Malezja;laptop, zasilacz, instrukcja;"Procesor: Intel Core i7-1355U | Ekran: 15,6"" 1920×1080 | System operacyjny: Windows 11 Home";HP Pavilion 15 to laptop z oferty TechStore. Produkt dostarczany jest w oryginalnym opakowaniu producenta i objęty pełną obsługą serwisową.;produkt.html?id=1085
1086;SMA-87325;Xiaomi 14T 6/128 GB;Smartfony;Xiaomi;3049.99;PLN;3049.99;;False;3.2;418;Dostępny;84;0.2;czarny;56,9 × 15,3 × 1,7 cm;aluminium i tworzywo;2024-08-13;2023-01-25;;brak;24 h;0.0;TechStore;5907014784992;XI14T-134;Indie;telefon, kabel USB-C, kluczyk do karty SIM;"Przekątna ekranu: 6,1"" | Aparat główny: 108 Mpx | Bateria: 5500 mAh";Xiaomi 14T to smartfon z oferty TechStore. Produkt dostarczany jest w oryginalnym opakowaniu producenta i objęty pełną obsługą serwisową.;produkt.html?id=1086
1087;SLU-86700;Sennheiser Momentum 4 niebieskie;Słuchawki;Sennheiser;1599.99;PLN;1599.99;;False;;171;Dostępny;45;0.07;niebieskie;20,0 × 18,3 × 8,2 cm;stal i tworzywo;2025-08-02;2024-07-25;12;12 mies.;24 h;0.0;TechStore;5904684203407;SEMOMENTUM-491;Malezja;słuchawki, etui, kabel USB-C;Typ: nauszne | Łączność: Bluetooth 5.3 | Czas pracy: 60 h;Sennheiser Momentum 4 to słuchawki z oferty TechStore. Produkt dostarczany jest w oryginalnym opakowaniu producenta i objęty pełną obsługą serwisową.;produkt.html?id=1087
1088;MON-22574;LG 32UN650 + kabel DisplayPort;Monitory;LG;1319.99;PLN;1319.99;;False;4.7;1325;Niedostępny;0;3.47;czarny;29,3 × 40,7 × 4,0 cm;stal i tworzywo;2024-03-03;2023-03-30;36;36 mies.;brak terminu;0.0;TechStore;5907001537910;LG32UN650-198;Tajwan;monitor, podstawa, kabel zasilający, kabel HDMI;"Przekątna: 31,5"" | Rozdzielczość: 2560×1440 | Odświeżanie: 165 Hz";LG 32UN650 to monitor z oferty TechStore. Produkt dostarczany jest w oryginalnym opakowaniu producenta i objęty pełną obsługą serwisową.;produkt.html?id=1088
1089;DRU-34732;Epson WorkForce WF-2930 + ryza papieru A4;Drukarki;Epson;1559.99;PLN;1559.99;1732.99;True;4.2;124;Niedostępny;0;11.7;szary;39,4 × 19,6 × 22,8 cm;stal i tworzywo;2024-09-08;2024-02-11;24;24 mies.;brak terminu;0.0;TechStore;5902644081869;EPWORKFORC-437;Chiny;drukarka, startowy materiał eksploatacyjny, kabel zasilający;Technologia druku: atramentowa kolor | Prędkość druku: 34 str./min | Łączność: USB;Epson WorkForce WF-2930 to drukarka z oferty TechStore. Produkt dostarczany jest w oryginalnym opakowaniu producenta i objęty pełną obsługą serwisową.;produkt.html?id=1089
1090;AKC-98072;Trust GXT 711 Dominus różowy;Akcesoria;Trust;849.99;PLN;849.99;;False;4.2;405;Niedostępny;0;0.54;różowy;43,3 × 16,4 × 12,6 cm;aluminium i tworzywo;2026-04-16;2024-07-12;24;24 mies.;brak terminu;0.0;TechStore;5909464321077;TRGXT711DO-231;Indie;urządzenie, odbiornik/kabel, instrukcja;Łączność: przewodowa USB | Zasilanie: bateria AA | Kompatybilność: Windows;Trust GXT 711 Dominus to akcesorium komputerowe z oferty TechStore. Produkt dostarczany jest w oryginalnym opakowaniu producenta i objęty pełną obsługą serwisową.;produkt.html?id=1090
1091;LAP-68617;Lenovo IdeaPad Slim 5 16/512 GB;Laptopy;Lenovo;3709.99;PLN;3709.99;4229.99;True;4.0;1823;Dostępny;10;1.38;niebieski;26,6 × 42,8 × 18,7 cm;aluminium;2024-12-03;2024-09-28;24;24 mies.;24 h;0.0;TechStore Outlet;5904405143815;LEIDEAPADS-691;Tajwan;laptop, zasilacz, instrukcja;"Procesor: AMD Ryzen 7 7735HS | Ekran: 15,6"" 1920×1080 | System operacyjny: Windows 11 Home";Lenovo IdeaPad Slim 5 to laptop z oferty TechStore. Produkt dostarczany jest w oryginalnym opakowaniu producenta i objęty pełną obsługą serwisową.;produkt.html?id=1091
1092;SMA-66523;Xiaomi 14T 8/256 GB;Smartfony;Xiaomi;1329.99;PLN;1329.99;;False;4.7;973;Dostępny;35;0.21;biały;24,9 × 21,0 × 22,8 cm;aluminium;2025-06-24;2024-05-03;;brak;24 h;0.0;Partner: ElektroHurt;5904626857213;XI14T-153;Malezja;telefon, kabel USB-C, kluczyk do karty SIM;"Przekątna ekranu: 6,6"" | Aparat główny: 50 Mpx | Bateria: 5000 mAh";Xiaomi 14T to smartfon z oferty TechStore. Produkt dostarczany jest w oryginalnym opakowaniu producenta i objęty pełną obsługą serwisową.;produkt.html?id=1092
1093;SLU-41451;Sony WH-CH720N czarne;Słuchawki;Sony;1319.99;PLN;1319.99;;False;4.4;1606;Niedostępny;0;0.06;czarne;49,8 × 34,1 × 6,2 cm;tworzywo sztuczne;2025-03-26;2024-02-19;12;12 mies.;brak terminu;0.0;TechStore Outlet;5903864823768;SOWHCH720N-438;Malezja;słuchawki, etui, kabel USB-C;Typ: douszne | Łączność: Bluetooth 5.3 | Czas pracy: 40 h;Sony WH-CH720N to słuchawki z oferty TechStore. Produkt dostarczany jest w oryginalnym opakowaniu producenta i objęty pełną obsługą serwisową.;produkt.html?id=1093
1094;MON-30866;Dell S2721DS + uchwyt VESA;Monitory;Dell;2429.99;PLN;2429.99;;False;;1572;Niedostępny;0;7.46;czarny;38,9 × 26,0 × 7,4 cm;aluminium i tworzywo;2024-02-07;2023-08-21;48;48 mies.;brak terminu;0.0;TechStore;5903178571042;DES2721DS-363;Wietnam;monitor, podstawa, kabel zasilający, kabel HDMI;"Przekątna: 31,5"" | Rozdzielczość: 2560×1440 | Odświeżanie: 144 Hz";Dell S2721DS to monitor z oferty TechStore. Produkt dostarczany jest w oryginalnym opakowaniu producenta i objęty pełną obsługą serwisową.;produkt.html?id=1094
1095;DRU-33599;Xerox B230;Drukarki;Xerox;1649.99;PLN;1649.99;;False;;879;Na zamówienie;0;14.28;czarny;23,6 × 39,4 × 3,0 cm;stal i tworzywo;2024-07-19;2023-09-17;24;24 mies.;do 14 dni;0.0;TechStore;5909511790277;XEB230-977;Tajwan;drukarka, startowy materiał eksploatacyjny, kabel zasilający;Technologia druku: atramentowa kolor | Prędkość druku: 34 str./min | Łączność: Wi-Fi, LAN, USB;Xerox B230 to drukarka z oferty TechStore. Produkt dostarczany jest w oryginalnym opakowaniu producenta i objęty pełną obsługą serwisową.;produkt.html?id=1095
1096;AKC-99634;Razer BlackWidow V4 biały;Akcesoria;Razer;159.99;PLN;159.99;;False;4.2;1387;Niedostępny;0;0.86;biały;18,9 × 9,0 × 6,3 cm;stal i tworzywo;2026-04-01;2025-08-27;24;24 mies.;brak terminu;14.99;Partner: ElektroHurt;5906205548958;RABLACKWID-527;Chiny;urządzenie, odbiornik/kabel, instrukcja;Łączność: bezprzewodowa 2,4 GHz | Zasilanie: z kabla USB | Kompatybilność: Windows;Razer BlackWidow V4 to akcesorium komputerowe z oferty TechStore. Produkt dostarczany jest w oryginalnym opakowaniu producenta i objęty pełną obsługą serwisową.;produkt.html?id=1096
1097;LAP-69779;Acer Aspire 5 32/2 TB;Laptopy;Acer;4459.99;PLN;4459.99;5397.99;True;3.8;1264;Dostępny;31;1.21;srebrny;10,6 × 13,1 × 23,6 cm;stal i tworzywo;2026-02-25;2025-08-28;36;36 mies.;24 h;0.0;TechStore Outlet;5906863678006;ACASPIRE5-418;Wietnam;laptop, zasilacz, instrukcja;"Procesor: AMD Ryzen 7 7735HS | Ekran: 16"" 2560×1600 | System operacyjny: bez systemu";Acer Aspire 5 to laptop z oferty TechStore. Produkt dostarczany jest w oryginalnym opakowaniu producenta i objęty pełną obsługą serwisową.;produkt.html?id=1097
1098;SMA-96708;Samsung Galaxy A35 8/256 GB;Smartfony;Samsung;1159.99;PLN;1159.99;;False;4.3;356;Dostępny;14;0.23;czarny;44,8 × 9,5 × 6,8 cm;tworzywo sztuczne;2024-02-01;2023-12-22;24;24 mies.;24 h;0.0;TechStore;5900524900751;SAGALAXYA3-367;Wietnam;telefon, kabel USB-C, kluczyk do karty SIM;"Przekątna ekranu: 6,7"" | Aparat główny: 50 Mpx | Bateria: 5000 mAh";Samsung Galaxy A35 to smartfon z oferty TechStore. Produkt dostarczany jest w oryginalnym opakowaniu producenta i objęty pełną obsługą serwisową.;produkt.html?id=1098
1099;SLU-73660;Sony WF-C700N beżowe;Słuchawki;Sony;229.99;PLN;229.99;262.99;True;;1628;Niedostępny;0;0.16;beżowe;56,3 × 9,4 × 8,3 cm;aluminium;2025-06-27;2025-03-03;12;12 mies.;brak terminu;14.99;TechStore;5908318453145;SOWFC700N-332;Indie;słuchawki, etui, kabel USB-C;Typ: nauszne | Łączność: Bluetooth 5.2 | Czas pracy: 50 h;Sony WF-C700N to słuchawki z oferty TechStore. Produkt dostarczany jest w oryginalnym opakowaniu producenta i objęty pełną obsługą serwisową.;produkt.html?id=1099
1100;MON-46928;iiyama ProLite XUB2493;Monitory;iiyama;529.99;PLN;529.99;;False;3.2;1723;Na zamówienie;0;6.9;grafitowy;29,9 × 31,6 × 14,8 cm;aluminium i tworzywo;2024-06-08;2023-08-18;48;48 mies.;do 14 dni;0.0;Partner: ElektroHurt;5909011251578;IIPROLITEX-736;Tajlandia;monitor, podstawa, kabel zasilający, kabel HDMI;"Przekątna: 23,8"" | Rozdzielczość: 1920×1080 | Odświeżanie: 180 Hz";iiyama ProLite XUB2493 to monitor z oferty TechStore. Produkt dostarczany jest w oryginalnym opakowaniu producenta i objęty pełną obsługą serwisową.;produkt.html?id=1100
1101;DRU-21601;Epson EcoTank L3270 + etui na dokumenty;Drukarki;Epson;1369.99;PLN;1369.99;;False;;1530;Ostatnie sztuki;4;7.96;grafitowy;31,4 × 17,3 × 2,0 cm;aluminium i tworzywo;2025-07-21;2024-07-23;36;36 mies.;1–2 dni robocze;0.0;Partner: ElektroHurt;5909030748991;EPECOTANKL-714;Wietnam;drukarka, startowy materiał eksploatacyjny, kabel zasilający;Technologia druku: laserowa kolor | Prędkość druku: 34 str./min | Łączność: Wi-Fi, LAN, USB;Epson EcoTank L3270 to drukarka z oferty TechStore. Produkt dostarczany jest w oryginalnym opakowaniu producenta i objęty pełną obsługą serwisową.;produkt.html?id=1101
1102;AKC-83949;SteelSeries Rival 3 grafitowy;Akcesoria;SteelSeries;839.99;PLN;839.99;;False;3.5;1024;Niedostępny;0;0.51;grafitowy;26,7 × 13,1 × 11,9 cm;stal i tworzywo;2025-12-12;2025-09-12;36;36 mies.;brak terminu;0.0;TechStore Outlet;5901327853812;STRIVAL3-729;Chiny;urządzenie, odbiornik/kabel, instrukcja;Łączność: Bluetooth | Zasilanie: z kabla USB | Kompatybilność: Windows, macOS;SteelSeries Rival 3 to akcesorium komputerowe z oferty TechStore. Produkt dostarczany jest w oryginalnym opakowaniu producenta i objęty pełną obsługą serwisową.;produkt.html?id=1102
1103;LAP-33797;Acer Nitro V15 16/1 TB;Laptopy;Acer;6959.99;PLN;6959.99;;False;4.7;261;Na zamówienie;0;2.09;grafitowy;32,0 × 14,2 × 3,7 cm;aluminium;2025-02-24;2023-09-03;24;24 mies.;do 14 dni;0.0;TechStore;5904389032706;ACNITROV15-733;Tajwan;laptop, zasilacz, instrukcja;"Procesor: Intel Core i5-1335U | Ekran: 16"" 2560×1600 | System operacyjny: Windows 11 Home";Acer Nitro V15 to laptop z oferty TechStore. Produkt dostarczany jest w oryginalnym opakowaniu producenta i objęty pełną obsługą serwisową.;produkt.html?id=1103
1104;SMA-90433;Apple iPhone 15 12/256 GB;Smartfony;Apple;2499.99;PLN;2499.99;2827.99;True;5.0;2172;Niedostępny;0;0.23;grafitowy;19,4 × 25,4 × 24,4 cm;aluminium i tworzywo;2024-06-23;2023-10-03;24;24 mies.;brak terminu;0.0;Partner: ElektroHurt;5900364270575;APIPHONE15-432;Chiny;telefon, kabel USB-C, kluczyk do karty SIM;"Przekątna ekranu: 6,7"" | Aparat główny: 64 Mpx | Bateria: 5500 mAh";Apple iPhone 15 to smartfon z oferty TechStore. Produkt dostarczany jest w oryginalnym opakowaniu producenta i objęty pełną obsługą serwisową.;produkt.html?id=1104
1105;SLU-75524;Jabra Elite 85t czarne;Słuchawki;Jabra;1489.99;PLN;1489.99;;False;4.8;197;Dostępny;102;0.32;czarne;19,0 × 29,7 × 14,2 cm;aluminium;2024-07-27;2023-10-11;24;24 mies.;24 h;0.0;TechStore;5905747196683;JAELITE85T-221;Tajlandia;słuchawki, etui, kabel USB-C;Typ: dokanałowe | Łączność: Bluetooth 5.3 | Czas pracy: 40 h;Jabra Elite 85t to słuchawki z oferty TechStore. Produkt dostarczany jest w oryginalnym opakowaniu producenta i objęty pełną obsługą serwisową.;produkt.html?id=1105
1106;MON-39672;Samsung Odyssey G5 + głośniki USB;Monitory;Samsung;559.96;USD;139.99;;False;;1206;Na zamówienie;0;6.3;srebrny;6,6 × 6,6 × 12,4 cm;aluminium i tworzywo;2025-04-07;2024-02-24;36;36 mies.;do 14 dni;0.0;Partner: ElektroHurt;5901212779262;SAODYSSEYG-594;Wietnam;monitor, podstawa, kabel zasilający, kabel HDMI;"Przekątna: 23,8"" | Rozdzielczość: 1920×1080 | Odświeżanie: 144 Hz";Samsung Odyssey G5 to monitor z oferty TechStore. Produkt dostarczany jest w oryginalnym opakowaniu producenta i objęty pełną obsługą serwisową.;produkt.html?id=1106
1107;DRU-39532;HP LaserJet M110we + zapasowy toner;Drukarki;HP;1659.99;PLN;1659.99;;False;3.3;1057;Dostępny;27;6.31;biały;14,5 × 32,1 × 8,5 cm;stal i tworzywo;2025-06-22;2024-07-05;24;24 mies.;24 h;0.0;TechStore;5905486080222;HPLASERJET-301;Wietnam;drukarka, startowy materiał eksploatacyjny, kabel zasilający;Technologia druku: atramentowa kolor | Prędkość druku: 20 str./min | Łączność: USB;HP LaserJet M110we to drukarka z oferty TechStore. Produkt dostarczany jest w oryginalnym opakowaniu producenta i objęty pełną obsługą serwisową.;produkt.html?id=1107
1108;AKC-49517;Logitech MX Keys S niebieski;Akcesoria;Logitech;289.99;PLN;289.99;361.99;True;4.2;871;Dostępny;23;0.2;niebieski;39,4 × 34,1 × 13,4 cm;tworzywo sztuczne;2024-01-08;2023-02-05;24;24 mies.;24 h;14.99;Partner: ElektroHurt;5901445653382;LOMXKEYSS-311;Malezja;urządzenie, odbiornik/kabel, instrukcja;Łączność: Bluetooth | Zasilanie: akumulator | Kompatybilność: Windows, macOS;Logitech MX Keys S to akcesorium komputerowe z oferty TechStore. Produkt dostarczany jest w oryginalnym opakowaniu producenta i objęty pełną obsługą serwisową.;produkt.html?id=1108
1109;LAP-47524;Acer Swift Go 14 8/256 GB;Laptopy;Acer;7059.99;PLN;7059.99;;False;4.6;864;Dostępny;63;2.24;biały;34,4 × 16,8 × 7,5 cm;aluminium;2024-06-20;2023-05-22;;brak;24 h;0.0;TechStore Outlet;5906523903590;ACSWIFTGO1-881;Tajlandia;laptop, zasilacz, instrukcja;"Procesor: AMD Ryzen 5 7530U | Ekran: 14"" 1920×1200 | System operacyjny: Windows 11 Home";Acer Swift Go 14 to laptop z oferty TechStore. Produkt dostarczany jest w oryginalnym opakowaniu producenta i objęty pełną obsługą serwisową.;produkt.html?id=1109
1110;SMA-23018;Google Pixel 9 12/256 GB;Smartfony;Google;2739.99;PLN;2739.99;;False;4.8;1270;Dostępny;44;0.22;szary;20,6 × 24,8 × 17,8 cm;aluminium;2025-06-04;2025-03-27;;brak;24 h;0.0;TechStore Outlet;5903207653646;GOPIXEL9-150;Malezja;telefon, kabel USB-C, kluczyk do karty SIM;"Przekątna ekranu: 6,6"" | Aparat główny: 50 Mpx | Bateria: 5500 mAh";Google Pixel 9 to smartfon z oferty TechStore. Produkt dostarczany jest w oryginalnym opakowaniu producenta i objęty pełną obsługą serwisową.;produkt.html?id=1110
1111;SLU-75774;Jabra Elite 8 Active niebieskie;Słuchawki;Jabra;1779.99;PLN;1779.99;;False;4.0;1424;Dostępny;95;0.08;niebieskie;46,8 × 4,3 × 3,1 cm;tworzywo sztuczne;2024-10-11;2024-07-08;12;12 mies.;24 h;0.0;TechStore;5901617591150;JAELITE8AC-756;Tajwan;słuchawki, etui, kabel USB-C;Typ: nauszne | Łączność: Bluetooth 5.2 | Czas pracy: 50 h;Jabra Elite 8 Active to słuchawki z oferty TechStore. Produkt dostarczany jest w oryginalnym opakowaniu producenta i objęty pełną obsługą serwisową.;produkt.html?id=1111
1112;MON-98388;Dell U2424H + głośniki USB;Monitory;Dell;1139.99;PLN;1139.99;;False;4.1;1781;Niedostępny;0;6.66;grafitowy;32,6 × 13,8 × 10,1 cm;tworzywo sztuczne;2025-08-13;2024-08-09;36;36 mies.;brak terminu;0.0;TechStore;5903308694329;DEU2424H-818;Malezja;monitor, podstawa, kabel zasilający, kabel HDMI;"Przekątna: 23,8"" | Rozdzielczość: 1920×1080 | Odświeżanie: 180 Hz";Dell U2424H to monitor z oferty TechStore. Produkt dostarczany jest w oryginalnym opakowaniu producenta i objęty pełną obsługą serwisową.;produkt.html?id=1112
1113;DRU-24123;Xerox B230 + ryza papieru A4;Drukarki;Xerox;679.99;PLN;679.99;;False;;987;Dostępny;17;12.58;szary;56,9 × 33,3 × 14,4 cm;stal i tworzywo;2025-08-02;2024-08-19;24;24 mies.;24 h;0.0;Partner: ElektroHurt;5905017832633;XEB230-824;Indie;drukarka, startowy materiał eksploatacyjny, kabel zasilający;Technologia druku: laserowa kolor | Prędkość druku: 20 str./min | Łączność: Wi-Fi, LAN, USB;Xerox B230 to drukarka z oferty TechStore. Produkt dostarczany jest w oryginalnym opakowaniu producenta i objęty pełną obsługą serwisową.;produkt.html?id=1113
1114;AKC-13028;Trust GXT 711 Dominus czarny;Akcesoria;Trust;729.99;PLN;729.99;;False;3.9;2367;Dostępny;114;0.42;czarny;53,9 × 21,3 × 12,9 cm;stal i tworzywo;2026-06-19;2025-08-25;24;24 mies.;24 h;0.0;TechStore Outlet;5901655728547;TRGXT711DO-502;Tajwan;urządzenie, odbiornik/kabel, instrukcja;Łączność: Bluetooth | Zasilanie: z kabla USB | Kompatybilność: Windows, macOS;Trust GXT 711 Dominus to akcesorium komputerowe z oferty TechStore. Produkt dostarczany jest w oryginalnym opakowaniu producenta i objęty pełną obsługą serwisową.;produkt.html?id=1114
1115;LAP-19872;ASUS TUF Gaming A15 32/1 TB;Laptopy;ASUS;2449.99;PLN;2449.99;;False;4.6;1243;Dostępny;34;2.12;grafitowy;18,7 × 41,3 × 8,4 cm;aluminium;2024-12-23;2023-11-27;24;24 mies.;24 h;0.0;TechStore;5904433294303;ASTUFGAMIN-152;Malezja;laptop, zasilacz, instrukcja;"Procesor: AMD Ryzen 7 7735HS | Ekran: 16"" 2560×1600 | System operacyjny: bez systemu";ASUS TUF Gaming A15 to laptop z oferty TechStore. Produkt dostarczany jest w oryginalnym opakowaniu producenta i objęty pełną obsługą serwisową.;produkt.html?id=1115
1116;SMA-32353;Xiaomi Redmi Note 13 8/256 GB;Smartfony;Xiaomi;1309.99;PLN;1309.99;1432.99;True;;156;Dostępny;5;0.23;biały;50,7 × 39,2 × 5,8 cm;stal i tworzywo;2025-02-01;2024-01-24;;brak;24 h;0.0;TechStore;5906186694155;XIREDMINOT-900;Indie;telefon, kabel USB-C, kluczyk do karty SIM;"Przekątna ekranu: 6,6"" | Aparat główny: 64 Mpx | Bateria: 5000 mAh";Xiaomi Redmi Note 13 to smartfon z oferty TechStore. Produkt dostarczany jest w oryginalnym opakowaniu producenta i objęty pełną obsługą serwisową.;produkt.html?id=1116
1117;SLU-51118;Logitech Zone Vibe 100 beżowe;Słuchawki;Logitech;639.99;PLN;639.99;;False;4.9;403;Dostępny;65;0.07;beżowe;32,7 × 17,3 × 23,5 cm;aluminium i tworzywo;2026-05-26;2024-11-12;12;12 mies.;24 h;0.0;TechStore;5907462210229;LOZONEVIBE-898;Chiny;słuchawki, etui, kabel USB-C;Typ: dokanałowe | Łączność: Bluetooth 5.3 | Czas pracy: 40 h;Logitech Zone Vibe 100 to słuchawki z oferty TechStore. Produkt dostarczany jest w oryginalnym opakowaniu producenta i objęty pełną obsługą serwisową.;produkt.html?id=1117
1118;MON-81263;AOC 24G2U + kabel DisplayPort;Monitory;AOC;869.99;PLN;869.99;;False;4.9;1284;Dostępny;91;7.24;niebieski;17,1 × 21,2 × 2,7 cm;aluminium i tworzywo;2026-06-02;2025-04-07;36;36 mies.;24 h;0.0;Partner: ElektroHurt;5901465258324;AO24G2U-899;Indie;monitor, podstawa, kabel zasilający, kabel HDMI;"Przekątna: 31,5"" | Rozdzielczość: 3840×2160 | Odświeżanie: 165 Hz";AOC 24G2U to monitor z oferty TechStore. Produkt dostarczany jest w oryginalnym opakowaniu producenta i objęty pełną obsługą serwisową.;produkt.html?id=1118
1119;DRU-20599;Brother DCP-L2620DW;Drukarki;Brother;699.99;PLN;699.99;;False;;1627;Na zamówienie;0;14.33;szary;49,7 × 41,3 × 6,4 cm;aluminium i tworzywo;2026-04-23;2025-03-10;24;24 mies.;do 14 dni;0.0;TechStore Outlet;5907711729425;BRDCPL2620-496;Wietnam;drukarka, startowy materiał eksploatacyjny, kabel zasilający;Technologia druku: laserowa kolor | Prędkość druku: 30 str./min | Łączność: Wi-Fi, USB;Brother DCP-L2620DW to drukarka z oferty TechStore. Produkt dostarczany jest w oryginalnym opakowaniu producenta i objęty pełną obsługą serwisową.;produkt.html?id=1119
1120;AKC-35620;Logitech K380 różowy;Akcesoria;Logitech;79.99;PLN;79.99;;False;3.7;557;Dostępny;37;1.17;różowy;53,5 × 16,5 × 7,0 cm;tworzywo sztuczne;2026-05-16;2025-07-17;;brak;24 h;14.99;Partner: ElektroHurt;5900293258385;LOK380-218;Tajlandia;urządzenie, odbiornik/kabel, instrukcja;Łączność: Bluetooth | Zasilanie: akumulator | Kompatybilność: Windows, macOS, Linux;Logitech K380 to akcesorium komputerowe z oferty TechStore. Produkt dostarczany jest w oryginalnym opakowaniu producenta i objęty pełną obsługą serwisową.;produkt.html?id=1120
1121;LAP-86013;ASUS VivoBook 16 16/512 GB;Laptopy;ASUS;6839.99;PLN;6839.99;;False;4.8;2287;Na zamówienie;0;1.57;grafitowy;38,5 × 26,4 × 2,9 cm;aluminium i tworzywo;2026-08-13;2026-05-20;24;24 mies.;do 14 dni;0.0;TechStore Outlet;5906202292002;ASVIVOBOOK-723;Malezja;laptop, zasilacz, instrukcja;"Procesor: AMD Ryzen 5 7530U | Ekran: 14"" 1920×1200 | System operacyjny: Windows 11 Home";ASUS VivoBook 16 to laptop z oferty TechStore. Produkt dostarczany jest w oryginalnym opakowaniu producenta i objęty pełną obsługą serwisową.;produkt.html?id=1121
1122;SMA-42506;Samsung Galaxy A55 6/128 GB;Smartfony;Samsung;3839.99;PLN;3839.99;4539.99;True;4.7;265;Dostępny;99;0.22;czarny;53,3 × 4,9 × 1,3 cm;stal i tworzywo;2025-08-23;2025-02-26;;brak;24 h;0.0;Partner: ElektroHurt;5901715846835;SAGALAXYA5-776;Chiny;telefon, kabel USB-C, kluczyk do karty SIM;"Przekątna ekranu: 6,6"" | Aparat główny: 64 Mpx | Bateria: 5000 mAh";Samsung Galaxy A55 to smartfon z oferty TechStore. Produkt dostarczany jest w oryginalnym opakowaniu producenta i objęty pełną obsługą serwisową.;produkt.html?id=1122
1123;SLU-48502;Bose QuietComfort Ultra białe;Słuchawki;Bose;199.99;PLN;199.99;;False;3.5;346;Niedostępny;0;0.11;białe;7,6 × 20,6 × 19,2 cm;aluminium i tworzywo;2024-01-09;2023-07-21;12;12 mies.;brak terminu;14.99;TechStore;5905981341703;BOQUIETCOM-995;Tajlandia;słuchawki, etui, kabel USB-C;Typ: douszne | Łączność: Bluetooth 5.3 + jack 3,5 mm | Czas pracy: 60 h;Bose QuietComfort Ultra to słuchawki z oferty TechStore. Produkt dostarczany jest w oryginalnym opakowaniu producenta i objęty pełną obsługą serwisową.;produkt.html?id=1123
1124;MON-67810;Samsung Odyssey G5 + kabel USB-C;Monitory;Samsung;2419.99;PLN;2419.99;;False;4.8;906;Niedostępny;0;7.06;grafitowy;39,5 × 14,5 × 3,1 cm;tworzywo sztuczne;2026-02-01;2025-03-01;;brak;brak terminu;0.0;TechStore;5905578970285;SAODYSSEYG-771;Wietnam;monitor, podstawa, kabel zasilający, kabel HDMI;"Przekątna: 23,8"" | Rozdzielczość: 3840×2160 | Odświeżanie: 180 Hz";Samsung Odyssey G5 to monitor z oferty TechStore. Produkt dostarczany jest w oryginalnym opakowaniu producenta i objęty pełną obsługą serwisową.;produkt.html?id=1124
1125;DRU-45827;Brother DCP-L2620DW + kabel USB;Drukarki;Brother;1469.99;PLN;1469.99;;False;4.8;1808;Dostępny;70;6.4;szary;59,4 × 36,2 × 1,5 cm;aluminium;2024-11-11;2024-09-09;36;36 mies.;24 h;0.0;TechStore Outlet;5902554053737;BRDCPL2620-971;Tajwan;drukarka, startowy materiał eksploatacyjny, kabel zasilający;Technologia druku: laserowa kolor | Prędkość druku: 30 str./min | Łączność: USB;Brother DCP-L2620DW to drukarka z oferty TechStore. Produkt dostarczany jest w oryginalnym opakowaniu producenta i objęty pełną obsługą serwisową.;produkt.html?id=1125
1126;AKC-19187;Logitech MX Keys S biały;Akcesoria;Logitech;319.96;USD;79.99;87.99;True;;1293;Na zamówienie;0;1.13;biały;9,2 × 13,9 × 8,3 cm;aluminium i tworzywo;2025-05-13;2024-02-22;24;24 mies.;do 14 dni;0.0;TechStore;5901714176590;LOMXKEYSS-933;Wietnam;urządzenie, odbiornik/kabel, instrukcja;Łączność: Bluetooth | Zasilanie: akumulator | Kompatybilność: Windows, macOS;Logitech MX Keys S to akcesorium komputerowe z oferty TechStore. Produkt dostarczany jest w oryginalnym opakowaniu producenta i objęty pełną obsługą serwisową.;produkt.html?id=1126
1127;LAP-41936;HP EliteBook 840 8/256 GB;Laptopy;HP;4669.99;PLN;4669.99;;False;4.2;2228;Dostępny;43;2.09;niebieski;12,8 × 36,3 × 9,0 cm;tworzywo sztuczne;2026-02-23;2025-05-02;24;24 mies.;24 h;0.0;TechStore;5905729958470;HPELITEBOO-890;Indie;laptop, zasilacz, instrukcja;"Procesor: AMD Ryzen 5 7530U | Ekran: 16"" 2560×1600 | System operacyjny: Windows 11 Home";HP EliteBook 840 to laptop z oferty TechStore. Produkt dostarczany jest w oryginalnym opakowaniu producenta i objęty pełną obsługą serwisową.;produkt.html?id=1127
1128;SMA-59726;Samsung Galaxy A55 8/256 GB;Smartfony;Samsung;2109.99;PLN;2109.99;;False;4.8;2001;Dostępny;115;0.21;szary;33,5 × 31,6 × 20,8 cm;tworzywo sztuczne;2026-07-31;2025-04-28;24;24 mies.;24 h;0.0;TechStore;5905151974727;SAGALAXYA5-571;Tajwan;telefon, kabel USB-C, kluczyk do karty SIM;"Przekątna ekranu: 6,7"" | Aparat główny: 108 Mpx | Bateria: 4500 mAh";Samsung Galaxy A55 to smartfon z oferty TechStore. Produkt dostarczany jest w oryginalnym opakowaniu producenta i objęty pełną obsługą serwisową.;produkt.html?id=1128
1129;SLU-32158;JBL Tune Beam niebieskie;Słuchawki;JBL;1239.99;PLN;1239.99;1345.99;True;4.0;775;Dostępny;69;0.28;niebieskie;13,9 × 8,5 × 14,7 cm;stal i tworzywo;2025-04-27;2023-08-12;24;24 mies.;24 h;0.0;Partner: ElektroHurt;5905534312559;JBTUNEBEAM-147;Malezja;słuchawki, etui, kabel USB-C;Typ: douszne | Łączność: Bluetooth 5.2 | Czas pracy: 50 h;JBL Tune Beam to słuchawki z oferty TechStore. Produkt dostarczany jest w oryginalnym opakowaniu producenta i objęty pełną obsługą serwisową.;produkt.html?id=1129
1130;MON-31322;BenQ EW3280U + uchwyt VESA;Monitory;BenQ;1509.99;PLN;1509.99;;False;4.5;547;Dostępny;60;6.43;niebieski;14,7 × 34,3 × 5,8 cm;aluminium i tworzywo;2025-04-13;2023-11-07;36;36 mies.;24 h;0.0;Partner: ElektroHurt;5907870125029;BEEW3280U-703;Chiny;monitor, podstawa, kabel zasilający, kabel HDMI;"Przekątna: 27"" | Rozdzielczość: 3840×2160 | Odświeżanie: 180 Hz";BenQ EW3280U to monitor z oferty TechStore. Produkt dostarczany jest w oryginalnym opakowaniu producenta i objęty pełną obsługą serwisową.;produkt.html?id=1130
1131;DRU-20923;Brother MFC-L2800DW + zapasowy toner;Drukarki;Brother;959.99;PLN;959.99;;False;4.2;1537;Niedostępny;0;5.75;szary;15,5 × 29,4 × 6,7 cm;aluminium;2026-02-12;2024-12-26;36;36 mies.;brak terminu;0.0;TechStore;5909811911279;BRMFCL2800-703;Tajwan;drukarka, startowy materiał eksploatacyjny, kabel zasilający;Technologia druku: atramentowa kolor | Prędkość druku: 20 str./min | Łączność: Wi-Fi, LAN, USB;Brother MFC-L2800DW to drukarka z oferty TechStore. Produkt dostarczany jest w oryginalnym opakowaniu producenta i objęty pełną obsługą serwisową.;produkt.html?id=1131
1132;AKC-60667;Razer Basilisk V3 niebieski;Akcesoria;Razer;519.99;PLN;519.99;;False;;815;Ostatnie sztuki;4;0.12;niebieski;18,0 × 16,9 × 12,4 cm;stal i tworzywo;2024-04-27;2022-12-02;24;24 mies.;1–2 dni robocze;0.0;TechStore;5904551272030;RABASILISK-234;Wietnam;urządzenie, odbiornik/kabel, instrukcja;Łączność: bezprzewodowa 2,4 GHz | Zasilanie: bateria AA | Kompatybilność: Windows, macOS, Linux;Razer Basilisk V3 to akcesorium komputerowe z oferty TechStore. Produkt dostarczany jest w oryginalnym opakowaniu producenta i objęty pełną obsługą serwisową.;produkt.html?id=1132
1133;LAP-69278;Dell Latitude 5440 8/256 GB;Laptopy;Dell;5449.99;PLN;5449.99;6037.99;True;;857;Na zamówienie;0;1.58;czarny;31,4 × 18,4 × 13,4 cm;aluminium i tworzywo;2026-04-06;2026-01-06;24;24 mies.;do 14 dni;0.0;Partner: ElektroHurt;5902196013404;DELATITUDE-464;Wietnam;laptop, zasilacz, instrukcja;"Procesor: AMD Ryzen 7 7735HS | Ekran: 15,6"" 1920×1080 | System operacyjny: Windows 11 Pro";Dell Latitude 5440 to laptop z oferty TechStore. Produkt dostarczany jest w oryginalnym opakowaniu producenta i objęty pełną obsługą serwisową.;produkt.html?id=1133
1134;SMA-16175;Samsung Galaxy S24 12/512 GB;Smartfony;Samsung;2649.99;PLN;2649.99;;False;;2350;Dostępny;44;0.2;grafitowy;30,2 × 16,7 × 5,1 cm;stal i tworzywo;2024-04-24;2023-08-31;24;24 mies.;24 h;0.0;TechStore Outlet;5902569151750;SAGALAXYS2-831;Tajwan;telefon, kabel USB-C, kluczyk do karty SIM;"Przekątna ekranu: 6,7"" | Aparat główny: 200 Mpx | Bateria: 5500 mAh";Samsung Galaxy S24 to smartfon z oferty TechStore. Produkt dostarczany jest w oryginalnym opakowaniu producenta i objęty pełną obsługą serwisową.;produkt.html?id=1134
1135;SLU-82672;Logitech Zone Vibe 100 białe;Słuchawki;Logitech;809.99;PLN;809.99;880.99;True;3.7;699;Na zamówienie;0;0.19;białe;39,6 × 19,0 × 11,9 cm;stal i tworzywo;2025-03-15;2023-11-17;;brak;do 14 dni;0.0;TechStore;5901776039972;LOZONEVIBE-358;Malezja;słuchawki, etui, kabel USB-C;Typ: dokanałowe | Łączność: Bluetooth 5.3 + jack 3,5 mm | Czas pracy: 50 h;Logitech Zone Vibe 100 to słuchawki z oferty TechStore. Produkt dostarczany jest w oryginalnym opakowaniu producenta i objęty pełną obsługą serwisową.;produkt.html?id=1135
1136;MON-33875;Dell U2424H + kabel DisplayPort;Monitory;Dell;1039.99;PLN;1039.99;1231.99;True;3.9;1119;Dostępny;108;6.12;czarny;17,2 × 34,8 × 4,2 cm;aluminium;2025-08-20;2025-02-25;36;36 mies.;24 h;0.0;TechStore;5903517043556;DEU2424H-613;Chiny;monitor, podstawa, kabel zasilający, kabel HDMI;"Przekątna: 27"" | Rozdzielczość: 1920×1080 | Odświeżanie: 75 Hz";Dell U2424H to monitor z oferty TechStore. Produkt dostarczany jest w oryginalnym opakowaniu producenta i objęty pełną obsługą serwisową.;produkt.html?id=1136
1137;DRU-77312;HP LaserJet M110we;Drukarki;HP;1289.99;PLN;1289.99;;False;3.4;399;Na zamówienie;0;10.58;srebrny;19,3 × 5,4 × 6,6 cm;aluminium i tworzywo;2024-05-11;2023-03-02;;brak;do 14 dni;0.0;TechStore;5906352318069;HPLASERJET-656;Tajwan;drukarka, startowy materiał eksploatacyjny, kabel zasilający;Technologia druku: laserowa mono | Prędkość druku: 30 str./min | Łączność: Wi-Fi, LAN, USB;HP LaserJet M110we to drukarka z oferty TechStore. Produkt dostarczany jest w oryginalnym opakowaniu producenta i objęty pełną obsługą serwisową.;produkt.html?id=1137
1301;LAP-71164;Acer Nitro V15 32/2 TB;Laptopy;Acer;3491.56;EUR;811.99;907.99;True;3.7;1593;Dostępny;9;1.48;srebrny;57,3 × 43,2 × 15,9 cm;tworzywo sztuczne;2026-06-02;2025-06-25;24;24 mies.;24 h;0.0;Partner: ElektroHurt;5900586006212;ACNITROV15-598;Wietnam;laptop, zasilacz, instrukcja;"Procesor: AMD Ryzen 5 7530U | Ekran: 16"" 2560×1600 | System operacyjny: bez systemu";Acer Nitro V15 to laptop z oferty TechStore. Produkt dostarczany jest w oryginalnym opakowaniu producenta i objęty pełną obsługą serwisową.;produkt.html?id=1301
1138;AKC-22544;Logitech MX Master 3S biały;Akcesoria;Logitech;419.99;PLN;419.99;523.99;True;3.9;292;Dostępny;89;0.11;biały;52,1 × 18,9 × 22,9 cm;aluminium i tworzywo;2025-07-30;2024-11-03;24;24 mies.;24 h;0.0;TechStore Outlet;5905776311551;LOMXMASTER-251;Malezja;urządzenie, odbiornik/kabel, instrukcja;Łączność: przewodowa USB | Zasilanie: z kabla USB | Kompatybilność: Windows;Logitech MX Master 3S to akcesorium komputerowe z oferty TechStore. Produkt dostarczany jest w oryginalnym opakowaniu producenta i objęty pełną obsługą serwisową.;produkt.html?id=1138
1139;LAP-11552;Acer Nitro V15 8/256 GB;Laptopy;Acer;5079.99;PLN;5079.99;;False;4.0;1930;Dostępny;61;1.35;niebieski;52,0 × 22,1 × 17,4 cm;aluminium;2024-05-14;2023-10-23;24;24 mies.;24 h;0.0;TechStore;5908420620534;ACNITROV15-445;Indie;laptop, zasilacz, instrukcja;"Procesor: AMD Ryzen 5 7530U | Ekran: 16"" 2560×1600 | System operacyjny: Windows 11 Pro";Acer Nitro V15 to laptop z oferty TechStore. Produkt dostarczany jest w oryginalnym opakowaniu producenta i objęty pełną obsługą serwisową.;produkt.html?id=1139
1140;SMA-49353;Motorola Edge 50 Neo 8/128 GB;Smartfony;Motorola;1609.99;PLN;1609.99;;False;3.4;2167;Dostępny;16;0.22;szary;30,3 × 14,7 × 21,5 cm;aluminium;2026-05-11;2024-10-03;24;24 mies.;24 h;0.0;Partner: ElektroHurt;5908333231967;MOEDGE50NE-137;Chiny;telefon, kabel USB-C, kluczyk do karty SIM;"Przekątna ekranu: 6,6"" | Aparat główny: 200 Mpx | Bateria: 4500 mAh";Motorola Edge 50 Neo to smartfon z oferty TechStore. Produkt dostarczany jest w oryginalnym opakowaniu producenta i objęty pełną obsługą serwisową.;produkt.html?id=1140
1141;SLU-91483;JBL Tune 760NC zielone;Słuchawki;JBL;1589.99;PLN;1589.99;;False;4.5;735;Dostępny;113;0.05;zielone;7,3 × 4,2 × 19,0 cm;stal i tworzywo;2024-02-20;2023-09-15;24;24 mies.;24 h;0.0;Partner: ElektroHurt;5903899876763;JBTUNE760N-395;Wietnam;słuchawki, etui, kabel USB-C;Typ: dokanałowe | Łączność: Bluetooth 5.2 | Czas pracy: 30 h;JBL Tune 760NC to słuchawki z oferty TechStore. Produkt dostarczany jest w oryginalnym opakowaniu producenta i objęty pełną obsługą serwisową.;produkt.html?id=1141
1142;MON-75668;Dell P2723DE + kabel USB-C;Monitory;Dell;619.99;PLN;619.99;;False;4.2;1240;Ostatnie sztuki;3;5.27;czarny;17,7 × 28,6 × 5,4 cm;stal i tworzywo;2024-12-13;2023-08-29;48;48 mies.;1–2 dni robocze;0.0;TechStore;5905374183710;DEP2723DE-285;Chiny;monitor, podstawa, kabel zasilający, kabel HDMI;"Przekątna: 27"" | Rozdzielczość: 2560×1440 | Odświeżanie: 165 Hz";Dell P2723DE to monitor z oferty TechStore. Produkt dostarczany jest w oryginalnym opakowaniu producenta i objęty pełną obsługą serwisową.;produkt.html?id=1142
1143;DRU-12164;Xerox B230 + kabel USB;Drukarki;Xerox;1339.99;PLN;1339.99;1506.99;True;4.3;263;Dostępny;37;5.77;niebieski;44,8 × 24,7 × 24,5 cm;aluminium i tworzywo;2026-01-29;2024-03-01;36;36 mies.;24 h;0.0;TechStore Outlet;5903258275814;XEB230-583;Tajwan;drukarka, startowy materiał eksploatacyjny, kabel zasilający;Technologia druku: atramentowa kolor | Prędkość druku: 30 str./min | Łączność: Wi-Fi, LAN, USB;Xerox B230 to drukarka z oferty TechStore. Produkt dostarczany jest w oryginalnym opakowaniu producenta i objęty pełną obsługą serwisową.;produkt.html?id=1143
1144;AKC-37375;Microsoft Bluetooth Mouse różowy;Akcesoria;Microsoft;389.99;PLN;389.99;488.99;True;3.2;1651;Dostępny;95;0.9;różowy;33,6 × 33,0 × 2,0 cm;tworzywo sztuczne;2024-02-17;2023-09-02;;brak;24 h;0.0;TechStore Outlet;5901089587811;MIBLUETOOT-438;Tajwan;urządzenie, odbiornik/kabel, instrukcja;Łączność: bezprzewodowa 2,4 GHz | Zasilanie: z kabla USB | Kompatybilność: Windows, macOS;Microsoft Bluetooth Mouse to akcesorium komputerowe z oferty TechStore. Produkt dostarczany jest w oryginalnym opakowaniu producenta i objęty pełną obsługą serwisową.;produkt.html?id=1144
1145;LAP-44129;Dell Vostro 3520 8/256 GB;Laptopy;Dell;3769.99;PLN;3769.99;4409.99;True;4.9;1242;Niedostępny;0;1.99;biały;44,5 × 29,5 × 16,9 cm;tworzywo sztuczne;2026-08-24;2026-01-26;24;24 mies.;brak terminu;0.0;TechStore;5909505493033;DEVOSTRO35-127;Tajlandia;laptop, zasilacz, instrukcja;"Procesor: AMD Ryzen 7 7735HS | Ekran: 16"" 2560×1600 | System operacyjny: bez systemu";Dell Vostro 3520 to laptop z oferty TechStore. Produkt dostarczany jest w oryginalnym opakowaniu producenta i objęty pełną obsługą serwisową.;produkt.html?id=1145
1146;SMA-41433;Motorola Edge 40 12/256 GB;Smartfony;Motorola;2209.99;PLN;2209.99;;False;4.4;478;Ostatnie sztuki;4;0.19;srebrny;36,5 × 26,9 × 24,7 cm;stal i tworzywo;2025-09-03;2024-09-13;24;24 mies.;1–2 dni robocze;0.0;TechStore;5905217065644;MOEDGE40-752;Tajlandia;telefon, kabel USB-C, kluczyk do karty SIM;"Przekątna ekranu: 6,7"" | Aparat główny: 64 Mpx | Bateria: 5000 mAh";Motorola Edge 40 to smartfon z oferty TechStore. Produkt dostarczany jest w oryginalnym opakowaniu producenta i objęty pełną obsługą serwisową.;produkt.html?id=1146
1147;SLU-45079;Sony WF-C700N zielone;Słuchawki;Sony;1539.99;PLN;1539.99;;False;;445;Niedostępny;0;0.08;zielone;40,4 × 15,9 × 20,4 cm;tworzywo sztuczne;2026-03-18;2025-10-12;;brak;brak terminu;0.0;Partner: ElektroHurt;5900112083114;SOWFC700N-795;Indie;słuchawki, etui, kabel USB-C;Typ: dokanałowe | Łączność: Bluetooth 5.2 | Czas pracy: 50 h;Sony WF-C700N to słuchawki z oferty TechStore. Produkt dostarczany jest w oryginalnym opakowaniu producenta i objęty pełną obsługą serwisową.;produkt.html?id=1147
1148;MON-37050;BenQ MOBIUZ EX2710Q + kabel DisplayPort;Monitory;BenQ;1259.99;PLN;1259.99;;False;4.3;1911;Niedostępny;0;3.58;biały;53,5 × 9,9 × 18,4 cm;tworzywo sztuczne;2026-01-16;2025-05-08;48;48 mies.;brak terminu;0.0;TechStore Outlet;5907445786094;BEMOBIUZEX-510;Chiny;monitor, podstawa, kabel zasilający, kabel HDMI;"Przekątna: 31,5"" | Rozdzielczość: 3840×2160 | Odświeżanie: 180 Hz";BenQ MOBIUZ EX2710Q to monitor z oferty TechStore. Produkt dostarczany jest w oryginalnym opakowaniu producenta i objęty pełną obsługą serwisową.;produkt.html?id=1148
1149;DRU-57618;HP LaserJet M110we + etui na dokumenty;Drukarki;HP;499.96;USD;124.99;138.99;True;4.6;1891;Dostępny;11;11.02;szary;57,6 × 5,2 × 1,8 cm;tworzywo sztuczne;2025-10-27;2024-11-24;;brak;24 h;0.0;TechStore;5909211259138;HPLASERJET-732;Wietnam;drukarka, startowy materiał eksploatacyjny, kabel zasilający;Technologia druku: laserowa kolor | Prędkość druku: 34 str./min | Łączność: Wi-Fi, LAN, USB;HP LaserJet M110we to drukarka z oferty TechStore. Produkt dostarczany jest w oryginalnym opakowaniu producenta i objęty pełną obsługą serwisową.;produkt.html?id=1149
1151;LAP-57032;Dell Inspiron 15 16/512 GB;Laptopy;Dell;6859.99;PLN;6859.99;;False;3.4;1046;Niedostępny;0;1.38;biały;8,4 × 6,8 × 22,1 cm;aluminium;2025-01-10;2023-12-05;24;24 mies.;brak terminu;0.0;TechStore;5905313089998;DEINSPIRON-542;Malezja;laptop, zasilacz, instrukcja;"Procesor: AMD Ryzen 7 7735HS | Ekran: 16"" 2560×1600 | System operacyjny: bez systemu";Dell Inspiron 15 to laptop z oferty TechStore. Produkt dostarczany jest w oryginalnym opakowaniu producenta i objęty pełną obsługą serwisową.;produkt.html?id=1151
1152;SMA-35730;Apple iPhone 15 8/128 GB;Smartfony;Apple;2849.99;PLN;2849.99;;False;4.4;1105;Niedostępny;0;0.21;srebrny;39,4 × 26,8 × 14,2 cm;aluminium i tworzywo;2026-03-21;2024-05-25;24;24 mies.;brak terminu;0.0;TechStore;5904016405011;APIPHONE15-531;Wietnam;telefon, kabel USB-C, kluczyk do karty SIM;"Przekątna ekranu: 6,7"" | Aparat główny: 108 Mpx | Bateria: 4500 mAh";Apple iPhone 15 to smartfon z oferty TechStore. Produkt dostarczany jest w oryginalnym opakowaniu producenta i objęty pełną obsługą serwisową.;produkt.html?id=1152
1153;SLU-15408;JBL Tune Beam beżowe;Słuchawki;JBL;389.99;PLN;389.99;454.99;True;3.6;1724;Niedostępny;0;0.14;beżowe;22,2 × 13,8 × 20,0 cm;tworzywo sztuczne;2026-08-17;2026-03-07;12;12 mies.;brak terminu;0.0;TechStore;5903558835105;JBTUNEBEAM-427;Indie;słuchawki, etui, kabel USB-C;Typ: douszne | Łączność: Bluetooth 5.2 | Czas pracy: 60 h;JBL Tune Beam to słuchawki z oferty TechStore. Produkt dostarczany jest w oryginalnym opakowaniu producenta i objęty pełną obsługą serwisową.;produkt.html?id=1153
1154;MON-96305;BenQ MOBIUZ EX2710Q + kabel USB-C;Monitory;BenQ;739.56;EUR;171.99;186.99;True;4.1;2158;Dostępny;31;3.72;czarny;11,1 × 29,4 × 11,3 cm;tworzywo sztuczne;2025-05-17;2025-04-10;36;36 mies.;24 h;0.0;Partner: ElektroHurt;5904577609730;BEMOBIUZEX-827;Malezja;monitor, podstawa, kabel zasilający, kabel HDMI;"Przekątna: 27"" | Rozdzielczość: 1920×1080 | Odświeżanie: 75 Hz";BenQ MOBIUZ EX2710Q to monitor z oferty TechStore. Produkt dostarczany jest w oryginalnym opakowaniu producenta i objęty pełną obsługą serwisową.;produkt.html?id=1154
1155;DRU-20259;Brother MFC-L2800DW + ryza papieru A4;Drukarki;Brother;479.99;PLN;479.99;530.99;True;4.5;1121;Dostępny;38;11.79;grafitowy;57,6 × 29,2 × 8,6 cm;aluminium;2026-05-18;2025-11-08;24;24 mies.;24 h;0.0;TechStore;5904329348992;BRMFCL2800-606;Tajwan;drukarka, startowy materiał eksploatacyjny, kabel zasilający;Technologia druku: laserowa kolor | Prędkość druku: 20 str./min | Łączność: Wi-Fi, USB;Brother MFC-L2800DW to drukarka z oferty TechStore. Produkt dostarczany jest w oryginalnym opakowaniu producenta i objęty pełną obsługą serwisową.;produkt.html?id=1155
1156;AKC-91128;Trust GXT 711 Dominus niebieski;Akcesoria;Trust;289.99;PLN;289.99;;False;4.0;1570;Na zamówienie;0;0.58;niebieski;51,2 × 7,6 × 19,3 cm;aluminium;2026-02-03;2024-11-04;24;24 mies.;do 14 dni;14.99;TechStore;5907003471072;TRGXT711DO-482;Chiny;urządzenie, odbiornik/kabel, instrukcja;Łączność: przewodowa USB | Zasilanie: bateria AA | Kompatybilność: Windows;Trust GXT 711 Dominus to akcesorium komputerowe z oferty TechStore. Produkt dostarczany jest w oryginalnym opakowaniu producenta i objęty pełną obsługą serwisową.;produkt.html?id=1156
1157;LAP-93506;Dell Latitude 5440 16/1 TB;Laptopy;Dell;4809.99;PLN;4809.99;5792.99;True;5.0;1101;Dostępny;65;2.38;grafitowy;39,0 × 38,5 × 8,0 cm;aluminium i tworzywo;2026-08-07;2026-05-14;;brak;24 h;0.0;TechStore Outlet;5901718617004;DELATITUDE-709;Tajlandia;laptop, zasilacz, instrukcja;"Procesor: AMD Ryzen 7 7735HS | Ekran: 14"" 1920×1200 | System operacyjny: Windows 11 Home";Dell Latitude 5440 to laptop z oferty TechStore. Produkt dostarczany jest w oryginalnym opakowaniu producenta i objęty pełną obsługą serwisową.;produkt.html?id=1157
1158;SMA-27912;Motorola Moto G84 12/256 GB;Smartfony;Motorola;2739.99;PLN;2739.99;;False;3.9;1250;Dostępny;23;0.21;szary;20,8 × 11,0 × 9,7 cm;aluminium;2025-06-29;2024-08-11;;brak;24 h;0.0;TechStore;5904139365569;MOMOTOG84-874;Wietnam;telefon, kabel USB-C, kluczyk do karty SIM;"Przekątna ekranu: 6,6"" | Aparat główny: 50 Mpx | Bateria: 5500 mAh";Motorola Moto G84 to smartfon z oferty TechStore. Produkt dostarczany jest w oryginalnym opakowaniu producenta i objęty pełną obsługą serwisową.;produkt.html?id=1158
1159;SLU-73129;Sony WH-CH720N niebieskie;Słuchawki;Sony;479.96;USD;119.99;;False;4.4;506;Ostatnie sztuki;1;0.19;niebieskie;41,9 × 34,2 × 13,7 cm;stal i tworzywo;2024-06-09;2024-04-27;12;12 mies.;1–2 dni robocze;0.0;Partner: ElektroHurt;5902961781759;SOWHCH720N-862;Chiny;słuchawki, etui, kabel USB-C;Typ: douszne | Łączność: Bluetooth 5.2 | Czas pracy: 30 h;Sony WH-CH720N to słuchawki z oferty TechStore. Produkt dostarczany jest w oryginalnym opakowaniu producenta i objęty pełną obsługą serwisową.;produkt.html?id=1159
1160;MON-81917;iiyama G-Master GB2770 + głośniki USB;Monitory;iiyama;2369.99;PLN;2369.99;;False;3.4;1480;Na zamówienie;0;3.27;szary;4,4 × 31,5 × 17,7 cm;aluminium i tworzywo;2026-08-27;2025-10-30;;brak;do 14 dni;0.0;TechStore;5906536954017;IIGMASTERG-166;Tajlandia;monitor, podstawa, kabel zasilający, kabel HDMI;"Przekątna: 31,5"" | Rozdzielczość: 1920×1080 | Odświeżanie: 165 Hz";iiyama G-Master GB2770 to monitor z oferty TechStore. Produkt dostarczany jest w oryginalnym opakowaniu producenta i objęty pełną obsługą serwisową.;produkt.html?id=1160
1161;DRU-80985;Epson EcoTank L8050 + kabel USB;Drukarki;Epson;2019.99;PLN;2019.99;2615.99;True;4.8;1107;Dostępny;106;9.81;srebrny;30,8 × 9,8 × 5,5 cm;aluminium;2025-08-05;2024-05-23;24;24 mies.;24 h;0.0;TechStore;5909774329883;EPECOTANKL-411;Indie;drukarka, startowy materiał eksploatacyjny, kabel zasilający;Technologia druku: laserowa mono | Prędkość druku: 30 str./min | Łączność: Wi-Fi, LAN, USB;Epson EcoTank L8050 to drukarka z oferty TechStore. Produkt dostarczany jest w oryginalnym opakowaniu producenta i objęty pełną obsługą serwisową.;produkt.html?id=1161
1162;AKC-76329;SteelSeries Rival 3 różowy;Akcesoria;SteelSeries;639.99;PLN;639.99;;False;4.4;1628;Ostatnie sztuki;4;0.32;różowy;9,0 × 3,6 × 20,3 cm;stal i tworzywo;2026-02-08;2025-10-12;24;24 mies.;1–2 dni robocze;0.0;TechStore;5904624018867;STRIVAL3-904;Malezja;urządzenie, odbiornik/kabel, instrukcja;Łączność: Bluetooth | Zasilanie: akumulator | Kompatybilność: Windows, macOS;SteelSeries Rival 3 to akcesorium komputerowe z oferty TechStore. Produkt dostarczany jest w oryginalnym opakowaniu producenta i objęty pełną obsługą serwisową.;produkt.html?id=1162
1163;LAP-79781;HP ProBook 450 32/1 TB;Laptopy;HP;3359.96;USD;839.99;;False;3.2;2290;Ostatnie sztuki;3;1.34;biały;45,6 × 15,2 × 1,5 cm;tworzywo sztuczne;2025-01-05;2023-06-17;24;24 mies.;1–2 dni robocze;0.0;TechStore;5900485091444;HPPROBOOK4-769;Chiny;laptop, zasilacz, instrukcja;"Procesor: AMD Ryzen 7 7735HS | Ekran: 14"" 1920×1200 | System operacyjny: Windows 11 Home";HP ProBook 450 to laptop z oferty TechStore. Produkt dostarczany jest w oryginalnym opakowaniu producenta i objęty pełną obsługą serwisową.;produkt.html?id=1163
1164;SMA-84451;Motorola Moto G84 8/128 GB;Smartfony;Motorola;1219.99;PLN;1219.99;1358.99;True;4.8;321;Dostępny;11;0.23;srebrny;8,8 × 43,5 × 23,2 cm;aluminium;2024-05-30;2023-05-12;;brak;24 h;0.0;TechStore;5905759885287;MOMOTOG84-593;Chiny;telefon, kabel USB-C, kluczyk do karty SIM;"Przekątna ekranu: 6,1"" | Aparat główny: 50 Mpx | Bateria: 5500 mAh";Motorola Moto G84 to smartfon z oferty TechStore. Produkt dostarczany jest w oryginalnym opakowaniu producenta i objęty pełną obsługą serwisową.;produkt.html?id=1164
1165;SLU-49957;Jabra Elite 85t białe;Słuchawki;Jabra;1759.99;PLN;1759.99;2130.99;True;4.3;889;Dostępny;64;0.32;białe;30,6 × 12,1 × 17,0 cm;stal i tworzywo;2026-04-09;2024-11-12;;brak;24 h;0.0;TechStore;5900139253959;JAELITE85T-928;Malezja;słuchawki, etui, kabel USB-C;Typ: dokanałowe | Łączność: Bluetooth 5.2 | Czas pracy: 60 h;Jabra Elite 85t to słuchawki z oferty TechStore. Produkt dostarczany jest w oryginalnym opakowaniu producenta i objęty pełną obsługą serwisową.;produkt.html?id=1165
1166;MON-52088;AOC 24G2U + kabel USB-C;Monitory;AOC;1629.99;PLN;1629.99;;False;3.3;1536;Dostępny;16;5.71;czarny;52,3 × 26,9 × 22,4 cm;tworzywo sztuczne;2024-09-17;2022-11-25;;brak;24 h;0.0;TechStore;5900628543751;AO24G2U-952;Chiny;monitor, podstawa, kabel zasilający, kabel HDMI;"Przekątna: 27"" | Rozdzielczość: 3840×2160 | Odświeżanie: 144 Hz";AOC 24G2U to monitor z oferty TechStore. Produkt dostarczany jest w oryginalnym opakowaniu producenta i objęty pełną obsługą serwisową.;produkt.html?id=1166
1167;DRU-89039;Canon PIXMA TS5350i + kabel USB;Drukarki;Canon;1449.99;PLN;1449.99;;False;3.4;2372;Dostępny;7;6.24;srebrny;49,0 × 6,6 × 6,7 cm;aluminium i tworzywo;2025-01-17;2023-07-12;24;24 mies.;24 h;0.0;TechStore;5902250327087;CAPIXMATS5-304;Tajlandia;drukarka, startowy materiał eksploatacyjny, kabel zasilający;Technologia druku: laserowa kolor | Prędkość druku: 34 str./min | Łączność: Wi-Fi, USB;Canon PIXMA TS5350i to drukarka z oferty TechStore. Produkt dostarczany jest w oryginalnym opakowaniu producenta i objęty pełną obsługą serwisową.;produkt.html?id=1167
1168;AKC-92405;SteelSeries Apex 3 TKL czarny;Akcesoria;SteelSeries;439.99;PLN;439.99;;False;4.4;853;Dostępny;97;0.12;czarny;20,0 × 17,4 × 8,6 cm;stal i tworzywo;2024-06-27;2022-08-30;24;24 mies.;24 h;0.0;TechStore Outlet;5900149031083;STAPEX3TKL-246;Malezja;urządzenie, odbiornik/kabel, instrukcja;Łączność: Bluetooth | Zasilanie: akumulator | Kompatybilność: Windows, macOS, Linux;SteelSeries Apex 3 TKL to akcesorium komputerowe z oferty TechStore. Produkt dostarczany jest w oryginalnym opakowaniu producenta i objęty pełną obsługą serwisową.;produkt.html?id=1168
1169;LAP-71660;Dell Latitude 5440 32/2 TB;Laptopy;Dell;2309.99;PLN;2309.99;;False;3.9;1806;Dostępny;33;1.26;czarny;54,5 × 24,9 × 4,0 cm;aluminium i tworzywo;2026-04-12;2024-09-25;24;24 mies.;24 h;0.0;TechStore;5900648740208;DELATITUDE-407;Chiny;laptop, zasilacz, instrukcja;"Procesor: Intel Core i7-1355U | Ekran: 15,6"" 1920×1080 | System operacyjny: Windows 11 Home";Dell Latitude 5440 to laptop z oferty TechStore. Produkt dostarczany jest w oryginalnym opakowaniu producenta i objęty pełną obsługą serwisową.;produkt.html?id=1169
1170;SMA-67871;Xiaomi Poco X6 12/256 GB;Smartfony;Xiaomi;799.99;PLN;799.99;886.99;True;;559;Dostępny;54;0.21;niebieski;42,4 × 39,6 × 17,7 cm;tworzywo sztuczne;2025-04-18;2024-11-09;24;24 mies.;24 h;0.0;TechStore;5906838640463;XIPOCOX6-853;Malezja;telefon, kabel USB-C, kluczyk do karty SIM;"Przekątna ekranu: 6,1"" | Aparat główny: 200 Mpx | Bateria: 5000 mAh";Xiaomi Poco X6 to smartfon z oferty TechStore. Produkt dostarczany jest w oryginalnym opakowaniu producenta i objęty pełną obsługą serwisową.;produkt.html?id=1170
1171;SLU-56057;Bose QuietComfort Ultra czarne;Słuchawki;Bose;559.99;PLN;559.99;;False;4.3;136;Na zamówienie;0;0.14;czarne;16,6 × 7,7 × 3,1 cm;aluminium i tworzywo;2025-06-19;2024-07-01;;brak;do 14 dni;0.0;Partner: ElektroHurt;5908179553205;BOQUIETCOM-981;Wietnam;słuchawki, etui, kabel USB-C;Typ: douszne | Łączność: Bluetooth 5.2 | Czas pracy: 30 h;Bose QuietComfort Ultra to słuchawki z oferty TechStore. Produkt dostarczany jest w oryginalnym opakowaniu producenta i objęty pełną obsługą serwisową.;produkt.html?id=1171
1172;MON-68109;AOC 24G2U;Monitory;AOC;1719.99;PLN;1719.99;2047.99;True;;1169;Dostępny;34;3.52;czarny;8,1 × 43,6 × 4,8 cm;tworzywo sztuczne;2026-08-21;2025-06-24;36;36 mies.;24 h;0.0;TechStore;5906638099125;AO24G2U-217;Wietnam;monitor, podstawa, kabel zasilający, kabel HDMI;"Przekątna: 27"" | Rozdzielczość: 2560×1440 | Odświeżanie: 180 Hz";AOC 24G2U to monitor z oferty TechStore. Produkt dostarczany jest w oryginalnym opakowaniu producenta i objęty pełną obsługą serwisową.;produkt.html?id=1172
1173;DRU-62900;Xerox B225 + zapasowy toner;Drukarki;Xerox;1919.99;PLN;1919.99;;False;3.4;1823;Niedostępny;0;14.42;biały;16,2 × 15,4 × 10,4 cm;stal i tworzywo;2024-02-03;2022-05-03;24;24 mies.;brak terminu;0.0;TechStore;5901738315462;XEB225-862;Wietnam;drukarka, startowy materiał eksploatacyjny, kabel zasilający;Technologia druku: atramentowa kolor | Prędkość druku: 20 str./min | Łączność: USB;Xerox B225 to drukarka z oferty TechStore. Produkt dostarczany jest w oryginalnym opakowaniu producenta i objęty pełną obsługą serwisową.;produkt.html?id=1173
1174;AKC-80969;Razer BlackWidow V4 czarny;Akcesoria;Razer;699.99;PLN;699.99;;False;4.6;1550;Niedostępny;0;0.47;czarny;20,9 × 22,8 × 22,7 cm;aluminium;2024-02-06;2022-12-27;36;36 mies.;brak terminu;0.0;TechStore;5906663646907;RABLACKWID-137;Tajlandia;urządzenie, odbiornik/kabel, instrukcja;Łączność: przewodowa USB | Zasilanie: z kabla USB | Kompatybilność: Windows, macOS;Razer BlackWidow V4 to akcesorium komputerowe z oferty TechStore. Produkt dostarczany jest w oryginalnym opakowaniu producenta i objęty pełną obsługą serwisową.;produkt.html?id=1174
1175;LAP-27917;ASUS VivoBook 16 16/1 TB;Laptopy;ASUS;6099.99;PLN;6099.99;;False;4.3;1900;Niedostępny;0;1.96;szary;37,9 × 20,4 × 7,6 cm;aluminium;2026-06-09;2025-12-13;36;36 mies.;brak terminu;0.0;TechStore Outlet;5902745048555;ASVIVOBOOK-149;Tajwan;laptop, zasilacz, instrukcja;"Procesor: AMD Ryzen 5 7530U | Ekran: 16"" 2560×1600 | System operacyjny: Windows 11 Pro";ASUS VivoBook 16 to laptop z oferty TechStore. Produkt dostarczany jest w oryginalnym opakowaniu producenta i objęty pełną obsługą serwisową.;produkt.html?id=1175
1176;SMA-29500;Nokia G60 12/512 GB;Smartfony;Nokia;3689.99;PLN;3689.99;;False;;826;Dostępny;59;0.21;srebrny;53,4 × 36,2 × 9,6 cm;stal i tworzywo;2024-05-01;2022-09-22;;brak;24 h;0.0;TechStore;5900519755222;NOG60-121;Tajwan;telefon, kabel USB-C, kluczyk do karty SIM;"Przekątna ekranu: 6,1"" | Aparat główny: 50 Mpx | Bateria: 5000 mAh";Nokia G60 to smartfon z oferty TechStore. Produkt dostarczany jest w oryginalnym opakowaniu producenta i objęty pełną obsługą serwisową.;produkt.html?id=1176
1177;SLU-53005;Sony WF-C700N białe;Słuchawki;Sony;1549.99;PLN;1549.99;;False;;488;Dostępny;65;0.1;białe;4,0 × 23,9 × 7,2 cm;stal i tworzywo;2025-04-05;2023-06-12;12;12 mies.;24 h;0.0;TechStore;5906624863302;SOWFC700N-239;Chiny;słuchawki, etui, kabel USB-C;Typ: douszne | Łączność: Bluetooth 5.3 + jack 3,5 mm | Czas pracy: 40 h;Sony WF-C700N to słuchawki z oferty TechStore. Produkt dostarczany jest w oryginalnym opakowaniu producenta i objęty pełną obsługą serwisową.;produkt.html?id=1177
1178;MON-68391;Dell U2424H + kabel USB-C;Monitory;Dell;749.99;PLN;749.99;;False;3.4;1406;Ostatnie sztuki;3;4.36;grafitowy;10,0 × 36,1 × 13,9 cm;aluminium;2025-09-18;2024-11-19;36;36 mies.;1–2 dni robocze;0.0;Partner: ElektroHurt;5905113528826;DEU2424H-912;Indie;monitor, podstawa, kabel zasilający, kabel HDMI;"Przekątna: 23,8"" | Rozdzielczość: 3840×2160 | Odświeżanie: 180 Hz";Dell U2424H to monitor z oferty TechStore. Produkt dostarczany jest w oryginalnym opakowaniu producenta i objęty pełną obsługą serwisową.;produkt.html?id=1178
1179;DRU-40110;Canon i-SENSYS MF453dw + zapasowy toner;Drukarki;Canon;799.99;PLN;799.99;;False;4.7;633;Niedostępny;0;10.59;czarny;23,5 × 8,6 × 3,3 cm;aluminium i tworzywo;2024-05-09;2023-05-03;24;24 mies.;brak terminu;0.0;TechStore Outlet;5901765723157;CAISENSYSM-253;Tajlandia;drukarka, startowy materiał eksploatacyjny, kabel zasilający;Technologia druku: laserowa kolor | Prędkość druku: 30 str./min | Łączność: Wi-Fi, LAN, USB;Canon i-SENSYS MF453dw to drukarka z oferty TechStore. Produkt dostarczany jest w oryginalnym opakowaniu producenta i objęty pełną obsługą serwisową.;produkt.html?id=1179
1180;AKC-98002;Trust GXT 922 Ybar biały;Akcesoria;Trust;569.99;PLN;569.99;;False;4.4;673;Dostępny;110;1.04;biały;8,5 × 32,5 × 16,9 cm;stal i tworzywo;2025-08-27;2024-07-18;24;24 mies.;24 h;0.0;TechStore;5902558537940;TRGXT922YB-557;Tajwan;urządzenie, odbiornik/kabel, instrukcja;Łączność: bezprzewodowa 2,4 GHz | Zasilanie: bateria AA | Kompatybilność: Windows, macOS, Linux;Trust GXT 922 Ybar to akcesorium komputerowe z oferty TechStore. Produkt dostarczany jest w oryginalnym opakowaniu producenta i objęty pełną obsługą serwisową.;produkt.html?id=1180
1181;LAP-98973;Acer Nitro V15 32/1 TB;Laptopy;Acer;6759.99;PLN;6759.99;;False;4.8;890;Niedostępny;0;2.1;niebieski;45,1 × 36,2 × 17,0 cm;stal i tworzywo;2025-11-28;2024-10-15;24;24 mies.;brak terminu;0.0;TechStore Outlet;5903887265035;ACNITROV15-957;Indie;laptop, zasilacz, instrukcja;"Procesor: AMD Ryzen 7 7735HS | Ekran: 14"" 1920×1200 | System operacyjny: Windows 11 Home";Acer Nitro V15 to laptop z oferty TechStore. Produkt dostarczany jest w oryginalnym opakowaniu producenta i objęty pełną obsługą serwisową.;produkt.html?id=1181
1182;SMA-41777;Xiaomi Redmi Note 13 8/128 GB;Smartfony;Xiaomi;2649.99;PLN;2649.99;;False;4.5;1370;Dostępny;46;0.22;czarny;58,8 × 17,5 × 23,4 cm;aluminium i tworzywo;2025-10-18;2024-12-25;24;24 mies.;24 h;0.0;Partner: ElektroHurt;5907476929705;XIREDMINOT-443;Tajlandia;telefon, kabel USB-C, kluczyk do karty SIM;"Przekątna ekranu: 6,6"" | Aparat główny: 50 Mpx | Bateria: 5500 mAh";Xiaomi Redmi Note 13 to smartfon z oferty TechStore. Produkt dostarczany jest w oryginalnym opakowaniu producenta i objęty pełną obsługą serwisową.;produkt.html?id=1182
1183;SLU-18642;Sennheiser Accentum niebieskie;Słuchawki;Sennheiser;699.99;PLN;699.99;;False;3.2;619;Ostatnie sztuki;1;0.12;niebieskie;40,2 × 42,0 × 17,4 cm;stal i tworzywo;2026-06-16;2024-12-19;12;12 mies.;1–2 dni robocze;0.0;TechStore Outlet;5902894993817;SEACCENTUM-969;Chiny;słuchawki, etui, kabel USB-C;Typ: nauszne | Łączność: Bluetooth 5.2 | Czas pracy: 60 h;Sennheiser Accentum to słuchawki z oferty TechStore. Produkt dostarczany jest w oryginalnym opakowaniu producenta i objęty pełną obsługą serwisową.;produkt.html?id=1183
1184;MON-57489;LG 24MR400 + uchwyt VESA;Monitory;LG;1559.99;PLN;1559.99;;False;;1199;Dostępny;66;4.14;grafitowy;12,9 × 30,8 × 20,3 cm;aluminium;2026-05-27;2025-02-07;36;36 mies.;24 h;0.0;TechStore;5908222139339;LG24MR400-839;Tajwan;monitor, podstawa, kabel zasilający, kabel HDMI;"Przekątna: 23,8"" | Rozdzielczość: 2560×1440 | Odświeżanie: 144 Hz";LG 24MR400 to monitor z oferty TechStore. Produkt dostarczany jest w oryginalnym opakowaniu producenta i objęty pełną obsługą serwisową.;produkt.html?id=1184
1380;SMA-39714;Motorola Edge 50 Neo 6/128 GB;Smartfony;Motorola;1279.99;PLN;1279.99;;False;3.2;1191;Ostatnie sztuki;1;0.17;czarny;41,4 × 4,4 × 24,6 cm;tworzywo sztuczne;2025-01-10;2023-04-19;24;24 mies.;1–2 dni robocze;0.0;TechStore;5908797640442;MOEDGE50NE-425;Malezja;telefon, kabel USB-C, kluczyk do karty SIM;"Przekątna ekranu: 6,6"" | Aparat główny: 50 Mpx | Bateria: 5500 mAh";Motorola Edge 50 Neo to smartfon z oferty TechStore. Produkt dostarczany jest w oryginalnym opakowaniu producenta i objęty pełną obsługą serwisową.;produkt.html?id=1380
1185;DRU-77428;HP OfficeJet Pro 9120e + ryza papieru A4;Drukarki;HP;1919.99;PLN;1919.99;;False;3.9;616;Dostępny;83;9.55;czarny;24,1 × 6,6 × 20,9 cm;aluminium i tworzywo;2024-06-26;2022-10-11;24;24 mies.;24 h;0.0;TechStore Outlet;5909332243823;HPOFFICEJE-213;Chiny;drukarka, startowy materiał eksploatacyjny, kabel zasilający;Technologia druku: laserowa mono | Prędkość druku: 20 str./min | Łączność: Wi-Fi, USB;HP OfficeJet Pro 9120e to drukarka z oferty TechStore. Produkt dostarczany jest w oryginalnym opakowaniu producenta i objęty pełną obsługą serwisową.;produkt.html?id=1185
1186;AKC-12956;Logitech K380 niebieski;Akcesoria;Logitech;879.99;PLN;879.99;;False;3.7;1739;Ostatnie sztuki;3;0.5;niebieski;53,0 × 23,4 × 14,8 cm;aluminium;2026-07-15;2026-04-30;;brak;1–2 dni robocze;0.0;TechStore;5908430628191;LOK380-713;Wietnam;urządzenie, odbiornik/kabel, instrukcja;Łączność: Bluetooth | Zasilanie: z kabla USB | Kompatybilność: Windows;Logitech K380 to akcesorium komputerowe z oferty TechStore. Produkt dostarczany jest w oryginalnym opakowaniu producenta i objęty pełną obsługą serwisową.;produkt.html?id=1186
1187;LAP-83097;Lenovo ThinkPad E14 32/2 TB;Laptopy;Lenovo;4529.99;PLN;4529.99;;False;4.8;936;Dostępny;5;2.21;srebrny;44,1 × 17,5 × 2,7 cm;aluminium i tworzywo;2024-02-08;2023-06-15;24;24 mies.;24 h;0.0;TechStore Outlet;5907995506104;LETHINKPAD-661;Indie;laptop, zasilacz, instrukcja;"Procesor: Intel Core i7-1355U | Ekran: 15,6"" 1920×1080 | System operacyjny: bez systemu";Lenovo ThinkPad E14 to laptop z oferty TechStore. Produkt dostarczany jest w oryginalnym opakowaniu producenta i objęty pełną obsługą serwisową.;produkt.html?id=1187
1188;SMA-48727;Google Pixel 8a 8/256 GB;Smartfony;Google;2109.99;PLN;2109.99;;False;3.7;1942;Niedostępny;0;0.2;srebrny;41,9 × 28,5 × 8,7 cm;aluminium;2025-06-22;2023-10-21;36;36 mies.;brak terminu;0.0;Partner: ElektroHurt;5907357934274;GOPIXEL8A-872;Tajlandia;telefon, kabel USB-C, kluczyk do karty SIM;"Przekątna ekranu: 6,6"" | Aparat główny: 50 Mpx | Bateria: 5000 mAh";Google Pixel 8a to smartfon z oferty TechStore. Produkt dostarczany jest w oryginalnym opakowaniu producenta i objęty pełną obsługą serwisową.;produkt.html?id=1188
1189;SLU-98457;Sony WH-1000XM5 zielone;Słuchawki;Sony;407.96;USD;101.99;;False;3.6;986;Ostatnie sztuki;2;0.29;zielone;46,3 × 18,5 × 22,2 cm;aluminium;2024-05-06;2023-07-03;;brak;1–2 dni robocze;0.0;Partner: ElektroHurt;5905212795136;SOWH1000XM-965;Tajwan;słuchawki, etui, kabel USB-C;Typ: dokanałowe | Łączność: Bluetooth 5.3 | Czas pracy: 50 h;Sony WH-1000XM5 to słuchawki z oferty TechStore. Produkt dostarczany jest w oryginalnym opakowaniu producenta i objęty pełną obsługą serwisową.;produkt.html?id=1189
1190;MON-58961;BenQ GW2785TC + uchwyt VESA;Monitory;BenQ;879.99;PLN;879.99;1044.99;True;4.1;2199;Niedostępny;0;5.68;czarny;58,7 × 34,2 × 11,7 cm;stal i tworzywo;2025-03-11;2024-09-17;48;48 mies.;brak terminu;0.0;TechStore;5905481133564;BEGW2785TC-341;Tajwan;monitor, podstawa, kabel zasilający, kabel HDMI;"Przekątna: 23,8"" | Rozdzielczość: 1920×1080 | Odświeżanie: 75 Hz";BenQ GW2785TC to monitor z oferty TechStore. Produkt dostarczany jest w oryginalnym opakowaniu producenta i objęty pełną obsługą serwisową.;produkt.html?id=1190
1191;DRU-22280;Xerox C235 + ryza papieru A4;Drukarki;Xerox;489.99;PLN;489.99;531.99;True;;2243;Dostępny;49;11.08;czarny;53,3 × 27,4 × 15,7 cm;aluminium i tworzywo;2025-05-24;2024-01-08;;brak;24 h;0.0;Partner: ElektroHurt;5903436387848;XEC235-951;Tajlandia;drukarka, startowy materiał eksploatacyjny, kabel zasilający;Technologia druku: laserowa mono | Prędkość druku: 20 str./min | Łączność: Wi-Fi, USB;Xerox C235 to drukarka z oferty TechStore. Produkt dostarczany jest w oryginalnym opakowaniu producenta i objęty pełną obsługą serwisową.;produkt.html?id=1191
1192;AKC-30795;Microsoft Bluetooth Mouse grafitowy;Akcesoria;Microsoft;309.99;PLN;309.99;;False;3.4;1418;Dostępny;58;0.4;grafitowy;15,7 × 20,7 × 21,8 cm;tworzywo sztuczne;2024-05-03;2023-02-08;;brak;24 h;0.0;TechStore Outlet;5905628536717;MIBLUETOOT-862;Wietnam;urządzenie, odbiornik/kabel, instrukcja;Łączność: przewodowa USB | Zasilanie: bateria AA | Kompatybilność: Windows;Microsoft Bluetooth Mouse to akcesorium komputerowe z oferty TechStore. Produkt dostarczany jest w oryginalnym opakowaniu producenta i objęty pełną obsługą serwisową.;produkt.html?id=1192
1193;LAP-22921;Dell Latitude 5440 16/512 GB;Laptopy;Dell;3869.99;PLN;3869.99;;False;5.0;2169;Niedostępny;0;2.28;szary;9,7 × 25,1 × 3,6 cm;aluminium i tworzywo;2026-01-30;2025-07-08;36;36 mies.;brak terminu;0.0;Partner: ElektroHurt;5903127288714;DELATITUDE-754;Tajlandia;laptop, zasilacz, instrukcja;"Procesor: Intel Core i7-1355U | Ekran: 15,6"" 1920×1080 | System operacyjny: bez systemu";Dell Latitude 5440 to laptop z oferty TechStore. Produkt dostarczany jest w oryginalnym opakowaniu producenta i objęty pełną obsługą serwisową.;produkt.html?id=1193
1194;SMA-25759;Google Pixel 8a 12/512 GB;Smartfony;Google;3349.99;PLN;3349.99;;False;;760;Dostępny;113;0.21;niebieski;50,3 × 32,2 × 22,2 cm;aluminium;2024-12-11;2023-11-18;;brak;24 h;0.0;TechStore Outlet;5903617610129;GOPIXEL8A-654;Tajwan;telefon, kabel USB-C, kluczyk do karty SIM;"Przekątna ekranu: 6,7"" | Aparat główny: 50 Mpx | Bateria: 4500 mAh";Google Pixel 8a to smartfon z oferty TechStore. Produkt dostarczany jest w oryginalnym opakowaniu producenta i objęty pełną obsługą serwisową.;produkt.html?id=1194
1195;SLU-93400;Sony WH-1000XM5 beżowe;Słuchawki;Sony;1429.99;PLN;1429.99;;False;4.1;365;Ostatnie sztuki;4;0.11;beżowe;44,8 × 14,6 × 6,4 cm;aluminium;2025-03-16;2023-06-01;;brak;1–2 dni robocze;0.0;TechStore Outlet;5900319446411;SOWH1000XM-110;Tajwan;słuchawki, etui, kabel USB-C;Typ: douszne | Łączność: Bluetooth 5.3 + jack 3,5 mm | Czas pracy: 60 h;Sony WH-1000XM5 to słuchawki z oferty TechStore. Produkt dostarczany jest w oryginalnym opakowaniu producenta i objęty pełną obsługą serwisową.;produkt.html?id=1195
1196;MON-10817;AOC U32P2 + kabel USB-C;Monitory;AOC;2009.99;PLN;2009.99;;False;3.9;1;Na zamówienie;0;7.36;szary;25,6 × 3,3 × 2,0 cm;aluminium i tworzywo;2026-06-29;2025-10-25;36;36 mies.;do 14 dni;0.0;TechStore;5908061398265;AOU32P2-616;Chiny;monitor, podstawa, kabel zasilający, kabel HDMI;"Przekątna: 31,5"" | Rozdzielczość: 1920×1080 | Odświeżanie: 165 Hz";AOC U32P2 to monitor z oferty TechStore. Produkt dostarczany jest w oryginalnym opakowaniu producenta i objęty pełną obsługą serwisową.;produkt.html?id=1196
1197;DRU-74783;HP Smart Tank 580 + etui na dokumenty;Drukarki;HP;1569.99;PLN;1569.99;;False;;1316;Ostatnie sztuki;1;8.28;niebieski;23,8 × 35,3 × 17,3 cm;stal i tworzywo;2026-02-23;2024-10-27;24;24 mies.;1–2 dni robocze;0.0;TechStore;5909627321422;HPSMARTTAN-774;Tajwan;drukarka, startowy materiał eksploatacyjny, kabel zasilający;Technologia druku: atramentowa kolor | Prędkość druku: 20 str./min | Łączność: Wi-Fi, LAN, USB;HP Smart Tank 580 to drukarka z oferty TechStore. Produkt dostarczany jest w oryginalnym opakowaniu producenta i objęty pełną obsługą serwisową.;produkt.html?id=1197
1198;AKC-26794;Microsoft Ergonomic Keyboard grafitowy;Akcesoria;Microsoft;79.99;PLN;79.99;;False;4.7;1003;Dostępny;48;0.32;grafitowy;22,0 × 30,4 × 14,2 cm;stal i tworzywo;2024-07-06;2023-10-17;24;24 mies.;24 h;14.99;TechStore;5909845530853;MIERGONOMI-691;Tajwan;urządzenie, odbiornik/kabel, instrukcja;Łączność: przewodowa USB | Zasilanie: bateria AA | Kompatybilność: Windows;Microsoft Ergonomic Keyboard to akcesorium komputerowe z oferty TechStore. Produkt dostarczany jest w oryginalnym opakowaniu producenta i objęty pełną obsługą serwisową.;produkt.html?id=1198
1199;LAP-20384;Lenovo IdeaPad Slim 5 8/256 GB;Laptopy;Lenovo;5429.99;PLN;5429.99;;False;;192;Na zamówienie;0;2.25;srebrny;27,9 × 17,5 × 21,5 cm;aluminium i tworzywo;2025-03-19;2023-11-14;36;36 mies.;do 14 dni;0.0;TechStore;5900595174773;LEIDEAPADS-920;Wietnam;laptop, zasilacz, instrukcja;"Procesor: Intel Core i5-1335U | Ekran: 14"" 1920×1200 | System operacyjny: bez systemu";Lenovo IdeaPad Slim 5 to laptop z oferty TechStore. Produkt dostarczany jest w oryginalnym opakowaniu producenta i objęty pełną obsługą serwisową.;produkt.html?id=1199
1200;SMA-14747;Nokia G60 8/256 GB;Smartfony;Nokia;2979.96;USD;744.99;834.99;True;4.7;1593;Dostępny;33;0.18;srebrny;7,0 × 30,7 × 10,1 cm;aluminium;2025-09-09;2024-07-14;24;24 mies.;24 h;0.0;Partner: ElektroHurt;5901184589761;NOG60-901;Malezja;telefon, kabel USB-C, kluczyk do karty SIM;"Przekątna ekranu: 6,7"" | Aparat główny: 200 Mpx | Bateria: 5500 mAh";Nokia G60 to smartfon z oferty TechStore. Produkt dostarczany jest w oryginalnym opakowaniu producenta i objęty pełną obsługą serwisową.;produkt.html?id=1200
1201;SLU-85719;JBL Tune 760NC niebieskie;Słuchawki;JBL;959.96;USD;239.99;;False;4.9;848;Dostępny;33;0.35;niebieskie;50,2 × 40,1 × 21,3 cm;aluminium i tworzywo;2025-12-28;2024-07-20;12;12 mies.;24 h;0.0;TechStore;5907792064280;JBTUNE760N-349;Chiny;słuchawki, etui, kabel USB-C;Typ: nauszne | Łączność: Bluetooth 5.3 | Czas pracy: 50 h;JBL Tune 760NC to słuchawki z oferty TechStore. Produkt dostarczany jest w oryginalnym opakowaniu producenta i objęty pełną obsługą serwisową.;produkt.html?id=1201
1202;MON-50229;Samsung Odyssey G5;Monitory;Samsung;859.96;USD;214.99;;False;3.4;1473;Dostępny;52;7.1;szary;50,6 × 42,7 × 8,6 cm;aluminium i tworzywo;2026-09-05;2026-07-05;36;36 mies.;24 h;0.0;TechStore Outlet;5902074535986;SAODYSSEYG-933;Tajwan;monitor, podstawa, kabel zasilający, kabel HDMI;"Przekątna: 23,8"" | Rozdzielczość: 3840×2160 | Odświeżanie: 75 Hz";Samsung Odyssey G5 to monitor z oferty TechStore. Produkt dostarczany jest w oryginalnym opakowaniu producenta i objęty pełną obsługą serwisową.;produkt.html?id=1202
1203;DRU-28909;Canon i-SENSYS MF453dw + kabel USB;Drukarki;Canon;2109.99;PLN;2109.99;2668.99;True;3.7;1305;Ostatnie sztuki;1;6.9;srebrny;24,3 × 39,7 × 6,3 cm;aluminium i tworzywo;2026-01-06;2025-01-02;24;24 mies.;1–2 dni robocze;0.0;TechStore Outlet;5909795573216;CAISENSYSM-316;Chiny;drukarka, startowy materiał eksploatacyjny, kabel zasilający;Technologia druku: laserowa mono | Prędkość druku: 34 str./min | Łączność: Wi-Fi, LAN, USB;Canon i-SENSYS MF453dw to drukarka z oferty TechStore. Produkt dostarczany jest w oryginalnym opakowaniu producenta i objęty pełną obsługą serwisową.;produkt.html?id=1203
1204;AKC-36839;Microsoft Ergonomic Keyboard biały;Akcesoria;Microsoft;669.99;PLN;669.99;;False;;651;Niedostępny;0;0.12;biały;30,0 × 17,9 × 20,4 cm;tworzywo sztuczne;2026-04-16;2025-12-14;24;24 mies.;brak terminu;0.0;Partner: ElektroHurt;5906289439252;MIERGONOMI-763;Chiny;urządzenie, odbiornik/kabel, instrukcja;Łączność: przewodowa USB | Zasilanie: z kabla USB | Kompatybilność: Windows;Microsoft Ergonomic Keyboard to akcesorium komputerowe z oferty TechStore. Produkt dostarczany jest w oryginalnym opakowaniu producenta i objęty pełną obsługą serwisową.;produkt.html?id=1204
1205;LAP-86650;ASUS ZenBook 14 8/256 GB;Laptopy;ASUS;4529.99;PLN;4529.99;;False;4.8;358;Niedostępny;0;1.75;niebieski;58,4 × 21,7 × 9,8 cm;tworzywo sztuczne;2025-05-11;2024-09-19;24;24 mies.;brak terminu;0.0;TechStore;5906913597590;ASZENBOOK1-176;Chiny;laptop, zasilacz, instrukcja;"Procesor: Intel Core i7-1355U | Ekran: 14"" 1920×1200 | System operacyjny: Windows 11 Pro";ASUS ZenBook 14 to laptop z oferty TechStore. Produkt dostarczany jest w oryginalnym opakowaniu producenta i objęty pełną obsługą serwisową.;produkt.html?id=1205
1206;SMA-14991;Motorola Edge 50 Neo 12/256 GB;Smartfony;Motorola;1079.99;PLN;1079.99;;False;;196;Dostępny;99;0.22;czarny;26,5 × 15,4 × 16,5 cm;tworzywo sztuczne;2026-07-12;2025-12-11;36;36 mies.;24 h;0.0;TechStore;5906026529231;MOEDGE50NE-530;Indie;telefon, kabel USB-C, kluczyk do karty SIM;"Przekątna ekranu: 6,1"" | Aparat główny: 64 Mpx | Bateria: 5500 mAh";Motorola Edge 50 Neo to smartfon z oferty TechStore. Produkt dostarczany jest w oryginalnym opakowaniu producenta i objęty pełną obsługą serwisową.;produkt.html?id=1206
1207;SLU-60415;Sennheiser Momentum 4 białe;Słuchawki;Sennheiser;1589.99;PLN;1589.99;;False;3.4;1763;Dostępny;22;0.29;białe;59,0 × 17,6 × 24,7 cm;tworzywo sztuczne;2025-05-06;2025-01-28;24;24 mies.;24 h;0.0;Partner: ElektroHurt;5902107208495;SEMOMENTUM-176;Tajwan;słuchawki, etui, kabel USB-C;Typ: douszne | Łączność: Bluetooth 5.3 + jack 3,5 mm | Czas pracy: 50 h;Sennheiser Momentum 4 to słuchawki z oferty TechStore. Produkt dostarczany jest w oryginalnym opakowaniu producenta i objęty pełną obsługą serwisową.;produkt.html?id=1207
1208;MON-85003;LG 24MR400 + kabel DisplayPort;Monitory;LG;2379.99;PLN;2379.99;;False;3.9;1474;Na zamówienie;0;3.74;grafitowy;36,1 × 19,1 × 10,8 cm;aluminium i tworzywo;2025-12-26;2025-01-29;36;36 mies.;do 14 dni;0.0;TechStore;5902924169524;LG24MR400-777;Chiny;monitor, podstawa, kabel zasilający, kabel HDMI;"Przekątna: 31,5"" | Rozdzielczość: 3840×2160 | Odświeżanie: 180 Hz";LG 24MR400 to monitor z oferty TechStore. Produkt dostarczany jest w oryginalnym opakowaniu producenta i objęty pełną obsługą serwisową.;produkt.html?id=1208
1209;DRU-11791;Xerox C235 + kabel USB;Drukarki;Xerox;1769.99;PLN;1769.99;2084.99;True;4.8;1960;Niedostępny;0;7.45;niebieski;13,3 × 32,3 × 6,0 cm;tworzywo sztuczne;2025-03-19;2023-10-21;;brak;brak terminu;0.0;TechStore;5908411879024;XEC235-594;Malezja;drukarka, startowy materiał eksploatacyjny, kabel zasilający;Technologia druku: laserowa kolor | Prędkość druku: 34 str./min | Łączność: Wi-Fi, LAN, USB;Xerox C235 to drukarka z oferty TechStore. Produkt dostarczany jest w oryginalnym opakowaniu producenta i objęty pełną obsługą serwisową.;produkt.html?id=1209
1210;AKC-18840;Logitech G502 X grafitowy;Akcesoria;Logitech;589.99;PLN;589.99;;False;4.5;1073;Dostępny;88;0.16;grafitowy;14,2 × 25,7 × 19,9 cm;aluminium i tworzywo;2026-08-22;2024-10-07;36;36 mies.;24 h;0.0;TechStore Outlet;5906306844503;LOG502X-652;Wietnam;urządzenie, odbiornik/kabel, instrukcja;Łączność: Bluetooth | Zasilanie: akumulator | Kompatybilność: Windows, macOS, Linux;Logitech G502 X to akcesorium komputerowe z oferty TechStore. Produkt dostarczany jest w oryginalnym opakowaniu producenta i objęty pełną obsługą serwisową.;produkt.html?id=1210
1211;LAP-96425;ASUS VivoBook 16 32/2 TB;Laptopy;ASUS;7599.99;PLN;7599.99;;False;4.7;1892;Dostępny;26;1.38;biały;4,2 × 44,5 × 3,7 cm;tworzywo sztuczne;2025-09-23;2024-10-28;;brak;24 h;0.0;Partner: ElektroHurt;5909194384024;ASVIVOBOOK-714;Indie;laptop, zasilacz, instrukcja;"Procesor: AMD Ryzen 7 7735HS | Ekran: 16"" 2560×1600 | System operacyjny: bez systemu";ASUS VivoBook 16 to laptop z oferty TechStore. Produkt dostarczany jest w oryginalnym opakowaniu producenta i objęty pełną obsługą serwisową.;produkt.html?id=1211
1212;SMA-63263;Nokia G42 12/512 GB;Smartfony;Nokia;849.99;PLN;849.99;944.99;True;3.7;369;Ostatnie sztuki;2;0.19;srebrny;16,1 × 9,8 × 12,3 cm;aluminium;2026-04-26;2025-08-05;;brak;1–2 dni robocze;0.0;TechStore Outlet;5907956987134;NOG42-729;Indie;telefon, kabel USB-C, kluczyk do karty SIM;"Przekątna ekranu: 6,1"" | Aparat główny: 64 Mpx | Bateria: 4500 mAh";Nokia G42 to smartfon z oferty TechStore. Produkt dostarczany jest w oryginalnym opakowaniu producenta i objęty pełną obsługą serwisową.;produkt.html?id=1212
1213;SLU-24063;Sony WH-1000XM5 białe;Słuchawki;Sony;399.99;PLN;399.99;;False;3.8;1306;Niedostępny;0;0.28;białe;12,7 × 20,9 × 14,0 cm;tworzywo sztuczne;2024-08-11;2022-11-16;12;12 mies.;brak terminu;0.0;Partner: ElektroHurt;5905550024978;SOWH1000XM-878;Wietnam;słuchawki, etui, kabel USB-C;Typ: dokanałowe | Łączność: Bluetooth 5.2 | Czas pracy: 40 h;Sony WH-1000XM5 to słuchawki z oferty TechStore. Produkt dostarczany jest w oryginalnym opakowaniu producenta i objęty pełną obsługą serwisową.;produkt.html?id=1213
1214;MON-12459;LG 32UN650 + kabel USB-C;Monitory;LG;2729.99;PLN;2729.99;;False;3.3;61;Na zamówienie;0;7.0;czarny;36,3 × 4,1 × 14,7 cm;stal i tworzywo;2024-01-09;2023-10-15;36;36 mies.;do 14 dni;0.0;TechStore Outlet;5904459911693;LG32UN650-873;Chiny;monitor, podstawa, kabel zasilający, kabel HDMI;"Przekątna: 31,5"" | Rozdzielczość: 1920×1080 | Odświeżanie: 180 Hz";LG 32UN650 to monitor z oferty TechStore. Produkt dostarczany jest w oryginalnym opakowaniu producenta i objęty pełną obsługą serwisową.;produkt.html?id=1214
1215;DRU-68007;Canon i-SENSYS MF453dw + etui na dokumenty;Drukarki;Canon;890.06;EUR;206.99;;False;4.7;1303;Dostępny;32;11.32;niebieski;21,5 × 30,9 × 21,2 cm;stal i tworzywo;2024-10-18;2023-02-04;24;24 mies.;24 h;0.0;TechStore;5903102314032;CAISENSYSM-401;Tajwan;drukarka, startowy materiał eksploatacyjny, kabel zasilający;Technologia druku: laserowa kolor | Prędkość druku: 30 str./min | Łączność: Wi-Fi, LAN, USB;Canon i-SENSYS MF453dw to drukarka z oferty TechStore. Produkt dostarczany jest w oryginalnym opakowaniu producenta i objęty pełną obsługą serwisową.;produkt.html?id=1215
1216;AKC-49392;Microsoft Bluetooth Mouse biały;Akcesoria;Microsoft;889.99;PLN;889.99;;False;3.5;962;Niedostępny;0;0.94;biały;59,1 × 30,6 × 4,4 cm;stal i tworzywo;2024-02-16;2022-10-31;36;36 mies.;brak terminu;0.0;TechStore;5903521447121;MIBLUETOOT-557;Tajwan;urządzenie, odbiornik/kabel, instrukcja;Łączność: przewodowa USB | Zasilanie: bateria AA | Kompatybilność: Windows;Microsoft Bluetooth Mouse to akcesorium komputerowe z oferty TechStore. Produkt dostarczany jest w oryginalnym opakowaniu producenta i objęty pełną obsługą serwisową.;produkt.html?id=1216
1217;LAP-83122;Acer Swift Go 14 16/512 GB;Laptopy;Acer;4589.99;PLN;4589.99;4975.99;True;3.3;608;Ostatnie sztuki;2;1.79;szary;44,5 × 37,5 × 15,3 cm;aluminium i tworzywo;2024-01-06;2022-02-09;24;24 mies.;1–2 dni robocze;0.0;TechStore;5904064388666;ACSWIFTGO1-675;Malezja;laptop, zasilacz, instrukcja;"Procesor: Intel Core i7-1355U | Ekran: 14"" 1920×1200 | System operacyjny: Windows 11 Home";Acer Swift Go 14 to laptop z oferty TechStore. Produkt dostarczany jest w oryginalnym opakowaniu producenta i objęty pełną obsługą serwisową.;produkt.html?id=1217
1218;SMA-40800;Motorola Edge 40 6/128 GB;Smartfony;Motorola;1479.99;PLN;1479.99;;False;;119;Niedostępny;0;0.22;srebrny;31,5 × 31,3 × 9,4 cm;tworzywo sztuczne;2024-01-15;2022-12-19;24;24 mies.;brak terminu;0.0;TechStore Outlet;5904278065578;MOEDGE40-399;Tajlandia;telefon, kabel USB-C, kluczyk do karty SIM;"Przekątna ekranu: 6,6"" | Aparat główny: 200 Mpx | Bateria: 5500 mAh";Motorola Edge 40 to smartfon z oferty TechStore. Produkt dostarczany jest w oryginalnym opakowaniu producenta i objęty pełną obsługą serwisową.;produkt.html?id=1218
1219;SLU-89952;Sennheiser HD 450BT zielone;Słuchawki;Sennheiser;259.99;PLN;259.99;299.99;True;5.0;144;Dostępny;107;0.28;zielone;39,8 × 44,6 × 8,0 cm;stal i tworzywo;2026-06-12;2026-03-03;12;12 mies.;24 h;14.99;TechStore;5904723481161;SEHD450BT-744;Indie;słuchawki, etui, kabel USB-C;Typ: dokanałowe | Łączność: Bluetooth 5.3 + jack 3,5 mm | Czas pracy: 40 h;Sennheiser HD 450BT to słuchawki z oferty TechStore. Produkt dostarczany jest w oryginalnym opakowaniu producenta i objęty pełną obsługą serwisową.;produkt.html?id=1219
1220;MON-23664;LG 32UN650 + głośniki USB;Monitory;LG;899.99;PLN;899.99;;False;;2182;Niedostępny;0;3.98;grafitowy;29,0 × 30,4 × 13,4 cm;aluminium;2025-02-24;2024-04-16;36;36 mies.;brak terminu;0.0;TechStore Outlet;5901699295363;LG32UN650-301;Chiny;monitor, podstawa, kabel zasilający, kabel HDMI;"Przekątna: 23,8"" | Rozdzielczość: 3840×2160 | Odświeżanie: 180 Hz";LG 32UN650 to monitor z oferty TechStore. Produkt dostarczany jest w oryginalnym opakowaniu producenta i objęty pełną obsługą serwisową.;produkt.html?id=1220
1221;DRU-61652;Brother DCP-L2620DW + ryza papieru A4;Drukarki;Brother;1759.99;PLN;1759.99;;False;4.0;820;Dostępny;58;10.5;szary;56,7 × 40,3 × 19,7 cm;aluminium;2026-08-16;2026-05-10;24;24 mies.;24 h;0.0;TechStore;5907128340912;BRDCPL2620-453;Tajlandia;drukarka, startowy materiał eksploatacyjny, kabel zasilający;Technologia druku: laserowa kolor | Prędkość druku: 34 str./min | Łączność: Wi-Fi, LAN, USB;Brother DCP-L2620DW to drukarka z oferty TechStore. Produkt dostarczany jest w oryginalnym opakowaniu producenta i objęty pełną obsługą serwisową.;produkt.html?id=1221
1222;AKC-81830;Razer Basilisk V3 czarny;Akcesoria;Razer;609.99;PLN;609.99;;False;4.9;2368;Ostatnie sztuki;2;1.1;czarny;30,6 × 3,9 × 15,9 cm;stal i tworzywo;2025-06-02;2024-07-04;36;36 mies.;1–2 dni robocze;0.0;TechStore Outlet;5900481074096;RABASILISK-848;Chiny;urządzenie, odbiornik/kabel, instrukcja;Łączność: Bluetooth | Zasilanie: z kabla USB | Kompatybilność: Windows, macOS;Razer Basilisk V3 to akcesorium komputerowe z oferty TechStore. Produkt dostarczany jest w oryginalnym opakowaniu producenta i objęty pełną obsługą serwisową.;produkt.html?id=1222
1223;LAP-88842;ASUS ZenBook 14 32/1 TB;Laptopy;ASUS;6449.99;PLN;6449.99;;False;4.0;76;Dostępny;15;1.24;grafitowy;58,7 × 21,5 × 11,4 cm;aluminium i tworzywo;2024-06-08;2023-03-12;24;24 mies.;24 h;0.0;Partner: ElektroHurt;5907832405752;ASZENBOOK1-958;Malezja;laptop, zasilacz, instrukcja;"Procesor: AMD Ryzen 5 7530U | Ekran: 15,6"" 1920×1080 | System operacyjny: bez systemu";ASUS ZenBook 14 to laptop z oferty TechStore. Produkt dostarczany jest w oryginalnym opakowaniu producenta i objęty pełną obsługą serwisową.;produkt.html?id=1223
1224;SMA-37759;Nokia X30 12/256 GB;Smartfony;Nokia;3279.99;PLN;3279.99;3627.99;True;4.8;725;Ostatnie sztuki;2;0.16;szary;37,5 × 24,4 × 1,9 cm;tworzywo sztuczne;2026-03-30;2025-09-04;;brak;1–2 dni robocze;0.0;Partner: ElektroHurt;5907702814098;NOX30-896;Tajlandia;telefon, kabel USB-C, kluczyk do karty SIM;"Przekątna ekranu: 6,1"" | Aparat główny: 108 Mpx | Bateria: 4500 mAh";Nokia X30 to smartfon z oferty TechStore. Produkt dostarczany jest w oryginalnym opakowaniu producenta i objęty pełną obsługą serwisową.;produkt.html?id=1224
1225;SLU-58665;Jabra Elite 85t beżowe;Słuchawki;Jabra;1499.99;PLN;1499.99;;False;4.4;503;Na zamówienie;0;0.12;beżowe;33,2 × 6,3 × 18,0 cm;aluminium;2024-08-15;2022-12-01;24;24 mies.;do 14 dni;0.0;TechStore;5905991658611;JAELITE85T-911;Malezja;słuchawki, etui, kabel USB-C;Typ: dokanałowe | Łączność: Bluetooth 5.3 + jack 3,5 mm | Czas pracy: 50 h;Jabra Elite 85t to słuchawki z oferty TechStore. Produkt dostarczany jest w oryginalnym opakowaniu producenta i objęty pełną obsługą serwisową.;produkt.html?id=1225
1226;MON-41640;LG 27GP850;Monitory;LG;1638.26;EUR;380.99;441.99;True;;469;Na zamówienie;0;4.94;szary;19,1 × 12,8 × 12,8 cm;aluminium;2025-10-07;2023-12-22;36;36 mies.;do 14 dni;0.0;TechStore;5902690656437;LG27GP850-170;Chiny;monitor, podstawa, kabel zasilający, kabel HDMI;"Przekątna: 27"" | Rozdzielczość: 2560×1440 | Odświeżanie: 75 Hz";LG 27GP850 to monitor z oferty TechStore. Produkt dostarczany jest w oryginalnym opakowaniu producenta i objęty pełną obsługą serwisową.;produkt.html?id=1226
1227;DRU-59542;HP Smart Tank 580;Drukarki;HP;2499.99;PLN;2499.99;2705.99;True;3.5;1567;Niedostępny;0;13.51;czarny;37,8 × 43,3 × 21,9 cm;aluminium i tworzywo;2025-05-11;2023-11-16;36;36 mies.;brak terminu;0.0;TechStore;5903887135709;HPSMARTTAN-634;Indie;drukarka, startowy materiał eksploatacyjny, kabel zasilający;Technologia druku: laserowa mono | Prędkość druku: 30 str./min | Łączność: Wi-Fi, LAN, USB;HP Smart Tank 580 to drukarka z oferty TechStore. Produkt dostarczany jest w oryginalnym opakowaniu producenta i objęty pełną obsługą serwisową.;produkt.html?id=1227
1228;AKC-87394;Microsoft Bluetooth Mouse niebieski;Akcesoria;Microsoft;719.99;PLN;719.99;;False;3.6;1175;Dostępny;43;0.99;niebieski;48,6 × 12,8 × 24,8 cm;tworzywo sztuczne;2024-09-27;2023-10-31;24;24 mies.;24 h;0.0;TechStore Outlet;5906004583753;MIBLUETOOT-822;Tajlandia;urządzenie, odbiornik/kabel, instrukcja;Łączność: przewodowa USB | Zasilanie: z kabla USB | Kompatybilność: Windows, macOS, Linux;Microsoft Bluetooth Mouse to akcesorium komputerowe z oferty TechStore. Produkt dostarczany jest w oryginalnym opakowaniu producenta i objęty pełną obsługą serwisową.;produkt.html?id=1228
1229;LAP-29464;Dell Vostro 3520 32/2 TB;Laptopy;Dell;5409.99;PLN;5409.99;;False;3.8;94;Na zamówienie;0;1.87;czarny;22,4 × 25,2 × 21,5 cm;stal i tworzywo;2026-05-11;2025-04-19;24;24 mies.;do 14 dni;0.0;TechStore;5902327945686;DEVOSTRO35-921;Chiny;laptop, zasilacz, instrukcja;"Procesor: AMD Ryzen 7 7735HS | Ekran: 14"" 1920×1200 | System operacyjny: bez systemu";Dell Vostro 3520 to laptop z oferty TechStore. Produkt dostarczany jest w oryginalnym opakowaniu producenta i objęty pełną obsługą serwisową.;produkt.html?id=1229
1230;SMA-98478;Nokia G42 8/256 GB;Smartfony;Nokia;3669.99;PLN;3669.99;4568.99;True;4.0;2012;Dostępny;115;0.2;czarny;21,7 × 22,7 × 17,7 cm;aluminium i tworzywo;2025-01-26;2023-09-07;;brak;24 h;0.0;TechStore;5904744171275;NOG42-813;Indie;telefon, kabel USB-C, kluczyk do karty SIM;"Przekątna ekranu: 6,1"" | Aparat główny: 64 Mpx | Bateria: 5000 mAh";Nokia G42 to smartfon z oferty TechStore. Produkt dostarczany jest w oryginalnym opakowaniu producenta i objęty pełną obsługą serwisową.;produkt.html?id=1230
1231;SLU-35762;JBL Tune Beam czarne;Słuchawki;JBL;1410.36;EUR;327.99;406.99;True;4.3;1392;Dostępny;72;0.07;czarne;23,9 × 43,0 × 23,9 cm;stal i tworzywo;2024-06-16;2023-10-21;24;24 mies.;24 h;0.0;Partner: ElektroHurt;5904006994674;JBTUNEBEAM-605;Tajwan;słuchawki, etui, kabel USB-C;Typ: dokanałowe | Łączność: Bluetooth 5.3 + jack 3,5 mm | Czas pracy: 50 h;JBL Tune Beam to słuchawki z oferty TechStore. Produkt dostarczany jest w oryginalnym opakowaniu producenta i objęty pełną obsługą serwisową.;produkt.html?id=1231
1232;MON-60564;LG 24MR400;Monitory;LG;2029.99;PLN;2029.99;;False;5.0;1111;Dostępny;61;7.58;szary;46,7 × 32,4 × 4,9 cm;stal i tworzywo;2025-11-26;2025-02-15;;brak;24 h;0.0;Partner: ElektroHurt;5906111099243;LG24MR400-387;Indie;monitor, podstawa, kabel zasilający, kabel HDMI;"Przekątna: 31,5"" | Rozdzielczość: 1920×1080 | Odświeżanie: 144 Hz";LG 24MR400 to monitor z oferty TechStore. Produkt dostarczany jest w oryginalnym opakowaniu producenta i objęty pełną obsługą serwisową.;produkt.html?id=1232
1233;DRU-12531;Epson EcoTank L3270 + ryza papieru A4;Drukarki;Epson;2429.99;PLN;2429.99;3099.99;True;;1723;Niedostępny;0;7.97;srebrny;20,6 × 12,0 × 20,3 cm;tworzywo sztuczne;2026-08-07;2024-12-18;24;24 mies.;brak terminu;0.0;TechStore;5909815160505;EPECOTANKL-244;Chiny;drukarka, startowy materiał eksploatacyjny, kabel zasilający;Technologia druku: atramentowa kolor | Prędkość druku: 30 str./min | Łączność: USB;Epson EcoTank L3270 to drukarka z oferty TechStore. Produkt dostarczany jest w oryginalnym opakowaniu producenta i objęty pełną obsługą serwisową.;produkt.html?id=1233
1234;AKC-57890;Microsoft Ergonomic Keyboard czarny;Akcesoria;Microsoft;139.99;PLN;139.99;;False;4.4;422;Dostępny;82;0.34;czarny;31,4 × 28,0 × 12,8 cm;stal i tworzywo;2025-09-23;2024-06-03;24;24 mies.;24 h;14.99;Partner: ElektroHurt;5900430961839;MIERGONOMI-655;Tajlandia;urządzenie, odbiornik/kabel, instrukcja;Łączność: przewodowa USB | Zasilanie: bateria AA | Kompatybilność: Windows;Microsoft Ergonomic Keyboard to akcesorium komputerowe z oferty TechStore. Produkt dostarczany jest w oryginalnym opakowaniu producenta i objęty pełną obsługą serwisową.;produkt.html?id=1234
1235;LAP-52099;Lenovo IdeaPad Slim 5 32/2 TB;Laptopy;Lenovo;4589.99;PLN;4589.99;;False;4.5;886;Dostępny;26;2.28;szary;14,8 × 22,0 × 4,1 cm;stal i tworzywo;2025-07-29;2025-06-29;24;24 mies.;24 h;0.0;TechStore Outlet;5901742604077;LEIDEAPADS-454;Malezja;laptop, zasilacz, instrukcja;"Procesor: Intel Core i7-1355U | Ekran: 15,6"" 1920×1080 | System operacyjny: Windows 11 Pro";Lenovo IdeaPad Slim 5 to laptop z oferty TechStore. Produkt dostarczany jest w oryginalnym opakowaniu producenta i objęty pełną obsługą serwisową.;produkt.html?id=1235
1236;SMA-63636;Xiaomi Poco X6 6/128 GB;Smartfony;Xiaomi;1869.99;PLN;1869.99;;False;3.9;815;Dostępny;42;0.2;szary;45,5 × 35,1 × 4,1 cm;stal i tworzywo;2024-09-28;2023-02-09;36;36 mies.;24 h;0.0;Partner: ElektroHurt;5909165989290;XIPOCOX6-199;Indie;telefon, kabel USB-C, kluczyk do karty SIM;"Przekątna ekranu: 6,6"" | Aparat główny: 200 Mpx | Bateria: 5000 mAh";Xiaomi Poco X6 to smartfon z oferty TechStore. Produkt dostarczany jest w oryginalnym opakowaniu producenta i objęty pełną obsługą serwisową.;produkt.html?id=1236
1237;SLU-46666;JBL Tune 760NC czarne;Słuchawki;JBL;349.99;PLN;349.99;;False;4.3;262;Na zamówienie;0;0.26;czarne;13,8 × 29,4 × 17,0 cm;aluminium;2025-02-18;2024-10-01;12;12 mies.;do 14 dni;0.0;Partner: ElektroHurt;5907961183827;JBTUNE760N-594;Wietnam;słuchawki, etui, kabel USB-C;Typ: nauszne | Łączność: Bluetooth 5.3 + jack 3,5 mm | Czas pracy: 60 h;JBL Tune 760NC to słuchawki z oferty TechStore. Produkt dostarczany jest w oryginalnym opakowaniu producenta i objęty pełną obsługą serwisową.;produkt.html?id=1237
1238;MON-61146;BenQ EW3280U;Monitory;BenQ;529.99;PLN;529.99;600.99;True;;2232;Niedostępny;0;5.75;czarny;51,9 × 9,0 × 23,8 cm;stal i tworzywo;2024-03-10;2022-10-04;36;36 mies.;brak terminu;0.0;Partner: ElektroHurt;5905076059672;BEEW3280U-555;Wietnam;monitor, podstawa, kabel zasilający, kabel HDMI;"Przekątna: 23,8"" | Rozdzielczość: 2560×1440 | Odświeżanie: 165 Hz";BenQ EW3280U to monitor z oferty TechStore. Produkt dostarczany jest w oryginalnym opakowaniu producenta i objęty pełną obsługą serwisową.;produkt.html?id=1238
1239;DRU-40830;Xerox B225 + etui na dokumenty;Drukarki;Xerox;1909.99;PLN;1909.99;;False;4.0;1894;Ostatnie sztuki;2;5.9;czarny;11,9 × 27,5 × 21,8 cm;stal i tworzywo;2024-11-01;2023-01-27;24;24 mies.;1–2 dni robocze;0.0;Partner: ElektroHurt;5902195895659;XEB225-246;Malezja;drukarka, startowy materiał eksploatacyjny, kabel zasilający;Technologia druku: atramentowa kolor | Prędkość druku: 20 str./min | Łączność: USB;Xerox B225 to drukarka z oferty TechStore. Produkt dostarczany jest w oryginalnym opakowaniu producenta i objęty pełną obsługą serwisową.;produkt.html?id=1239
1240;AKC-16223;Razer DeathAdder V3 czarny;Akcesoria;Razer;259.99;PLN;259.99;;False;3.1;207;Dostępny;59;0.39;czarny;28,8 × 34,2 × 24,3 cm;tworzywo sztuczne;2024-11-14;2023-09-26;;brak;24 h;14.99;TechStore;5909821139112;RADEATHADD-660;Wietnam;urządzenie, odbiornik/kabel, instrukcja;Łączność: bezprzewodowa 2,4 GHz | Zasilanie: bateria AA | Kompatybilność: Windows, macOS;Razer DeathAdder V3 to akcesorium komputerowe z oferty TechStore. Produkt dostarczany jest w oryginalnym opakowaniu producenta i objęty pełną obsługą serwisową.;produkt.html?id=1240
1241;LAP-72004;Dell Inspiron 15 32/2 TB;Laptopy;Dell;6089.99;PLN;6089.99;7728.99;True;3.5;2254;Dostępny;106;1.26;niebieski;8,5 × 13,4 × 21,9 cm;tworzywo sztuczne;2024-05-30;2024-01-04;36;36 mies.;24 h;0.0;TechStore;5905645106476;DEINSPIRON-136;Tajlandia;laptop, zasilacz, instrukcja;"Procesor: Intel Core i5-1335U | Ekran: 16"" 2560×1600 | System operacyjny: Windows 11 Pro";Dell Inspiron 15 to laptop z oferty TechStore. Produkt dostarczany jest w oryginalnym opakowaniu producenta i objęty pełną obsługą serwisową.;produkt.html?id=1241
1242;SMA-87908;Motorola Edge 50 Neo 8/256 GB;Smartfony;Motorola;3779.99;PLN;3779.99;;False;3.3;777;Dostępny;68;0.21;biały;7,3 × 38,1 × 5,3 cm;aluminium;2025-10-04;2025-04-19;;brak;24 h;0.0;TechStore;5906848533342;MOEDGE50NE-744;Malezja;telefon, kabel USB-C, kluczyk do karty SIM;"Przekątna ekranu: 6,6"" | Aparat główny: 108 Mpx | Bateria: 5000 mAh";Motorola Edge 50 Neo to smartfon z oferty TechStore. Produkt dostarczany jest w oryginalnym opakowaniu producenta i objęty pełną obsługą serwisową.;produkt.html?id=1242
1243;SLU-38955;Jabra Elite 85t zielone;Słuchawki;Jabra;1239.99;PLN;1239.99;;False;;54;Dostępny;61;0.17;zielone;58,5 × 20,3 × 7,6 cm;aluminium i tworzywo;2026-07-17;2025-06-15;12;12 mies.;24 h;0.0;TechStore;5905618613980;JAELITE85T-274;Malezja;słuchawki, etui, kabel USB-C;Typ: douszne | Łączność: Bluetooth 5.3 | Czas pracy: 40 h;Jabra Elite 85t to słuchawki z oferty TechStore. Produkt dostarczany jest w oryginalnym opakowaniu producenta i objęty pełną obsługą serwisową.;produkt.html?id=1243
1244;MON-95862;Dell S2721DS + kabel DisplayPort;Monitory;Dell;1089.99;PLN;1089.99;1374.99;True;3.8;261;Na zamówienie;0;3.75;grafitowy;9,1 × 21,7 × 10,3 cm;stal i tworzywo;2025-09-22;2024-10-07;;brak;do 14 dni;0.0;TechStore Outlet;5908037943450;DES2721DS-700;Wietnam;monitor, podstawa, kabel zasilający, kabel HDMI;"Przekątna: 23,8"" | Rozdzielczość: 3840×2160 | Odświeżanie: 75 Hz";Dell S2721DS to monitor z oferty TechStore. Produkt dostarczany jest w oryginalnym opakowaniu producenta i objęty pełną obsługą serwisową.;produkt.html?id=1244
1245;DRU-79418;Canon PIXMA TS5350i + ryza papieru A4;Drukarki;Canon;1869.99;PLN;1869.99;2132.99;True;3.8;1022;Ostatnie sztuki;1;12.44;biały;25,9 × 15,4 × 9,2 cm;tworzywo sztuczne;2026-06-05;2025-06-06;36;36 mies.;1–2 dni robocze;0.0;Partner: ElektroHurt;5903877384573;CAPIXMATS5-959;Wietnam;drukarka, startowy materiał eksploatacyjny, kabel zasilający;Technologia druku: laserowa kolor | Prędkość druku: 30 str./min | Łączność: Wi-Fi, USB;Canon PIXMA TS5350i to drukarka z oferty TechStore. Produkt dostarczany jest w oryginalnym opakowaniu producenta i objęty pełną obsługą serwisową.;produkt.html?id=1245
1246;AKC-75551;Microsoft Bluetooth Mouse czarny;Akcesoria;Microsoft;639.99;PLN;639.99;710.99;True;;1317;Dostępny;34;0.78;czarny;16,1 × 21,6 × 7,6 cm;aluminium;2025-07-03;2025-02-03;36;36 mies.;24 h;0.0;TechStore Outlet;5908539821743;MIBLUETOOT-470;Wietnam;urządzenie, odbiornik/kabel, instrukcja;Łączność: przewodowa USB | Zasilanie: bateria AA | Kompatybilność: Windows;Microsoft Bluetooth Mouse to akcesorium komputerowe z oferty TechStore. Produkt dostarczany jest w oryginalnym opakowaniu producenta i objęty pełną obsługą serwisową.;produkt.html?id=1246
1247;LAP-91832;Lenovo ThinkPad E14 16/512 GB;Laptopy;Lenovo;7049.99;PLN;7049.99;7727.99;True;;116;Dostępny;114;1.9;czarny;27,8 × 38,1 × 16,4 cm;tworzywo sztuczne;2024-01-24;2022-08-05;24;24 mies.;24 h;0.0;Partner: ElektroHurt;5909702144235;LETHINKPAD-817;Chiny;laptop, zasilacz, instrukcja;"Procesor: AMD Ryzen 5 7530U | Ekran: 15,6"" 1920×1080 | System operacyjny: bez systemu";Lenovo ThinkPad E14 to laptop z oferty TechStore. Produkt dostarczany jest w oryginalnym opakowaniu producenta i objęty pełną obsługą serwisową.;produkt.html?id=1247
1248;SMA-44020;Samsung Galaxy S24 8/128 GB;Smartfony;Samsung;2359.99;PLN;2359.99;;False;4.0;2146;Dostępny;86;0.2;srebrny;7,7 × 4,1 × 24,7 cm;aluminium;2026-04-23;2024-05-27;24;24 mies.;24 h;0.0;TechStore;5907164048260;SAGALAXYS2-541;Tajlandia;telefon, kabel USB-C, kluczyk do karty SIM;"Przekątna ekranu: 6,1"" | Aparat główny: 64 Mpx | Bateria: 5500 mAh";Samsung Galaxy S24 to smartfon z oferty TechStore. Produkt dostarczany jest w oryginalnym opakowaniu producenta i objęty pełną obsługą serwisową.;produkt.html?id=1248
1249;SLU-91629;Logitech G435 białe;Słuchawki;Logitech;579.99;PLN;579.99;711.99;True;3.2;296;Ostatnie sztuki;4;0.08;białe;53,6 × 4,6 × 17,1 cm;tworzywo sztuczne;2024-11-22;2023-02-02;;brak;1–2 dni robocze;0.0;TechStore Outlet;5901941930428;LOG435-584;Malezja;słuchawki, etui, kabel USB-C;Typ: dokanałowe | Łączność: Bluetooth 5.3 | Czas pracy: 50 h;Logitech G435 to słuchawki z oferty TechStore. Produkt dostarczany jest w oryginalnym opakowaniu producenta i objęty pełną obsługą serwisową.;produkt.html?id=1249
1250;MON-57196;iiyama ProLite XUB2493 + głośniki USB;Monitory;iiyama;2449.99;PLN;2449.99;;False;3.5;235;Dostępny;22;3.48;srebrny;29,9 × 40,6 × 9,3 cm;aluminium i tworzywo;2026-03-31;2024-10-30;36;36 mies.;24 h;0.0;Partner: ElektroHurt;5901661658664;IIPROLITEX-314;Wietnam;monitor, podstawa, kabel zasilający, kabel HDMI;"Przekątna: 23,8"" | Rozdzielczość: 1920×1080 | Odświeżanie: 144 Hz";iiyama ProLite XUB2493 to monitor z oferty TechStore. Produkt dostarczany jest w oryginalnym opakowaniu producenta i objęty pełną obsługą serwisową.;produkt.html?id=1250
1251;DRU-52714;HP Smart Tank 580 + ryza papieru A4;Drukarki;HP;1949.99;PLN;1949.99;;False;4.5;1515;Ostatnie sztuki;4;13.12;srebrny;31,4 × 7,1 × 18,3 cm;aluminium;2024-03-06;2022-10-20;36;36 mies.;1–2 dni robocze;0.0;TechStore;5901852573699;HPSMARTTAN-753;Tajlandia;drukarka, startowy materiał eksploatacyjny, kabel zasilający;Technologia druku: laserowa mono | Prędkość druku: 20 str./min | Łączność: USB;HP Smart Tank 580 to drukarka z oferty TechStore. Produkt dostarczany jest w oryginalnym opakowaniu producenta i objęty pełną obsługą serwisową.;produkt.html?id=1251
1252;AKC-77733;Logitech K380 czarny;Akcesoria;Logitech;879.99;PLN;879.99;1007.99;True;3.8;1883;Dostępny;107;0.86;czarny;12,5 × 12,7 × 8,3 cm;stal i tworzywo;2025-12-03;2024-01-03;24;24 mies.;24 h;0.0;Partner: ElektroHurt;5908535677427;LOK380-266;Tajlandia;urządzenie, odbiornik/kabel, instrukcja;Łączność: Bluetooth | Zasilanie: z kabla USB | Kompatybilność: Windows;Logitech K380 to akcesorium komputerowe z oferty TechStore. Produkt dostarczany jest w oryginalnym opakowaniu producenta i objęty pełną obsługą serwisową.;produkt.html?id=1252
1253;LAP-18246;Dell Latitude 5440 32/1 TB;Laptopy;Dell;3409.86;EUR;792.99;960.99;True;4.6;2033;Ostatnie sztuki;1;1.92;szary;44,3 × 9,7 × 11,0 cm;aluminium i tworzywo;2025-11-28;2024-06-22;24;24 mies.;1–2 dni robocze;0.0;TechStore;5908410779447;DELATITUDE-908;Tajwan;laptop, zasilacz, instrukcja;"Procesor: AMD Ryzen 7 7735HS | Ekran: 16"" 2560×1600 | System operacyjny: Windows 11 Home";Dell Latitude 5440 to laptop z oferty TechStore. Produkt dostarczany jest w oryginalnym opakowaniu producenta i objęty pełną obsługą serwisową.;produkt.html?id=1253
1254;SMA-44329;Xiaomi 14T 12/256 GB;Smartfony;Xiaomi;3659.99;PLN;3659.99;;False;;1750;Niedostępny;0;0.22;czarny;59,7 × 28,4 × 23,3 cm;stal i tworzywo;2025-07-02;2024-04-11;36;36 mies.;brak terminu;0.0;Partner: ElektroHurt;5902837290469;XI14T-635;Tajwan;telefon, kabel USB-C, kluczyk do karty SIM;"Przekątna ekranu: 6,7"" | Aparat główny: 50 Mpx | Bateria: 4500 mAh";Xiaomi 14T to smartfon z oferty TechStore. Produkt dostarczany jest w oryginalnym opakowaniu producenta i objęty pełną obsługą serwisową.;produkt.html?id=1254
1255;SLU-91640;Sennheiser HD 450BT czarne;Słuchawki;Sennheiser;639.99;PLN;639.99;;False;;1029;Na zamówienie;0;0.25;czarne;50,4 × 3,3 × 7,8 cm;tworzywo sztuczne;2026-05-15;2025-03-01;24;24 mies.;do 14 dni;0.0;Partner: ElektroHurt;5900493135276;SEHD450BT-391;Tajlandia;słuchawki, etui, kabel USB-C;Typ: nauszne | Łączność: Bluetooth 5.3 + jack 3,5 mm | Czas pracy: 50 h;Sennheiser HD 450BT to słuchawki z oferty TechStore. Produkt dostarczany jest w oryginalnym opakowaniu producenta i objęty pełną obsługą serwisową.;produkt.html?id=1255
1256;MON-19934;iiyama G-Master GB2770;Monitory;iiyama;1859.99;PLN;1859.99;;False;5.0;663;Dostępny;74;5.63;biały;59,5 × 17,4 × 4,6 cm;tworzywo sztuczne;2024-09-02;2022-10-21;36;36 mies.;24 h;0.0;TechStore Outlet;5909928921183;IIGMASTERG-556;Indie;monitor, podstawa, kabel zasilający, kabel HDMI;"Przekątna: 23,8"" | Rozdzielczość: 2560×1440 | Odświeżanie: 180 Hz";iiyama G-Master GB2770 to monitor z oferty TechStore. Produkt dostarczany jest w oryginalnym opakowaniu producenta i objęty pełną obsługą serwisową.;produkt.html?id=1256
1257;DRU-89701;Epson WorkForce WF-2930 + kabel USB;Drukarki;Epson;869.99;PLN;869.99;;False;3.7;138;Dostępny;50;13.75;szary;38,0 × 30,6 × 19,7 cm;stal i tworzywo;2024-01-02;2023-04-21;;brak;24 h;0.0;Partner: ElektroHurt;5903781562689;EPWORKFORC-892;Indie;drukarka, startowy materiał eksploatacyjny, kabel zasilający;Technologia druku: laserowa kolor | Prędkość druku: 30 str./min | Łączność: Wi-Fi, USB;Epson WorkForce WF-2930 to drukarka z oferty TechStore. Produkt dostarczany jest w oryginalnym opakowaniu producenta i objęty pełną obsługą serwisową.;produkt.html?id=1257
1258;AKC-47036;Trust Ozaa grafitowy;Akcesoria;Trust;119.99;PLN;119.99;145.99;True;4.8;2320;Dostępny;57;0.51;grafitowy;46,1 × 6,5 × 12,8 cm;aluminium i tworzywo;2026-07-02;2025-08-10;24;24 mies.;24 h;14.99;TechStore;5900484223205;TROZAA-730;Tajlandia;urządzenie, odbiornik/kabel, instrukcja;Łączność: przewodowa USB | Zasilanie: bateria AA | Kompatybilność: Windows, macOS;Trust Ozaa to akcesorium komputerowe z oferty TechStore. Produkt dostarczany jest w oryginalnym opakowaniu producenta i objęty pełną obsługą serwisową.;produkt.html?id=1258
1259;LAP-28065;HP ProBook 450 8/256 GB;Laptopy;HP;3509.99;PLN;3509.99;;False;4.1;1366;Dostępny;54;1.24;szary;47,5 × 42,3 × 4,6 cm;aluminium i tworzywo;2024-03-02;2024-01-08;24;24 mies.;24 h;0.0;TechStore;5907027019733;HPPROBOOK4-598;Wietnam;laptop, zasilacz, instrukcja;"Procesor: AMD Ryzen 7 7735HS | Ekran: 15,6"" 1920×1080 | System operacyjny: Windows 11 Home";HP ProBook 450 to laptop z oferty TechStore. Produkt dostarczany jest w oryginalnym opakowaniu producenta i objęty pełną obsługą serwisową.;produkt.html?id=1259
1260;SMA-85219;Motorola Edge 50 Neo 12/512 GB;Smartfony;Motorola;989.99;PLN;989.99;1242.99;True;3.5;912;Na zamówienie;0;0.22;biały;19,7 × 37,9 × 8,8 cm;stal i tworzywo;2025-08-17;2024-03-26;24;24 mies.;do 14 dni;0.0;TechStore;5902139784359;MOEDGE50NE-377;Malezja;telefon, kabel USB-C, kluczyk do karty SIM;"Przekątna ekranu: 6,1"" | Aparat główny: 108 Mpx | Bateria: 4500 mAh";Motorola Edge 50 Neo to smartfon z oferty TechStore. Produkt dostarczany jest w oryginalnym opakowaniu producenta i objęty pełną obsługą serwisową.;produkt.html?id=1260
1261;SLU-71404;Sony WF-C700N niebieskie;Słuchawki;Sony;979.99;PLN;979.99;1099.99;True;3.5;1073;Dostępny;48;0.21;niebieskie;46,0 × 16,3 × 12,9 cm;aluminium;2025-12-30;2025-07-24;;brak;24 h;0.0;Partner: ElektroHurt;5905512243894;SOWFC700N-936;Wietnam;słuchawki, etui, kabel USB-C;Typ: dokanałowe | Łączność: Bluetooth 5.2 | Czas pracy: 50 h;Sony WF-C700N to słuchawki z oferty TechStore. Produkt dostarczany jest w oryginalnym opakowaniu producenta i objęty pełną obsługą serwisową.;produkt.html?id=1261
1262;MON-98843;LG 27GP850 + kabel DisplayPort;Monitory;LG;2779.99;PLN;2779.99;;False;3.1;1922;Ostatnie sztuki;4;4.75;grafitowy;35,0 × 11,8 × 24,2 cm;aluminium;2025-12-22;2025-04-14;36;36 mies.;1–2 dni robocze;0.0;TechStore Outlet;5908650682600;LG27GP850-540;Tajwan;monitor, podstawa, kabel zasilający, kabel HDMI;"Przekątna: 27"" | Rozdzielczość: 3840×2160 | Odświeżanie: 165 Hz";LG 27GP850 to monitor z oferty TechStore. Produkt dostarczany jest w oryginalnym opakowaniu producenta i objęty pełną obsługą serwisową.;produkt.html?id=1262
1263;DRU-83449;HP OfficeJet Pro 9120e + kabel USB;Drukarki;HP;1989.99;PLN;1989.99;;False;3.2;1770;Dostępny;68;9.39;szary;9,1 × 35,2 × 15,4 cm;stal i tworzywo;2026-02-19;2024-06-29;24;24 mies.;24 h;0.0;TechStore Outlet;5901238391064;HPOFFICEJE-339;Chiny;drukarka, startowy materiał eksploatacyjny, kabel zasilający;Technologia druku: laserowa mono | Prędkość druku: 34 str./min | Łączność: USB;HP OfficeJet Pro 9120e to drukarka z oferty TechStore. Produkt dostarczany jest w oryginalnym opakowaniu producenta i objęty pełną obsługą serwisową.;produkt.html?id=1263
1264;AKC-44542;Logitech MX Master 3S grafitowy;Akcesoria;Logitech;479.99;PLN;479.99;;False;4.8;1447;Dostępny;79;0.97;grafitowy;51,6 × 21,5 × 9,4 cm;tworzywo sztuczne;2025-09-02;2025-05-15;36;36 mies.;24 h;0.0;TechStore;5903106442506;LOMXMASTER-231;Chiny;urządzenie, odbiornik/kabel, instrukcja;Łączność: przewodowa USB | Zasilanie: bateria AA | Kompatybilność: Windows, macOS, Linux;Logitech MX Master 3S to akcesorium komputerowe z oferty TechStore. Produkt dostarczany jest w oryginalnym opakowaniu producenta i objęty pełną obsługą serwisową.;produkt.html?id=1264
1265;LAP-40039;Lenovo Yoga 7 32/2 TB;Laptopy;Lenovo;7559.99;PLN;7559.99;;False;3.8;2196;Ostatnie sztuki;3;1.25;czarny;57,1 × 11,1 × 23,8 cm;aluminium i tworzywo;2024-03-30;2023-12-26;24;24 mies.;1–2 dni robocze;0.0;TechStore;5901700133315;LEYOGA7-545;Chiny;laptop, zasilacz, instrukcja;"Procesor: Intel Core i5-1335U | Ekran: 14"" 1920×1200 | System operacyjny: bez systemu";Lenovo Yoga 7 to laptop z oferty TechStore. Produkt dostarczany jest w oryginalnym opakowaniu producenta i objęty pełną obsługą serwisową.;produkt.html?id=1265
1266;SMA-13758;Samsung Galaxy A35 12/512 GB;Smartfony;Samsung;1249.99;PLN;1249.99;;False;3.6;389;Niedostępny;0;0.2;niebieski;43,3 × 25,4 × 10,7 cm;aluminium i tworzywo;2024-10-15;2023-06-10;36;36 mies.;brak terminu;0.0;TechStore;5903040164299;SAGALAXYA3-308;Chiny;telefon, kabel USB-C, kluczyk do karty SIM;"Przekątna ekranu: 6,6"" | Aparat główny: 200 Mpx | Bateria: 5000 mAh";Samsung Galaxy A35 to smartfon z oferty TechStore. Produkt dostarczany jest w oryginalnym opakowaniu producenta i objęty pełną obsługą serwisową.;produkt.html?id=1266
1267;SLU-98362;Sony WF-1000XM5 czarne;Słuchawki;Sony;989.99;PLN;989.99;1221.99;True;5.0;1778;Niedostępny;0;0.23;czarne;43,4 × 23,1 × 17,8 cm;stal i tworzywo;2025-08-14;2025-03-28;12;12 mies.;brak terminu;0.0;TechStore;5907611043589;SOWF1000XM-109;Tajwan;słuchawki, etui, kabel USB-C;Typ: dokanałowe | Łączność: Bluetooth 5.3 | Czas pracy: 50 h;Sony WF-1000XM5 to słuchawki z oferty TechStore. Produkt dostarczany jest w oryginalnym opakowaniu producenta i objęty pełną obsługą serwisową.;produkt.html?id=1267
1268;MON-23963;AOC 24G2U + uchwyt VESA;Monitory;AOC;1429.99;PLN;1429.99;1807.99;True;4.6;1044;Niedostępny;0;5.6;czarny;41,7 × 20,5 × 10,4 cm;aluminium;2024-03-12;2023-04-26;36;36 mies.;brak terminu;0.0;TechStore;5901574849807;AO24G2U-523;Wietnam;monitor, podstawa, kabel zasilający, kabel HDMI;"Przekątna: 23,8"" | Rozdzielczość: 3840×2160 | Odświeżanie: 180 Hz";AOC 24G2U to monitor z oferty TechStore. Produkt dostarczany jest w oryginalnym opakowaniu producenta i objęty pełną obsługą serwisową.;produkt.html?id=1268
1269;DRU-96082;Xerox C235 + zapasowy toner;Drukarki;Xerox;989.99;PLN;989.99;1085.99;True;4.8;1979;Dostępny;96;11.33;biały;8,8 × 23,2 × 4,4 cm;tworzywo sztuczne;2026-06-18;2025-04-07;36;36 mies.;24 h;0.0;TechStore;5906734239782;XEC235-436;Chiny;drukarka, startowy materiał eksploatacyjny, kabel zasilający;Technologia druku: atramentowa kolor | Prędkość druku: 34 str./min | Łączność: Wi-Fi, USB;Xerox C235 to drukarka z oferty TechStore. Produkt dostarczany jest w oryginalnym opakowaniu producenta i objęty pełną obsługą serwisową.;produkt.html?id=1269
1270;AKC-93107;SteelSeries Aerox 5 grafitowy;Akcesoria;SteelSeries;789.99;PLN;789.99;;False;4.1;410;Dostępny;42;0.82;grafitowy;11,9 × 8,5 × 12,8 cm;aluminium i tworzywo;2024-04-26;2023-11-08;24;24 mies.;24 h;0.0;TechStore;5908136074705;STAEROX5-591;Tajwan;urządzenie, odbiornik/kabel, instrukcja;Łączność: bezprzewodowa 2,4 GHz | Zasilanie: z kabla USB | Kompatybilność: Windows, macOS;SteelSeries Aerox 5 to akcesorium komputerowe z oferty TechStore. Produkt dostarczany jest w oryginalnym opakowaniu producenta i objęty pełną obsługą serwisową.;produkt.html?id=1270
1271;LAP-78324;HP Pavilion 15 16/512 GB;Laptopy;HP;3279.99;PLN;3279.99;;False;;1914;Dostępny;57;1.91;szary;58,0 × 30,2 × 6,1 cm;aluminium;2026-09-09;2026-03-26;36;36 mies.;24 h;0.0;TechStore Outlet;5904516975893;HPPAVILION-999;Tajlandia;laptop, zasilacz, instrukcja;"Procesor: Intel Core i7-1355U | Ekran: 14"" 1920×1200 | System operacyjny: Windows 11 Home";HP Pavilion 15 to laptop z oferty TechStore. Produkt dostarczany jest w oryginalnym opakowaniu producenta i objęty pełną obsługą serwisową.;produkt.html?id=1271
1272;SMA-62963;Motorola Moto G84 12/512 GB;Smartfony;Motorola;1489.99;PLN;1489.99;;False;;1854;Dostępny;70;0.23;szary;15,3 × 37,8 × 9,4 cm;aluminium;2024-03-12;2022-09-16;24;24 mies.;24 h;0.0;TechStore;5901683269017;MOMOTOG84-251;Wietnam;telefon, kabel USB-C, kluczyk do karty SIM;"Przekątna ekranu: 6,6"" | Aparat główny: 200 Mpx | Bateria: 5500 mAh";Motorola Moto G84 to smartfon z oferty TechStore. Produkt dostarczany jest w oryginalnym opakowaniu producenta i objęty pełną obsługą serwisową.;produkt.html?id=1272
1273;SLU-82049;Sony WH-CH720N zielone;Słuchawki;Sony;519.99;PLN;519.99;638.99;True;3.8;180;Dostępny;43;0.32;zielone;43,0 × 30,5 × 15,6 cm;stal i tworzywo;2025-04-15;2024-11-21;12;12 mies.;24 h;0.0;TechStore Outlet;5907763893635;SOWHCH720N-572;Tajwan;słuchawki, etui, kabel USB-C;Typ: dokanałowe | Łączność: Bluetooth 5.3 | Czas pracy: 40 h;Sony WH-CH720N to słuchawki z oferty TechStore. Produkt dostarczany jest w oryginalnym opakowaniu producenta i objęty pełną obsługą serwisową.;produkt.html?id=1273
1274;MON-13470;Samsung Odyssey G5 + uchwyt VESA;Monitory;Samsung;1819.99;PLN;1819.99;2117.99;True;;1923;Na zamówienie;0;5.8;srebrny;22,8 × 6,1 × 8,4 cm;aluminium i tworzywo;2024-12-04;2024-10-11;36;36 mies.;do 14 dni;0.0;TechStore;5905617345880;SAODYSSEYG-838;Chiny;monitor, podstawa, kabel zasilający, kabel HDMI;"Przekątna: 23,8"" | Rozdzielczość: 1920×1080 | Odświeżanie: 180 Hz";Samsung Odyssey G5 to monitor z oferty TechStore. Produkt dostarczany jest w oryginalnym opakowaniu producenta i objęty pełną obsługą serwisową.;produkt.html?id=1274
1275;DRU-81016;Epson WorkForce WF-2930 + etui na dokumenty;Drukarki;Epson;1999.96;USD;499.99;630.99;True;4.3;593;Niedostępny;0;12.78;niebieski;58,0 × 38,2 × 20,9 cm;tworzywo sztuczne;2025-12-26;2025-10-17;24;24 mies.;brak terminu;0.0;Partner: ElektroHurt;5907508023611;EPWORKFORC-353;Chiny;drukarka, startowy materiał eksploatacyjny, kabel zasilający;Technologia druku: atramentowa kolor | Prędkość druku: 34 str./min | Łączność: Wi-Fi, USB;Epson WorkForce WF-2930 to drukarka z oferty TechStore. Produkt dostarczany jest w oryginalnym opakowaniu producenta i objęty pełną obsługą serwisową.;produkt.html?id=1275
1276;AKC-34265;Razer BlackWidow V4 grafitowy;Akcesoria;Razer;429.99;PLN;429.99;524.99;True;4.3;977;Ostatnie sztuki;1;0.24;grafitowy;57,0 × 38,6 × 2,1 cm;stal i tworzywo;2024-10-12;2024-05-22;24;24 mies.;1–2 dni robocze;0.0;TechStore Outlet;5908074023940;RABLACKWID-176;Chiny;urządzenie, odbiornik/kabel, instrukcja;Łączność: przewodowa USB | Zasilanie: akumulator | Kompatybilność: Windows, macOS;Razer BlackWidow V4 to akcesorium komputerowe z oferty TechStore. Produkt dostarczany jest w oryginalnym opakowaniu producenta i objęty pełną obsługą serwisową.;produkt.html?id=1276
1277;LAP-97113;Lenovo ThinkPad E14 16/1 TB;Laptopy;Lenovo;6509.99;PLN;6509.99;;False;3.5;196;Dostępny;115;1.85;szary;57,8 × 44,7 × 18,8 cm;aluminium i tworzywo;2025-11-20;2025-03-26;;brak;24 h;0.0;Partner: ElektroHurt;5907973625091;LETHINKPAD-358;Malezja;laptop, zasilacz, instrukcja;"Procesor: AMD Ryzen 7 7735HS | Ekran: 16"" 2560×1600 | System operacyjny: Windows 11 Pro";Lenovo ThinkPad E14 to laptop z oferty TechStore. Produkt dostarczany jest w oryginalnym opakowaniu producenta i objęty pełną obsługą serwisową.;produkt.html?id=1277
1278;SMA-42697;Samsung Galaxy S24 6/128 GB;Smartfony;Samsung;4299.99;PLN;4299.99;;False;;889;Niedostępny;0;0.2;srebrny;46,0 × 15,1 × 1,3 cm;aluminium i tworzywo;2026-03-27;2026-02-25;36;36 mies.;brak terminu;0.0;TechStore;5903037652462;SAGALAXYS2-253;Indie;telefon, kabel USB-C, kluczyk do karty SIM;"Przekątna ekranu: 6,1"" | Aparat główny: 200 Mpx | Bateria: 4500 mAh";Samsung Galaxy S24 to smartfon z oferty TechStore. Produkt dostarczany jest w oryginalnym opakowaniu producenta i objęty pełną obsługą serwisową.;produkt.html?id=1278
1279;SLU-82325;Sony WF-1000XM5 beżowe;Słuchawki;Sony;1579.99;PLN;1579.99;;False;4.4;2261;Dostępny;55;0.27;beżowe;58,8 × 16,4 × 18,4 cm;aluminium i tworzywo;2024-03-01;2022-06-04;;brak;24 h;0.0;TechStore;5900055503203;SOWF1000XM-806;Tajwan;słuchawki, etui, kabel USB-C;Typ: douszne | Łączność: Bluetooth 5.2 | Czas pracy: 60 h;Sony WF-1000XM5 to słuchawki z oferty TechStore. Produkt dostarczany jest w oryginalnym opakowaniu producenta i objęty pełną obsługą serwisową.;produkt.html?id=1279
1280;MON-59849;AOC Q27G3XMN + kabel DisplayPort;Monitory;AOC;539.99;PLN;539.99;;False;3.6;2128;Niedostępny;0;6.36;niebieski;54,3 × 15,7 × 4,6 cm;aluminium;2026-04-04;2024-05-13;36;36 mies.;brak terminu;0.0;TechStore Outlet;5908651551101;AOQ27G3XMN-904;Malezja;monitor, podstawa, kabel zasilający, kabel HDMI;"Przekątna: 23,8"" | Rozdzielczość: 2560×1440 | Odświeżanie: 75 Hz";AOC Q27G3XMN to monitor z oferty TechStore. Produkt dostarczany jest w oryginalnym opakowaniu producenta i objęty pełną obsługą serwisową.;produkt.html?id=1280
1281;DRU-54765;HP OfficeJet Pro 9120e + zapasowy toner;Drukarki;HP;909.99;PLN;909.99;;False;4.0;1838;Ostatnie sztuki;3;12.74;srebrny;26,2 × 6,1 × 1,5 cm;aluminium;2025-08-02;2025-01-10;;brak;1–2 dni robocze;0.0;TechStore;5901702460029;HPOFFICEJE-881;Tajwan;drukarka, startowy materiał eksploatacyjny, kabel zasilający;Technologia druku: laserowa kolor | Prędkość druku: 20 str./min | Łączność: Wi-Fi, LAN, USB;HP OfficeJet Pro 9120e to drukarka z oferty TechStore. Produkt dostarczany jest w oryginalnym opakowaniu producenta i objęty pełną obsługą serwisową.;produkt.html?id=1281
1282;AKC-34713;SteelSeries Apex 3 TKL grafitowy;Akcesoria;SteelSeries;139.99;PLN;139.99;;False;3.5;332;Na zamówienie;0;0.91;grafitowy;10,4 × 13,3 × 16,2 cm;aluminium i tworzywo;2025-01-05;2023-05-10;24;24 mies.;do 14 dni;14.99;TechStore;5901969341496;STAPEX3TKL-170;Tajlandia;urządzenie, odbiornik/kabel, instrukcja;Łączność: przewodowa USB | Zasilanie: akumulator | Kompatybilność: Windows, macOS, Linux;SteelSeries Apex 3 TKL to akcesorium komputerowe z oferty TechStore. Produkt dostarczany jest w oryginalnym opakowaniu producenta i objęty pełną obsługą serwisową.;produkt.html?id=1282
1283;LAP-23720;Lenovo Yoga 7 16/1 TB;Laptopy;Lenovo;3229.99;PLN;3229.99;3633.99;True;3.8;1740;Dostępny;83;2.14;biały;34,2 × 40,7 × 24,8 cm;stal i tworzywo;2024-06-11;2023-02-25;36;36 mies.;24 h;0.0;TechStore Outlet;5903292034238;LEYOGA7-444;Malezja;laptop, zasilacz, instrukcja;"Procesor: AMD Ryzen 7 7735HS | Ekran: 14"" 1920×1200 | System operacyjny: Windows 11 Pro";Lenovo Yoga 7 to laptop z oferty TechStore. Produkt dostarczany jest w oryginalnym opakowaniu producenta i objęty pełną obsługą serwisową.;produkt.html?id=1283
1284;SMA-42123;Samsung Galaxy A35 12/256 GB;Smartfony;Samsung;2507.96;USD;626.99;;False;4.6;1820;Na zamówienie;0;0.17;grafitowy;38,8 × 11,2 × 24,5 cm;aluminium i tworzywo;2025-06-03;2024-08-02;;brak;do 14 dni;0.0;TechStore Outlet;5901612039707;SAGALAXYA3-535;Chiny;telefon, kabel USB-C, kluczyk do karty SIM;"Przekątna ekranu: 6,1"" | Aparat główny: 50 Mpx | Bateria: 4500 mAh";Samsung Galaxy A35 to smartfon z oferty TechStore. Produkt dostarczany jest w oryginalnym opakowaniu producenta i objęty pełną obsługą serwisową.;produkt.html?id=1284
1285;SLU-73348;Bose QuietComfort Ultra beżowe;Słuchawki;Bose;399.99;PLN;399.99;;False;4.2;327;Dostępny;39;0.08;beżowe;55,6 × 15,3 × 13,2 cm;aluminium i tworzywo;2026-04-01;2025-01-25;12;12 mies.;24 h;0.0;TechStore;5901375832447;BOQUIETCOM-780;Wietnam;słuchawki, etui, kabel USB-C;Typ: nauszne | Łączność: Bluetooth 5.3 + jack 3,5 mm | Czas pracy: 60 h;Bose QuietComfort Ultra to słuchawki z oferty TechStore. Produkt dostarczany jest w oryginalnym opakowaniu producenta i objęty pełną obsługą serwisową.;produkt.html?id=1285
1286;MON-69807;BenQ GW2785TC + kabel DisplayPort;Monitory;BenQ;769.99;PLN;769.99;;False;3.2;1889;Dostępny;21;6.37;srebrny;56,6 × 30,0 × 24,3 cm;tworzywo sztuczne;2025-07-24;2023-11-21;36;36 mies.;24 h;0.0;TechStore;5902052387160;BEGW2785TC-142;Tajlandia;monitor, podstawa, kabel zasilający, kabel HDMI;"Przekątna: 31,5"" | Rozdzielczość: 1920×1080 | Odświeżanie: 75 Hz";BenQ GW2785TC to monitor z oferty TechStore. Produkt dostarczany jest w oryginalnym opakowaniu producenta i objęty pełną obsługą serwisową.;produkt.html?id=1286
1287;DRU-91914;Xerox B225 + kabel USB;Drukarki;Xerox;1839.99;PLN;1839.99;;False;3.4;481;Dostępny;99;11.55;biały;28,1 × 44,8 × 19,3 cm;stal i tworzywo;2025-04-03;2025-01-28;;brak;24 h;0.0;TechStore;5901207704468;XEB225-997;Indie;drukarka, startowy materiał eksploatacyjny, kabel zasilający;Technologia druku: atramentowa kolor | Prędkość druku: 34 str./min | Łączność: Wi-Fi, LAN, USB;Xerox B225 to drukarka z oferty TechStore. Produkt dostarczany jest w oryginalnym opakowaniu producenta i objęty pełną obsługą serwisową.;produkt.html?id=1287
1288;AKC-50722;SteelSeries Apex 3 TKL biały;Akcesoria;SteelSeries;209.99;PLN;209.99;262.99;True;3.6;1479;Dostępny;36;0.46;biały;41,0 × 36,5 × 6,0 cm;tworzywo sztuczne;2024-04-27;2022-10-15;36;36 mies.;24 h;14.99;TechStore Outlet;5905738678898;STAPEX3TKL-955;Wietnam;urządzenie, odbiornik/kabel, instrukcja;Łączność: bezprzewodowa 2,4 GHz | Zasilanie: bateria AA | Kompatybilność: Windows;SteelSeries Apex 3 TKL to akcesorium komputerowe z oferty TechStore. Produkt dostarczany jest w oryginalnym opakowaniu producenta i objęty pełną obsługą serwisową.;produkt.html?id=1288
1289;LAP-51245;ASUS ZenBook 14 16/1 TB;Laptopy;ASUS;5179.99;PLN;5179.99;;False;4.9;1705;Dostępny;53;2.06;czarny;50,9 × 8,8 × 10,5 cm;aluminium i tworzywo;2025-02-03;2023-05-16;24;24 mies.;24 h;0.0;Partner: ElektroHurt;5902802208890;ASZENBOOK1-971;Indie;laptop, zasilacz, instrukcja;"Procesor: Intel Core i5-1335U | Ekran: 15,6"" 1920×1080 | System operacyjny: Windows 11 Pro";ASUS ZenBook 14 to laptop z oferty TechStore. Produkt dostarczany jest w oryginalnym opakowaniu producenta i objęty pełną obsługą serwisową.;produkt.html?id=1289
1290;SMA-76063;Xiaomi 14T 8/128 GB;Smartfony;Xiaomi;1149.99;PLN;1149.99;;False;4.7;544;Na zamówienie;0;0.21;szary;33,5 × 26,8 × 24,7 cm;aluminium;2026-06-13;2026-05-14;36;36 mies.;do 14 dni;0.0;TechStore;5900228453924;XI14T-787;Tajlandia;telefon, kabel USB-C, kluczyk do karty SIM;"Przekątna ekranu: 6,7"" | Aparat główny: 200 Mpx | Bateria: 4500 mAh";Xiaomi 14T to smartfon z oferty TechStore. Produkt dostarczany jest w oryginalnym opakowaniu producenta i objęty pełną obsługą serwisową.;produkt.html?id=1290
1291;SLU-52581;JBL Live 670NC czarne;Słuchawki;JBL;1539.99;PLN;1539.99;;False;4.9;1032;Dostępny;107;0.17;czarne;39,5 × 35,6 × 17,6 cm;aluminium i tworzywo;2026-08-15;2025-07-21;24;24 mies.;24 h;0.0;TechStore;5905151258833;JBLIVE670N-148;Indie;słuchawki, etui, kabel USB-C;Typ: nauszne | Łączność: Bluetooth 5.2 | Czas pracy: 30 h;JBL Live 670NC to słuchawki z oferty TechStore. Produkt dostarczany jest w oryginalnym opakowaniu producenta i objęty pełną obsługą serwisową.;produkt.html?id=1291
1292;MON-24995;AOC U32P2 + kabel DisplayPort;Monitory;AOC;2879.99;PLN;2879.99;3534.99;True;3.7;1476;Dostępny;117;3.22;czarny;15,5 × 24,1 × 9,0 cm;aluminium;2024-06-24;2023-02-09;48;48 mies.;24 h;0.0;Partner: ElektroHurt;5909163432063;AOU32P2-503;Malezja;monitor, podstawa, kabel zasilający, kabel HDMI;"Przekątna: 31,5"" | Rozdzielczość: 3840×2160 | Odświeżanie: 144 Hz";AOC U32P2 to monitor z oferty TechStore. Produkt dostarczany jest w oryginalnym opakowaniu producenta i objęty pełną obsługą serwisową.;produkt.html?id=1292
1293;DRU-81481;Brother HL-L2445DW + ryza papieru A4;Drukarki;Brother;2429.99;PLN;2429.99;;False;4.1;337;Dostępny;38;12.99;niebieski;40,2 × 17,2 × 4,7 cm;tworzywo sztuczne;2026-07-28;2025-09-02;36;36 mies.;24 h;0.0;TechStore Outlet;5909432842027;BRHLL2445D-362;Chiny;drukarka, startowy materiał eksploatacyjny, kabel zasilający;Technologia druku: laserowa kolor | Prędkość druku: 20 str./min | Łączność: Wi-Fi, USB;Brother HL-L2445DW to drukarka z oferty TechStore. Produkt dostarczany jest w oryginalnym opakowaniu producenta i objęty pełną obsługą serwisową.;produkt.html?id=1293
1294;AKC-82021;Razer BlackWidow V4 różowy;Akcesoria;Razer;99.99;PLN;99.99;;False;4.1;919;Dostępny;38;0.65;różowy;47,8 × 3,3 × 24,8 cm;tworzywo sztuczne;2025-11-06;2024-02-24;36;36 mies.;24 h;14.99;TechStore Outlet;5907163480590;RABLACKWID-691;Chiny;urządzenie, odbiornik/kabel, instrukcja;Łączność: bezprzewodowa 2,4 GHz | Zasilanie: z kabla USB | Kompatybilność: Windows;Razer BlackWidow V4 to akcesorium komputerowe z oferty TechStore. Produkt dostarczany jest w oryginalnym opakowaniu producenta i objęty pełną obsługą serwisową.;produkt.html?id=1294
1295;LAP-74017;Dell Inspiron 15 16/1 TB;Laptopy;Dell;3679.99;PLN;3679.99;;False;4.8;1136;Niedostępny;0;1.34;biały;54,2 × 32,4 × 4,6 cm;tworzywo sztuczne;2026-02-20;2024-08-20;24;24 mies.;brak terminu;0.0;TechStore;5904937342586;DEINSPIRON-842;Malezja;laptop, zasilacz, instrukcja;"Procesor: AMD Ryzen 7 7735HS | Ekran: 14"" 1920×1200 | System operacyjny: bez systemu";Dell Inspiron 15 to laptop z oferty TechStore. Produkt dostarczany jest w oryginalnym opakowaniu producenta i objęty pełną obsługą serwisową.;produkt.html?id=1295
1296;SMA-65317;Google Pixel 8a 8/128 GB;Smartfony;Google;1679.96;USD;419.99;;False;4.8;1250;Niedostępny;0;0.21;biały;35,4 × 32,2 × 1,2 cm;tworzywo sztuczne;2025-07-01;2024-05-20;24;24 mies.;brak terminu;0.0;TechStore Outlet;5909123809119;GOPIXEL8A-901;Indie;telefon, kabel USB-C, kluczyk do karty SIM;"Przekątna ekranu: 6,7"" | Aparat główny: 64 Mpx | Bateria: 4500 mAh";Google Pixel 8a to smartfon z oferty TechStore. Produkt dostarczany jest w oryginalnym opakowaniu producenta i objęty pełną obsługą serwisową.;produkt.html?id=1296
1297;SLU-45943;Logitech G435 beżowe;Słuchawki;Logitech;1389.99;PLN;1389.99;;False;3.6;151;Na zamówienie;0;0.28;beżowe;15,6 × 7,7 × 5,2 cm;stal i tworzywo;2024-04-04;2023-05-11;24;24 mies.;do 14 dni;0.0;TechStore;5902301872079;LOG435-279;Tajlandia;słuchawki, etui, kabel USB-C;Typ: douszne | Łączność: Bluetooth 5.2 | Czas pracy: 30 h;Logitech G435 to słuchawki z oferty TechStore. Produkt dostarczany jest w oryginalnym opakowaniu producenta i objęty pełną obsługą serwisową.;produkt.html?id=1297
1298;MON-82457;Samsung Odyssey G5 + kabel DisplayPort;Monitory;Samsung;2849.99;PLN;2849.99;;False;3.5;1213;Na zamówienie;0;6.35;niebieski;17,1 × 17,0 × 19,4 cm;tworzywo sztuczne;2024-02-11;2023-07-27;;brak;do 14 dni;0.0;Partner: ElektroHurt;5903304288666;SAODYSSEYG-619;Tajwan;monitor, podstawa, kabel zasilający, kabel HDMI;"Przekątna: 23,8"" | Rozdzielczość: 2560×1440 | Odświeżanie: 144 Hz";Samsung Odyssey G5 to monitor z oferty TechStore. Produkt dostarczany jest w oryginalnym opakowaniu producenta i objęty pełną obsługą serwisową.;produkt.html?id=1298
1299;DRU-56416;Brother MFC-L2800DW + etui na dokumenty;Drukarki;Brother;1449.99;PLN;1449.99;;False;3.8;1332;Dostępny;73;13.27;niebieski;32,5 × 6,3 × 24,6 cm;tworzywo sztuczne;2025-05-13;2024-03-17;36;36 mies.;24 h;0.0;TechStore;5900855608432;BRMFCL2800-845;Tajlandia;drukarka, startowy materiał eksploatacyjny, kabel zasilający;Technologia druku: atramentowa kolor | Prędkość druku: 20 str./min | Łączność: USB;Brother MFC-L2800DW to drukarka z oferty TechStore. Produkt dostarczany jest w oryginalnym opakowaniu producenta i objęty pełną obsługą serwisową.;produkt.html?id=1299
1300;AKC-61380;SteelSeries Apex 3 TKL niebieski;Akcesoria;SteelSeries;299.99;PLN;299.99;;False;4.0;2047;Dostępny;99;1.14;niebieski;7,9 × 13,5 × 10,5 cm;aluminium i tworzywo;2024-07-19;2024-01-15;36;36 mies.;24 h;14.99;TechStore Outlet;5907481039722;STAPEX3TKL-243;Tajwan;urządzenie, odbiornik/kabel, instrukcja;Łączność: Bluetooth | Zasilanie: z kabla USB | Kompatybilność: Windows, macOS;SteelSeries Apex 3 TKL to akcesorium komputerowe z oferty TechStore. Produkt dostarczany jest w oryginalnym opakowaniu producenta i objęty pełną obsługą serwisową.;produkt.html?id=1300
1302;SMA-14250;Apple iPhone 15 6/128 GB;Smartfony;Apple;1669.99;PLN;1669.99;1842.99;True;4.3;1950;Dostępny;8;0.2;grafitowy;46,9 × 44,9 × 1,1 cm;aluminium i tworzywo;2026-02-18;2024-05-02;24;24 mies.;24 h;0.0;TechStore Outlet;5903393349891;APIPHONE15-667;Malezja;telefon, kabel USB-C, kluczyk do karty SIM;"Przekątna ekranu: 6,1"" | Aparat główny: 108 Mpx | Bateria: 5500 mAh";Apple iPhone 15 to smartfon z oferty TechStore. Produkt dostarczany jest w oryginalnym opakowaniu producenta i objęty pełną obsługą serwisową.;produkt.html?id=1302
1303;SLU-19420;Sennheiser Momentum 4 beżowe;Słuchawki;Sennheiser;1719.99;PLN;1719.99;;False;3.9;221;Ostatnie sztuki;3;0.34;beżowe;22,0 × 24,5 × 18,5 cm;aluminium i tworzywo;2025-06-06;2023-09-05;24;24 mies.;1–2 dni robocze;0.0;Partner: ElektroHurt;5904176530643;SEMOMENTUM-799;Tajlandia;słuchawki, etui, kabel USB-C;Typ: dokanałowe | Łączność: Bluetooth 5.3 | Czas pracy: 30 h;Sennheiser Momentum 4 to słuchawki z oferty TechStore. Produkt dostarczany jest w oryginalnym opakowaniu producenta i objęty pełną obsługą serwisową.;produkt.html?id=1303
1304;MON-69607;BenQ EW3280U + kabel DisplayPort;Monitory;BenQ;649.99;PLN;649.99;;False;4.0;663;Niedostępny;0;6.55;niebieski;10,3 × 15,2 × 23,2 cm;tworzywo sztuczne;2024-07-14;2023-12-27;36;36 mies.;brak terminu;0.0;TechStore Outlet;5907965786669;BEEW3280U-966;Wietnam;monitor, podstawa, kabel zasilający, kabel HDMI;"Przekątna: 23,8"" | Rozdzielczość: 1920×1080 | Odświeżanie: 180 Hz";BenQ EW3280U to monitor z oferty TechStore. Produkt dostarczany jest w oryginalnym opakowaniu producenta i objęty pełną obsługą serwisową.;produkt.html?id=1304
1305;DRU-65235;Brother HL-L2445DW + zapasowy toner;Drukarki;Brother;739.99;PLN;739.99;;False;4.6;1675;Ostatnie sztuki;2;12.95;szary;59,8 × 33,5 × 17,9 cm;stal i tworzywo;2026-09-09;2026-05-26;24;24 mies.;1–2 dni robocze;0.0;TechStore;5907950387630;BRHLL2445D-858;Chiny;drukarka, startowy materiał eksploatacyjny, kabel zasilający;Technologia druku: laserowa kolor | Prędkość druku: 20 str./min | Łączność: USB;Brother HL-L2445DW to drukarka z oferty TechStore. Produkt dostarczany jest w oryginalnym opakowaniu producenta i objęty pełną obsługą serwisową.;produkt.html?id=1305
1306;AKC-48437;Logitech MX Keys S czarny;Akcesoria;Logitech;299.99;PLN;299.99;;False;4.0;2024;Dostępny;94;0.4;czarny;21,2 × 36,7 × 6,5 cm;aluminium i tworzywo;2024-01-22;2023-11-05;36;36 mies.;24 h;14.99;TechStore;5908183087035;LOMXKEYSS-995;Wietnam;urządzenie, odbiornik/kabel, instrukcja;Łączność: Bluetooth | Zasilanie: z kabla USB | Kompatybilność: Windows, macOS;Logitech MX Keys S to akcesorium komputerowe z oferty TechStore. Produkt dostarczany jest w oryginalnym opakowaniu producenta i objęty pełną obsługą serwisową.;produkt.html?id=1306
1307;LAP-71736;Lenovo ThinkPad E14 32/1 TB;Laptopy;Lenovo;5129.99;PLN;5129.99;6535.99;True;4.9;2275;Na zamówienie;0;2.15;czarny;23,1 × 16,7 × 5,7 cm;stal i tworzywo;2026-08-13;2026-07-05;36;36 mies.;do 14 dni;0.0;TechStore;5900332274298;LETHINKPAD-348;Chiny;laptop, zasilacz, instrukcja;"Procesor: Intel Core i5-1335U | Ekran: 15,6"" 1920×1080 | System operacyjny: Windows 11 Home";Lenovo ThinkPad E14 to laptop z oferty TechStore. Produkt dostarczany jest w oryginalnym opakowaniu producenta i objęty pełną obsługą serwisową.;produkt.html?id=1307
1308;SMA-29314;Motorola Edge 40 8/256 GB;Smartfony;Motorola;4469.99;PLN;4469.99;;False;4.5;1722;Dostępny;63;0.22;niebieski;30,6 × 17,5 × 10,9 cm;stal i tworzywo;2024-06-27;2023-05-06;;brak;24 h;0.0;TechStore;5902127020003;MOEDGE40-860;Indie;telefon, kabel USB-C, kluczyk do karty SIM;"Przekątna ekranu: 6,1"" | Aparat główny: 108 Mpx | Bateria: 4500 mAh";Motorola Edge 40 to smartfon z oferty TechStore. Produkt dostarczany jest w oryginalnym opakowaniu producenta i objęty pełną obsługą serwisową.;produkt.html?id=1308
1309;SLU-20939;Sennheiser Accentum zielone;Słuchawki;Sennheiser;1509.99;PLN;1509.99;;False;4.4;470;Ostatnie sztuki;3;0.35;zielone;50,0 × 12,7 × 2,3 cm;aluminium;2024-07-03;2023-05-03;;brak;1–2 dni robocze;0.0;TechStore;5909286684125;SEACCENTUM-256;Indie;słuchawki, etui, kabel USB-C;Typ: nauszne | Łączność: Bluetooth 5.2 | Czas pracy: 40 h;Sennheiser Accentum to słuchawki z oferty TechStore. Produkt dostarczany jest w oryginalnym opakowaniu producenta i objęty pełną obsługą serwisową.;produkt.html?id=1309
1310;MON-55736;AOC U32P2 + uchwyt VESA;Monitory;AOC;2589.99;PLN;2589.99;;False;4.7;1514;Ostatnie sztuki;4;3.29;czarny;50,4 × 14,9 × 9,2 cm;aluminium;2024-02-06;2023-08-06;36;36 mies.;1–2 dni robocze;0.0;TechStore;5905614001937;AOU32P2-282;Tajwan;monitor, podstawa, kabel zasilający, kabel HDMI;"Przekątna: 31,5"" | Rozdzielczość: 1920×1080 | Odświeżanie: 75 Hz";AOC U32P2 to monitor z oferty TechStore. Produkt dostarczany jest w oryginalnym opakowaniu producenta i objęty pełną obsługą serwisową.;produkt.html?id=1310
1311;DRU-92100;Epson EcoTank L8050 + zapasowy toner;Drukarki;Epson;1739.99;PLN;1739.99;;False;4.8;2009;Dostępny;60;13.37;biały;23,0 × 21,2 × 13,6 cm;stal i tworzywo;2026-09-17;2025-05-21;36;36 mies.;24 h;0.0;Partner: ElektroHurt;5905523735948;EPECOTANKL-604;Tajwan;drukarka, startowy materiał eksploatacyjny, kabel zasilający;Technologia druku: atramentowa kolor | Prędkość druku: 30 str./min | Łączność: Wi-Fi, LAN, USB;Epson EcoTank L8050 to drukarka z oferty TechStore. Produkt dostarczany jest w oryginalnym opakowaniu producenta i objęty pełną obsługą serwisową.;produkt.html?id=1311
1312;AKC-43774;Trust Ozaa niebieski;Akcesoria;Trust;189.99;PLN;189.99;211.99;True;4.5;2332;Na zamówienie;0;1.01;niebieski;34,6 × 44,6 × 14,1 cm;aluminium;2024-01-16;2022-04-30;24;24 mies.;do 14 dni;14.99;TechStore;5907369798560;TROZAA-949;Tajlandia;urządzenie, odbiornik/kabel, instrukcja;Łączność: bezprzewodowa 2,4 GHz | Zasilanie: z kabla USB | Kompatybilność: Windows;Trust Ozaa to akcesorium komputerowe z oferty TechStore. Produkt dostarczany jest w oryginalnym opakowaniu producenta i objęty pełną obsługą serwisową.;produkt.html?id=1312
1313;LAP-21344;ASUS ZenBook 14 16/512 GB;Laptopy;ASUS;6139.99;PLN;6139.99;6796.99;True;3.5;1905;Ostatnie sztuki;1;2.17;szary;45,9 × 40,7 × 6,9 cm;aluminium;2025-09-10;2025-05-04;36;36 mies.;1–2 dni robocze;0.0;Partner: ElektroHurt;5901580547978;ASZENBOOK1-529;Indie;laptop, zasilacz, instrukcja;"Procesor: Intel Core i7-1355U | Ekran: 16"" 2560×1600 | System operacyjny: bez systemu";ASUS ZenBook 14 to laptop z oferty TechStore. Produkt dostarczany jest w oryginalnym opakowaniu producenta i objęty pełną obsługą serwisową.;produkt.html?id=1313
1314;SMA-41726;Google Pixel 9 6/128 GB;Smartfony;Google;3439.99;PLN;3439.99;;False;;691;Dostępny;48;0.23;grafitowy;59,8 × 45,0 × 16,1 cm;aluminium i tworzywo;2025-10-25;2024-05-22;24;24 mies.;24 h;0.0;Partner: ElektroHurt;5908343758359;GOPIXEL9-381;Tajwan;telefon, kabel USB-C, kluczyk do karty SIM;"Przekątna ekranu: 6,7"" | Aparat główny: 108 Mpx | Bateria: 5000 mAh";Google Pixel 9 to smartfon z oferty TechStore. Produkt dostarczany jest w oryginalnym opakowaniu producenta i objęty pełną obsługą serwisową.;produkt.html?id=1314
1315;SLU-80568;Logitech Zone Vibe 100 zielone;Słuchawki;Logitech;1049.99;PLN;1049.99;;False;;1255;Dostępny;28;0.2;zielone;34,0 × 44,0 × 10,1 cm;aluminium;2026-02-06;2024-08-08;24;24 mies.;24 h;0.0;TechStore;5909841114246;LOZONEVIBE-974;Tajwan;słuchawki, etui, kabel USB-C;Typ: dokanałowe | Łączność: Bluetooth 5.3 | Czas pracy: 60 h;Logitech Zone Vibe 100 to słuchawki z oferty TechStore. Produkt dostarczany jest w oryginalnym opakowaniu producenta i objęty pełną obsługą serwisową.;produkt.html?id=1315
1316;MON-63833;AOC U32P2;Monitory;AOC;2269.99;PLN;2269.99;;False;;564;Dostępny;16;6.45;szary;50,4 × 11,7 × 2,8 cm;aluminium;2024-08-15;2022-11-08;36;36 mies.;24 h;0.0;Partner: ElektroHurt;5907233986413;AOU32P2-731;Wietnam;monitor, podstawa, kabel zasilający, kabel HDMI;"Przekątna: 31,5"" | Rozdzielczość: 3840×2160 | Odświeżanie: 144 Hz";AOC U32P2 to monitor z oferty TechStore. Produkt dostarczany jest w oryginalnym opakowaniu producenta i objęty pełną obsługą serwisową.;produkt.html?id=1316
1317;DRU-29952;Canon PIXMA TS5350i + etui na dokumenty;Drukarki;Canon;539.99;PLN;539.99;;False;4.5;1639;Na zamówienie;0;7.23;grafitowy;15,4 × 36,7 × 10,1 cm;aluminium i tworzywo;2025-11-20;2025-10-08;36;36 mies.;do 14 dni;0.0;TechStore;5901734570935;CAPIXMATS5-894;Indie;drukarka, startowy materiał eksploatacyjny, kabel zasilający;Technologia druku: laserowa mono | Prędkość druku: 30 str./min | Łączność: Wi-Fi, USB;Canon PIXMA TS5350i to drukarka z oferty TechStore. Produkt dostarczany jest w oryginalnym opakowaniu producenta i objęty pełną obsługą serwisową.;produkt.html?id=1317
1318;AKC-32607;Razer BlackWidow V4 niebieski;Akcesoria;Razer;359.99;PLN;359.99;;False;4.2;511;Na zamówienie;0;1.14;niebieski;49,1 × 40,7 × 2,8 cm;stal i tworzywo;2026-01-08;2024-06-19;;brak;do 14 dni;0.0;TechStore Outlet;5903781137388;RABLACKWID-783;Wietnam;urządzenie, odbiornik/kabel, instrukcja;Łączność: Bluetooth | Zasilanie: bateria AA | Kompatybilność: Windows;Razer BlackWidow V4 to akcesorium komputerowe z oferty TechStore. Produkt dostarczany jest w oryginalnym opakowaniu producenta i objęty pełną obsługą serwisową.;produkt.html?id=1318
1319;LAP-25582;HP ProBook 450 32/2 TB;Laptopy;HP;2760.56;EUR;641.99;;False;3.7;1107;Dostępny;91;1.88;grafitowy;46,5 × 39,1 × 16,1 cm;tworzywo sztuczne;2024-07-06;2023-05-07;24;24 mies.;24 h;0.0;TechStore Outlet;5902850018056;HPPROBOOK4-237;Malezja;laptop, zasilacz, instrukcja;"Procesor: Intel Core i7-1355U | Ekran: 15,6"" 1920×1080 | System operacyjny: bez systemu";HP ProBook 450 to laptop z oferty TechStore. Produkt dostarczany jest w oryginalnym opakowaniu producenta i objęty pełną obsługą serwisową.;produkt.html?id=1319
1320;SMA-87418;Samsung Galaxy S24 12/256 GB;Smartfony;Samsung;2969.99;PLN;2969.99;;False;4.8;1539;Na zamówienie;0;0.2;szary;21,6 × 40,5 × 10,5 cm;aluminium;2025-11-14;2025-01-08;24;24 mies.;do 14 dni;0.0;TechStore;5909989925665;SAGALAXYS2-925;Indie;telefon, kabel USB-C, kluczyk do karty SIM;"Przekątna ekranu: 6,6"" | Aparat główny: 108 Mpx | Bateria: 4500 mAh";Samsung Galaxy S24 to smartfon z oferty TechStore. Produkt dostarczany jest w oryginalnym opakowaniu producenta i objęty pełną obsługą serwisową.;produkt.html?id=1320
1321;SLU-92234;Bose QuietComfort Ultra niebieskie;Słuchawki;Bose;1399.99;PLN;1399.99;;False;5.0;1704;Dostępny;31;0.08;niebieskie;34,8 × 5,6 × 1,0 cm;stal i tworzywo;2026-01-06;2025-02-26;;brak;24 h;0.0;Partner: ElektroHurt;5905177670890;BOQUIETCOM-976;Indie;słuchawki, etui, kabel USB-C;Typ: nauszne | Łączność: Bluetooth 5.3 | Czas pracy: 60 h;Bose QuietComfort Ultra to słuchawki z oferty TechStore. Produkt dostarczany jest w oryginalnym opakowaniu producenta i objęty pełną obsługą serwisową.;produkt.html?id=1321
1322;MON-76852;LG 27GP850 + kabel USB-C;Monitory;LG;2859.46;EUR;664.99;;False;4.1;429;Dostępny;90;3.83;srebrny;35,1 × 33,7 × 6,4 cm;stal i tworzywo;2024-06-24;2022-10-17;48;48 mies.;24 h;0.0;TechStore Outlet;5902075463046;LG27GP850-984;Indie;monitor, podstawa, kabel zasilający, kabel HDMI;"Przekątna: 31,5"" | Rozdzielczość: 2560×1440 | Odświeżanie: 144 Hz";LG 27GP850 to monitor z oferty TechStore. Produkt dostarczany jest w oryginalnym opakowaniu producenta i objęty pełną obsługą serwisową.;produkt.html?id=1322
1390;AKC-55494;Logitech K380 biały;Akcesoria;Logitech;730.96;EUR;169.99;;False;4.4;648;Dostępny;58;0.33;biały;23,8 × 12,0 × 18,2 cm;aluminium i tworzywo;2025-02-06;2023-06-12;24;24 mies.;24 h;0.0;Partner: ElektroHurt;5903993073941;LOK380-389;Tajlandia;urządzenie, odbiornik/kabel, instrukcja;Łączność: Bluetooth | Zasilanie: bateria AA | Kompatybilność: Windows;Logitech K380 to akcesorium komputerowe z oferty TechStore. Produkt dostarczany jest w oryginalnym opakowaniu producenta i objęty pełną obsługą serwisową.;produkt.html?id=1390
1323;DRU-29301;Epson EcoTank L3270 + zapasowy toner;Drukarki;Epson;1659.99;PLN;1659.99;;False;4.2;1990;Na zamówienie;0;8.38;biały;44,1 × 17,7 × 15,3 cm;stal i tworzywo;2026-06-03;2025-08-04;;brak;do 14 dni;0.0;TechStore Outlet;5901449697089;EPECOTANKL-235;Tajwan;drukarka, startowy materiał eksploatacyjny, kabel zasilający;Technologia druku: laserowa kolor | Prędkość druku: 34 str./min | Łączność: Wi-Fi, USB;Epson EcoTank L3270 to drukarka z oferty TechStore. Produkt dostarczany jest w oryginalnym opakowaniu producenta i objęty pełną obsługą serwisową.;produkt.html?id=1323
1324;AKC-29152;Trust GXT 711 Dominus grafitowy;Akcesoria;Trust;639.99;PLN;639.99;;False;3.5;543;Na zamówienie;0;0.58;grafitowy;20,3 × 28,3 × 19,9 cm;stal i tworzywo;2025-10-07;2025-03-08;24;24 mies.;do 14 dni;0.0;TechStore Outlet;5902596005741;TRGXT711DO-541;Tajwan;urządzenie, odbiornik/kabel, instrukcja;Łączność: bezprzewodowa 2,4 GHz | Zasilanie: z kabla USB | Kompatybilność: Windows, macOS;Trust GXT 711 Dominus to akcesorium komputerowe z oferty TechStore. Produkt dostarczany jest w oryginalnym opakowaniu producenta i objęty pełną obsługą serwisową.;produkt.html?id=1324
1325;LAP-34626;ASUS ZenBook 14 32/2 TB;Laptopy;ASUS;4279.99;PLN;4279.99;;False;4.8;562;Niedostępny;0;1.26;biały;20,7 × 38,9 × 20,6 cm;aluminium i tworzywo;2024-01-12;2022-04-19;36;36 mies.;brak terminu;0.0;TechStore;5907973316934;ASZENBOOK1-164;Indie;laptop, zasilacz, instrukcja;"Procesor: Intel Core i5-1335U | Ekran: 16"" 2560×1600 | System operacyjny: Windows 11 Pro";ASUS ZenBook 14 to laptop z oferty TechStore. Produkt dostarczany jest w oryginalnym opakowaniu producenta i objęty pełną obsługą serwisową.;produkt.html?id=1325
1326;SMA-84013;Xiaomi Poco X6 12/512 GB;Smartfony;Xiaomi;1649.99;PLN;1649.99;1947.99;True;4.8;1724;Dostępny;49;0.22;srebrny;15,5 × 38,2 × 11,3 cm;stal i tworzywo;2024-05-26;2023-12-17;24;24 mies.;24 h;0.0;TechStore Outlet;5907466321726;XIPOCOX6-943;Indie;telefon, kabel USB-C, kluczyk do karty SIM;"Przekątna ekranu: 6,6"" | Aparat główny: 200 Mpx | Bateria: 5500 mAh";Xiaomi Poco X6 to smartfon z oferty TechStore. Produkt dostarczany jest w oryginalnym opakowaniu producenta i objęty pełną obsługą serwisową.;produkt.html?id=1326
1327;SLU-65549;Sony WH-CH720N beżowe;Słuchawki;Sony;1319.99;PLN;1319.99;;False;4.7;2340;Dostępny;89;0.14;beżowe;43,4 × 43,8 × 7,0 cm;aluminium i tworzywo;2026-05-27;2025-01-20;24;24 mies.;24 h;0.0;TechStore;5900146369790;SOWHCH720N-135;Indie;słuchawki, etui, kabel USB-C;Typ: dokanałowe | Łączność: Bluetooth 5.2 | Czas pracy: 50 h;Sony WH-CH720N to słuchawki z oferty TechStore. Produkt dostarczany jest w oryginalnym opakowaniu producenta i objęty pełną obsługą serwisową.;produkt.html?id=1327
1328;MON-89213;iiyama ProLite XUB2493 + kabel DisplayPort;Monitory;iiyama;859.99;PLN;859.99;;False;4.7;69;Niedostępny;0;7.1;szary;18,6 × 6,7 × 7,5 cm;tworzywo sztuczne;2025-01-09;2024-04-18;;brak;brak terminu;0.0;TechStore;5902173767396;IIPROLITEX-669;Tajlandia;monitor, podstawa, kabel zasilający, kabel HDMI;"Przekątna: 23,8"" | Rozdzielczość: 1920×1080 | Odświeżanie: 180 Hz";iiyama ProLite XUB2493 to monitor z oferty TechStore. Produkt dostarczany jest w oryginalnym opakowaniu producenta i objęty pełną obsługą serwisową.;produkt.html?id=1328
1329;DRU-97459;Xerox B230 + zapasowy toner;Drukarki;Xerox;759.99;PLN;759.99;;False;3.9;347;Na zamówienie;0;5.76;biały;47,8 × 24,5 × 14,4 cm;aluminium;2024-02-10;2022-06-11;36;36 mies.;do 14 dni;0.0;TechStore;5904555108033;XEB230-410;Malezja;drukarka, startowy materiał eksploatacyjny, kabel zasilający;Technologia druku: laserowa mono | Prędkość druku: 20 str./min | Łączność: Wi-Fi, LAN, USB;Xerox B230 to drukarka z oferty TechStore. Produkt dostarczany jest w oryginalnym opakowaniu producenta i objęty pełną obsługą serwisową.;produkt.html?id=1329
1330;AKC-89580;SteelSeries Rival 3 biały;Akcesoria;SteelSeries;119.99;PLN;119.99;;False;3.6;893;Na zamówienie;0;1.13;biały;40,0 × 22,9 × 16,7 cm;tworzywo sztuczne;2024-09-12;2023-07-09;36;36 mies.;do 14 dni;14.99;TechStore;5904753413789;STRIVAL3-584;Wietnam;urządzenie, odbiornik/kabel, instrukcja;Łączność: przewodowa USB | Zasilanie: akumulator | Kompatybilność: Windows;SteelSeries Rival 3 to akcesorium komputerowe z oferty TechStore. Produkt dostarczany jest w oryginalnym opakowaniu producenta i objęty pełną obsługą serwisową.;produkt.html?id=1330
1331;LAP-55514;HP ProBook 450 16/512 GB;Laptopy;HP;3929.99;PLN;3929.99;4998.99;True;;1325;Dostępny;108;1.44;grafitowy;40,2 × 3,3 × 7,5 cm;aluminium i tworzywo;2024-06-02;2023-08-14;36;36 mies.;24 h;0.0;TechStore;5907524622185;HPPROBOOK4-461;Tajwan;laptop, zasilacz, instrukcja;"Procesor: Intel Core i7-1355U | Ekran: 16"" 2560×1600 | System operacyjny: Windows 11 Home";HP ProBook 450 to laptop z oferty TechStore. Produkt dostarczany jest w oryginalnym opakowaniu producenta i objęty pełną obsługą serwisową.;produkt.html?id=1331
1332;SMA-63854;Samsung Galaxy A35 8/128 GB;Smartfony;Samsung;3499.99;PLN;3499.99;;False;4.7;2020;Dostępny;12;0.22;szary;59,6 × 44,0 × 2,9 cm;aluminium;2025-04-04;2023-11-26;;brak;24 h;0.0;TechStore;5903452794688;SAGALAXYA3-965;Wietnam;telefon, kabel USB-C, kluczyk do karty SIM;"Przekątna ekranu: 6,7"" | Aparat główny: 50 Mpx | Bateria: 4500 mAh";Samsung Galaxy A35 to smartfon z oferty TechStore. Produkt dostarczany jest w oryginalnym opakowaniu producenta i objęty pełną obsługą serwisową.;produkt.html?id=1332
1333;SLU-74906;JBL Live 670NC niebieskie;Słuchawki;JBL;539.99;PLN;539.99;;False;4.8;687;Na zamówienie;0;0.3;niebieskie;40,8 × 6,2 × 8,2 cm;aluminium;2025-01-08;2024-09-14;12;12 mies.;do 14 dni;0.0;TechStore;5900929962754;JBLIVE670N-819;Tajwan;słuchawki, etui, kabel USB-C;Typ: nauszne | Łączność: Bluetooth 5.2 | Czas pracy: 50 h;JBL Live 670NC to słuchawki z oferty TechStore. Produkt dostarczany jest w oryginalnym opakowaniu producenta i objęty pełną obsługą serwisową.;produkt.html?id=1333
1334;MON-43472;LG 24MR400 + kabel USB-C;Monitory;LG;2229.99;PLN;2229.99;2679.99;True;4.4;539;Niedostępny;0;7.57;biały;19,4 × 6,3 × 7,3 cm;aluminium;2026-03-27;2025-09-29;36;36 mies.;brak terminu;0.0;TechStore Outlet;5909393515612;LG24MR400-128;Malezja;monitor, podstawa, kabel zasilający, kabel HDMI;"Przekątna: 23,8"" | Rozdzielczość: 3840×2160 | Odświeżanie: 180 Hz";LG 24MR400 to monitor z oferty TechStore. Produkt dostarczany jest w oryginalnym opakowaniu producenta i objęty pełną obsługą serwisową.;produkt.html?id=1334
1335;DRU-49360;Xerox C235 + etui na dokumenty;Drukarki;Xerox;1799.99;PLN;1799.99;;False;;26;Dostępny;42;8.14;niebieski;35,3 × 38,9 × 17,0 cm;aluminium i tworzywo;2025-11-18;2025-07-15;24;24 mies.;24 h;0.0;Partner: ElektroHurt;5908820231985;XEC235-166;Tajlandia;drukarka, startowy materiał eksploatacyjny, kabel zasilający;Technologia druku: laserowa mono | Prędkość druku: 20 str./min | Łączność: Wi-Fi, LAN, USB;Xerox C235 to drukarka z oferty TechStore. Produkt dostarczany jest w oryginalnym opakowaniu producenta i objęty pełną obsługą serwisową.;produkt.html?id=1335
1336;AKC-82199;Logitech MX Master 3S czarny;Akcesoria;Logitech;609.99;PLN;609.99;;False;;1811;Dostępny;7;0.6;czarny;53,7 × 7,5 × 14,9 cm;aluminium i tworzywo;2025-09-06;2025-05-22;36;36 mies.;24 h;0.0;TechStore;5906298250275;LOMXMASTER-256;Indie;urządzenie, odbiornik/kabel, instrukcja;Łączność: przewodowa USB | Zasilanie: z kabla USB | Kompatybilność: Windows, macOS, Linux;Logitech MX Master 3S to akcesorium komputerowe z oferty TechStore. Produkt dostarczany jest w oryginalnym opakowaniu producenta i objęty pełną obsługą serwisową.;produkt.html?id=1336
1337;LAP-10088;Dell Vostro 3520 16/1 TB;Laptopy;Dell;3289.99;PLN;3289.99;;False;3.6;192;Dostępny;52;1.89;niebieski;36,0 × 15,3 × 16,0 cm;stal i tworzywo;2025-08-04;2024-10-16;24;24 mies.;24 h;0.0;TechStore;5903752715263;DEVOSTRO35-851;Tajlandia;laptop, zasilacz, instrukcja;"Procesor: AMD Ryzen 7 7735HS | Ekran: 14"" 1920×1200 | System operacyjny: bez systemu";Dell Vostro 3520 to laptop z oferty TechStore. Produkt dostarczany jest w oryginalnym opakowaniu producenta i objęty pełną obsługą serwisową.;produkt.html?id=1337
1338;SMA-19015;Samsung Galaxy A55 12/256 GB;Smartfony;Samsung;1859.99;PLN;1859.99;;False;4.6;1181;Ostatnie sztuki;3;0.19;niebieski;43,5 × 10,8 × 17,4 cm;aluminium i tworzywo;2025-11-27;2024-10-04;24;24 mies.;1–2 dni robocze;0.0;Partner: ElektroHurt;5906733796618;SAGALAXYA5-787;Wietnam;telefon, kabel USB-C, kluczyk do karty SIM;"Przekątna ekranu: 6,6"" | Aparat główny: 50 Mpx | Bateria: 5000 mAh";Samsung Galaxy A55 to smartfon z oferty TechStore. Produkt dostarczany jest w oryginalnym opakowaniu producenta i objęty pełną obsługą serwisową.;produkt.html?id=1338
1339;SLU-36008;Jabra Elite 8 Active zielone;Słuchawki;Jabra;719.99;PLN;719.99;816.99;True;3.6;1929;Na zamówienie;0;0.07;zielone;6,5 × 41,4 × 5,5 cm;stal i tworzywo;2025-07-02;2025-04-19;24;24 mies.;do 14 dni;0.0;Partner: ElektroHurt;5908635657764;JAELITE8AC-438;Indie;słuchawki, etui, kabel USB-C;Typ: dokanałowe | Łączność: Bluetooth 5.3 | Czas pracy: 60 h;Jabra Elite 8 Active to słuchawki z oferty TechStore. Produkt dostarczany jest w oryginalnym opakowaniu producenta i objęty pełną obsługą serwisową.;produkt.html?id=1339
1340;MON-54768;iiyama G-Master GB2770 + kabel USB-C;Monitory;iiyama;2139.99;PLN;2139.99;;False;4.5;1399;Dostępny;98;6.48;biały;50,8 × 21,9 × 2,6 cm;tworzywo sztuczne;2024-03-16;2023-08-26;36;36 mies.;24 h;0.0;TechStore;5902556946957;IIGMASTERG-706;Tajlandia;monitor, podstawa, kabel zasilający, kabel HDMI;"Przekątna: 31,5"" | Rozdzielczość: 3840×2160 | Odświeżanie: 180 Hz";iiyama G-Master GB2770 to monitor z oferty TechStore. Produkt dostarczany jest w oryginalnym opakowaniu producenta i objęty pełną obsługą serwisową.;produkt.html?id=1340
1341;DRU-42849;Brother HL-L2445DW;Drukarki;Brother;499.99;PLN;499.99;;False;4.5;379;Dostępny;52;8.65;grafitowy;17,0 × 14,0 × 16,5 cm;stal i tworzywo;2026-02-12;2024-10-24;24;24 mies.;24 h;0.0;TechStore;5901444301361;BRHLL2445D-799;Wietnam;drukarka, startowy materiał eksploatacyjny, kabel zasilający;Technologia druku: laserowa mono | Prędkość druku: 34 str./min | Łączność: Wi-Fi, LAN, USB;Brother HL-L2445DW to drukarka z oferty TechStore. Produkt dostarczany jest w oryginalnym opakowaniu producenta i objęty pełną obsługą serwisową.;produkt.html?id=1341
1342;AKC-73455;Logitech K380 grafitowy;Akcesoria;Logitech;279.99;PLN;279.99;;False;;2059;Dostępny;114;0.36;grafitowy;58,0 × 29,8 × 22,5 cm;tworzywo sztuczne;2025-08-28;2024-01-21;;brak;24 h;14.99;TechStore;5905042942705;LOK380-749;Indie;urządzenie, odbiornik/kabel, instrukcja;Łączność: bezprzewodowa 2,4 GHz | Zasilanie: bateria AA | Kompatybilność: Windows;Logitech K380 to akcesorium komputerowe z oferty TechStore. Produkt dostarczany jest w oryginalnym opakowaniu producenta i objęty pełną obsługą serwisową.;produkt.html?id=1342
1343;LAP-36367;ASUS TUF Gaming A15 16/1 TB;Laptopy;ASUS;3579.99;PLN;3579.99;3911.99;True;3.2;813;Ostatnie sztuki;4;1.43;srebrny;26,7 × 9,4 × 13,3 cm;tworzywo sztuczne;2024-10-24;2023-09-06;36;36 mies.;1–2 dni robocze;0.0;TechStore;5904899123050;ASTUFGAMIN-327;Indie;laptop, zasilacz, instrukcja;"Procesor: AMD Ryzen 5 7530U | Ekran: 14"" 1920×1200 | System operacyjny: Windows 11 Pro";ASUS TUF Gaming A15 to laptop z oferty TechStore. Produkt dostarczany jest w oryginalnym opakowaniu producenta i objęty pełną obsługą serwisową.;produkt.html?id=1343
1344;SMA-87022;Google Pixel 8a 12/256 GB;Smartfony;Google;1279.99;PLN;1279.99;;False;;860;Dostępny;9;0.16;szary;15,8 × 25,3 × 18,9 cm;aluminium i tworzywo;2025-01-26;2024-07-23;24;24 mies.;24 h;0.0;Partner: ElektroHurt;5907664755322;GOPIXEL8A-529;Malezja;telefon, kabel USB-C, kluczyk do karty SIM;"Przekątna ekranu: 6,1"" | Aparat główny: 108 Mpx | Bateria: 4500 mAh";Google Pixel 8a to smartfon z oferty TechStore. Produkt dostarczany jest w oryginalnym opakowaniu producenta i objęty pełną obsługą serwisową.;produkt.html?id=1344
1345;SLU-21233;JBL Live 670NC zielone;Słuchawki;JBL;339.99;PLN;339.99;;False;4.9;1719;Na zamówienie;0;0.1;zielone;18,8 × 13,1 × 16,5 cm;aluminium i tworzywo;2026-03-29;2025-03-07;24;24 mies.;do 14 dni;0.0;TechStore Outlet;5909475009147;JBLIVE670N-162;Wietnam;słuchawki, etui, kabel USB-C;Typ: douszne | Łączność: Bluetooth 5.2 | Czas pracy: 60 h;JBL Live 670NC to słuchawki z oferty TechStore. Produkt dostarczany jest w oryginalnym opakowaniu producenta i objęty pełną obsługą serwisową.;produkt.html?id=1345
1346;MON-15488;BenQ MOBIUZ EX2710Q + głośniki USB;Monitory;BenQ;1969.99;PLN;1969.99;;False;3.1;1693;Dostępny;105;4.33;biały;32,9 × 11,4 × 11,8 cm;tworzywo sztuczne;2024-09-23;2023-04-03;36;36 mies.;24 h;0.0;TechStore;5901674661350;BEMOBIUZEX-692;Tajwan;monitor, podstawa, kabel zasilający, kabel HDMI;"Przekątna: 23,8"" | Rozdzielczość: 2560×1440 | Odświeżanie: 165 Hz";BenQ MOBIUZ EX2710Q to monitor z oferty TechStore. Produkt dostarczany jest w oryginalnym opakowaniu producenta i objęty pełną obsługą serwisową.;produkt.html?id=1346
1347;DRU-37646;Epson EcoTank L8050;Drukarki;Epson;789.99;PLN;789.99;;False;4.8;1587;Dostępny;14;6.71;szary;10,3 × 17,1 × 24,0 cm;aluminium i tworzywo;2024-06-24;2023-01-21;24;24 mies.;24 h;0.0;TechStore Outlet;5907956555264;EPECOTANKL-891;Wietnam;drukarka, startowy materiał eksploatacyjny, kabel zasilający;Technologia druku: atramentowa kolor | Prędkość druku: 20 str./min | Łączność: USB;Epson EcoTank L8050 to drukarka z oferty TechStore. Produkt dostarczany jest w oryginalnym opakowaniu producenta i objęty pełną obsługą serwisową.;produkt.html?id=1347
1348;AKC-94854;Trust GXT 711 Dominus biały;Akcesoria;Trust;239.99;PLN;239.99;;False;;944;Dostępny;76;0.32;biały;48,9 × 18,5 × 13,9 cm;aluminium i tworzywo;2026-02-21;2025-07-30;36;36 mies.;24 h;14.99;TechStore;5901715254988;TRGXT711DO-925;Indie;urządzenie, odbiornik/kabel, instrukcja;Łączność: Bluetooth | Zasilanie: z kabla USB | Kompatybilność: Windows;Trust GXT 711 Dominus to akcesorium komputerowe z oferty TechStore. Produkt dostarczany jest w oryginalnym opakowaniu producenta i objęty pełną obsługą serwisową.;produkt.html?id=1348
1349;LAP-39335;Lenovo IdeaPad Slim 5 32/1 TB;Laptopy;Lenovo;4629.99;PLN;4629.99;;False;4.2;961;Dostępny;109;1.22;niebieski;15,0 × 42,6 × 15,8 cm;aluminium i tworzywo;2026-03-28;2025-07-12;36;36 mies.;24 h;0.0;TechStore;5902498633916;LEIDEAPADS-968;Tajwan;laptop, zasilacz, instrukcja;"Procesor: Intel Core i7-1355U | Ekran: 14"" 1920×1200 | System operacyjny: Windows 11 Pro";Lenovo IdeaPad Slim 5 to laptop z oferty TechStore. Produkt dostarczany jest w oryginalnym opakowaniu producenta i objęty pełną obsługą serwisową.;produkt.html?id=1349
1350;SMA-76677;Nokia G60 6/128 GB;Smartfony;Nokia;2367.96;USD;591.99;;False;4.2;1912;Dostępny;40;0.17;niebieski;6,3 × 3,1 × 12,1 cm;tworzywo sztuczne;2025-07-01;2024-01-20;24;24 mies.;24 h;0.0;TechStore Outlet;5903136895851;NOG60-205;Chiny;telefon, kabel USB-C, kluczyk do karty SIM;"Przekątna ekranu: 6,7"" | Aparat główny: 108 Mpx | Bateria: 4500 mAh";Nokia G60 to smartfon z oferty TechStore. Produkt dostarczany jest w oryginalnym opakowaniu producenta i objęty pełną obsługą serwisową.;produkt.html?id=1350
1351;SLU-48731;JBL Tune Beam białe;Słuchawki;JBL;1349.99;PLN;1349.99;;False;4.8;1110;Dostępny;61;0.04;białe;52,3 × 39,7 × 20,7 cm;aluminium i tworzywo;2024-03-08;2023-03-09;12;12 mies.;24 h;0.0;TechStore Outlet;5903279440612;JBTUNEBEAM-178;Indie;słuchawki, etui, kabel USB-C;Typ: douszne | Łączność: Bluetooth 5.3 | Czas pracy: 60 h;JBL Tune Beam to słuchawki z oferty TechStore. Produkt dostarczany jest w oryginalnym opakowaniu producenta i objęty pełną obsługą serwisową.;produkt.html?id=1351
1352;MON-50470;LG 24MR400 + głośniki USB;Monitory;LG;2409.99;PLN;2409.99;;False;3.7;236;Dostępny;59;6.27;szary;9,7 × 16,8 × 10,3 cm;tworzywo sztuczne;2025-02-25;2023-05-09;36;36 mies.;24 h;0.0;TechStore;5906577967632;LG24MR400-194;Indie;monitor, podstawa, kabel zasilający, kabel HDMI;"Przekątna: 23,8"" | Rozdzielczość: 3840×2160 | Odświeżanie: 144 Hz";LG 24MR400 to monitor z oferty TechStore. Produkt dostarczany jest w oryginalnym opakowaniu producenta i objęty pełną obsługą serwisową.;produkt.html?id=1352
1353;DRU-24474;Epson EcoTank L8050 + etui na dokumenty;Drukarki;Epson;907.96;USD;226.99;;False;3.9;433;Dostępny;79;12.56;srebrny;59,8 × 11,8 × 21,5 cm;stal i tworzywo;2024-06-26;2022-09-28;36;36 mies.;24 h;0.0;Partner: ElektroHurt;5907057405951;EPECOTANKL-403;Tajwan;drukarka, startowy materiał eksploatacyjny, kabel zasilający;Technologia druku: atramentowa kolor | Prędkość druku: 30 str./min | Łączność: USB;Epson EcoTank L8050 to drukarka z oferty TechStore. Produkt dostarczany jest w oryginalnym opakowaniu producenta i objęty pełną obsługą serwisową.;produkt.html?id=1353
1354;AKC-53280;Razer DeathAdder V3 różowy;Akcesoria;Razer;229.99;PLN;229.99;292.99;True;3.7;143;Dostępny;25;0.19;różowy;30,1 × 23,8 × 18,3 cm;aluminium;2024-08-26;2024-07-05;;brak;24 h;14.99;Partner: ElektroHurt;5900178606382;RADEATHADD-372;Malezja;urządzenie, odbiornik/kabel, instrukcja;Łączność: przewodowa USB | Zasilanie: akumulator | Kompatybilność: Windows, macOS;Razer DeathAdder V3 to akcesorium komputerowe z oferty TechStore. Produkt dostarczany jest w oryginalnym opakowaniu producenta i objęty pełną obsługą serwisową.;produkt.html?id=1354
1355;LAP-91553;HP ProBook 450 16/1 TB;Laptopy;HP;3589.99;PLN;3589.99;;False;3.3;1581;Dostępny;95;1.4;biały;53,2 × 3,1 × 10,0 cm;tworzywo sztuczne;2024-01-09;2022-02-13;36;36 mies.;24 h;0.0;Partner: ElektroHurt;5902979484291;HPPROBOOK4-487;Chiny;laptop, zasilacz, instrukcja;"Procesor: Intel Core i7-1355U | Ekran: 16"" 2560×1600 | System operacyjny: Windows 11 Pro";HP ProBook 450 to laptop z oferty TechStore. Produkt dostarczany jest w oryginalnym opakowaniu producenta i objęty pełną obsługą serwisową.;produkt.html?id=1355
1356;SMA-38640;Samsung Galaxy A55 12/512 GB;Smartfony;Samsung;1129.99;PLN;1129.99;;False;4.8;1152;Na zamówienie;0;0.2;czarny;59,9 × 41,7 × 9,3 cm;aluminium i tworzywo;2024-08-11;2024-02-07;24;24 mies.;do 14 dni;0.0;TechStore;5907909778039;SAGALAXYA5-378;Malezja;telefon, kabel USB-C, kluczyk do karty SIM;"Przekątna ekranu: 6,6"" | Aparat główny: 64 Mpx | Bateria: 5000 mAh";Samsung Galaxy A55 to smartfon z oferty TechStore. Produkt dostarczany jest w oryginalnym opakowaniu producenta i objęty pełną obsługą serwisową.;produkt.html?id=1356
1357;SLU-25694;Sony WH-1000XM5 niebieskie;Słuchawki;Sony;519.99;PLN;519.99;;False;;116;Dostępny;49;0.2;niebieskie;21,1 × 44,8 × 8,3 cm;stal i tworzywo;2026-06-19;2024-12-24;12;12 mies.;24 h;0.0;TechStore;5909512581791;SOWH1000XM-629;Malezja;słuchawki, etui, kabel USB-C;Typ: douszne | Łączność: Bluetooth 5.3 + jack 3,5 mm | Czas pracy: 50 h;Sony WH-1000XM5 to słuchawki z oferty TechStore. Produkt dostarczany jest w oryginalnym opakowaniu producenta i objęty pełną obsługą serwisową.;produkt.html?id=1357
1358;MON-85839;BenQ GW2785TC + kabel USB-C;Monitory;BenQ;1899.99;PLN;1899.99;;False;;458;Dostępny;18;7.06;srebrny;24,3 × 7,3 × 13,2 cm;aluminium;2024-12-16;2023-05-11;48;48 mies.;24 h;0.0;TechStore Outlet;5905961739467;BEGW2785TC-649;Indie;monitor, podstawa, kabel zasilający, kabel HDMI;"Przekątna: 31,5"" | Rozdzielczość: 2560×1440 | Odświeżanie: 75 Hz";BenQ GW2785TC to monitor z oferty TechStore. Produkt dostarczany jest w oryginalnym opakowaniu producenta i objęty pełną obsługą serwisową.;produkt.html?id=1358
1359;DRU-61599;HP LaserJet M110we + ryza papieru A4;Drukarki;HP;2459.99;PLN;2459.99;;False;3.5;2013;Dostępny;12;9.27;biały;10,6 × 15,6 × 5,7 cm;stal i tworzywo;2026-09-11;2025-05-31;24;24 mies.;24 h;0.0;TechStore;5905245029207;HPLASERJET-521;Wietnam;drukarka, startowy materiał eksploatacyjny, kabel zasilający;Technologia druku: atramentowa kolor | Prędkość druku: 20 str./min | Łączność: Wi-Fi, LAN, USB;HP LaserJet M110we to drukarka z oferty TechStore. Produkt dostarczany jest w oryginalnym opakowaniu producenta i objęty pełną obsługą serwisową.;produkt.html?id=1359
1361;LAP-93537;ASUS TUF Gaming A15 32/2 TB;Laptopy;ASUS;5769.99;PLN;5769.99;;False;;751;Dostępny;25;2.07;szary;44,6 × 12,8 × 20,6 cm;stal i tworzywo;2025-10-11;2025-01-02;24;24 mies.;24 h;0.0;TechStore Outlet;5905249895205;ASTUFGAMIN-303;Chiny;laptop, zasilacz, instrukcja;"Procesor: AMD Ryzen 5 7530U | Ekran: 14"" 1920×1200 | System operacyjny: Windows 11 Home";ASUS TUF Gaming A15 to laptop z oferty TechStore. Produkt dostarczany jest w oryginalnym opakowaniu producenta i objęty pełną obsługą serwisową.;produkt.html?id=1361
1362;SMA-58989;Samsung Galaxy S24 8/256 GB;Smartfony;Samsung;1429.99;PLN;1429.99;1625.99;True;4.8;2382;Niedostępny;0;0.2;szary;50,3 × 19,9 × 13,4 cm;stal i tworzywo;2024-05-22;2023-06-30;24;24 mies.;brak terminu;0.0;Partner: ElektroHurt;5904985237506;SAGALAXYS2-751;Indie;telefon, kabel USB-C, kluczyk do karty SIM;"Przekątna ekranu: 6,1"" | Aparat główny: 200 Mpx | Bateria: 5000 mAh";Samsung Galaxy S24 to smartfon z oferty TechStore. Produkt dostarczany jest w oryginalnym opakowaniu producenta i objęty pełną obsługą serwisową.;produkt.html?id=1362
1363;SLU-21856;Jabra Elite 8 Active beżowe;Słuchawki;Jabra;579.99;PLN;579.99;;False;4.6;956;Niedostępny;0;0.09;beżowe;52,6 × 6,5 × 25,0 cm;tworzywo sztuczne;2024-11-02;2023-12-14;12;12 mies.;brak terminu;0.0;TechStore;5901272638816;JAELITE8AC-599;Tajlandia;słuchawki, etui, kabel USB-C;Typ: douszne | Łączność: Bluetooth 5.3 | Czas pracy: 30 h;Jabra Elite 8 Active to słuchawki z oferty TechStore. Produkt dostarczany jest w oryginalnym opakowaniu producenta i objęty pełną obsługą serwisową.;produkt.html?id=1363
1364;MON-89171;iiyama ProLite XUB2493 + kabel USB-C;Monitory;iiyama;2649.99;PLN;2649.99;3058.99;True;3.7;1813;Dostępny;44;5.47;biały;57,2 × 40,6 × 14,0 cm;stal i tworzywo;2024-07-12;2024-05-29;;brak;24 h;0.0;TechStore;5905356895553;IIPROLITEX-110;Wietnam;monitor, podstawa, kabel zasilający, kabel HDMI;"Przekątna: 31,5"" | Rozdzielczość: 2560×1440 | Odświeżanie: 144 Hz";iiyama ProLite XUB2493 to monitor z oferty TechStore. Produkt dostarczany jest w oryginalnym opakowaniu producenta i objęty pełną obsługą serwisową.;produkt.html?id=1364
1365;DRU-87261;Epson WorkForce WF-2930 + zapasowy toner;Drukarki;Epson;1289.99;PLN;1289.99;;False;4.3;26;Na zamówienie;0;12.41;szary;29,5 × 38,8 × 10,5 cm;stal i tworzywo;2025-03-19;2024-02-18;24;24 mies.;do 14 dni;0.0;Partner: ElektroHurt;5901626422306;EPWORKFORC-922;Chiny;drukarka, startowy materiał eksploatacyjny, kabel zasilający;Technologia druku: atramentowa kolor | Prędkość druku: 20 str./min | Łączność: USB;Epson WorkForce WF-2930 to drukarka z oferty TechStore. Produkt dostarczany jest w oryginalnym opakowaniu producenta i objęty pełną obsługą serwisową.;produkt.html?id=1365
1366;AKC-82346;Razer DeathAdder V3 biały;Akcesoria;Razer;640.66;EUR;148.99;;False;3.2;2092;Na zamówienie;0;1.07;biały;58,5 × 25,3 × 1,8 cm;aluminium;2024-03-17;2023-01-12;36;36 mies.;do 14 dni;0.0;TechStore;5903323877166;RADEATHADD-424;Wietnam;urządzenie, odbiornik/kabel, instrukcja;Łączność: przewodowa USB | Zasilanie: akumulator | Kompatybilność: Windows, macOS, Linux;Razer DeathAdder V3 to akcesorium komputerowe z oferty TechStore. Produkt dostarczany jest w oryginalnym opakowaniu producenta i objęty pełną obsługą serwisową.;produkt.html?id=1366
1367;LAP-63633;Acer Aspire 5 16/1 TB;Laptopy;Acer;5089.99;PLN;5089.99;;False;3.7;1521;Dostępny;96;2.21;srebrny;38,1 × 33,1 × 5,9 cm;tworzywo sztuczne;2026-01-13;2025-04-05;36;36 mies.;24 h;0.0;TechStore;5909794391664;ACASPIRE5-512;Malezja;laptop, zasilacz, instrukcja;"Procesor: Intel Core i5-1335U | Ekran: 14"" 1920×1200 | System operacyjny: Windows 11 Pro";Acer Aspire 5 to laptop z oferty TechStore. Produkt dostarczany jest w oryginalnym opakowaniu producenta i objęty pełną obsługą serwisową.;produkt.html?id=1367
1368;SMA-32845;Google Pixel 9 12/512 GB;Smartfony;Google;1449.99;PLN;1449.99;1690.99;True;4.9;822;Dostępny;56;0.2;grafitowy;35,7 × 43,9 × 9,2 cm;aluminium;2024-07-17;2022-12-16;24;24 mies.;24 h;0.0;TechStore;5906883239777;GOPIXEL9-567;Tajwan;telefon, kabel USB-C, kluczyk do karty SIM;"Przekątna ekranu: 6,6"" | Aparat główny: 50 Mpx | Bateria: 4500 mAh";Google Pixel 9 to smartfon z oferty TechStore. Produkt dostarczany jest w oryginalnym opakowaniu producenta i objęty pełną obsługą serwisową.;produkt.html?id=1368
1369;SLU-74568;JBL Tune 760NC białe;Słuchawki;JBL;778.26;EUR;180.99;208.99;True;4.0;304;Dostępny;25;0.2;białe;56,7 × 18,9 × 2,9 cm;stal i tworzywo;2025-06-17;2023-09-27;12;12 mies.;24 h;0.0;TechStore;5900909645807;JBTUNE760N-380;Indie;słuchawki, etui, kabel USB-C;Typ: dokanałowe | Łączność: Bluetooth 5.3 | Czas pracy: 50 h;JBL Tune 760NC to słuchawki z oferty TechStore. Produkt dostarczany jest w oryginalnym opakowaniu producenta i objęty pełną obsługą serwisową.;produkt.html?id=1369
1370;MON-40327;Dell P2723DE;Monitory;Dell;1849.99;PLN;1849.99;;False;;417;Dostępny;99;7.47;szary;25,9 × 8,9 × 22,8 cm;aluminium;2025-01-17;2024-01-14;36;36 mies.;24 h;0.0;Partner: ElektroHurt;5905617764322;DEP2723DE-283;Indie;monitor, podstawa, kabel zasilający, kabel HDMI;"Przekątna: 27"" | Rozdzielczość: 1920×1080 | Odświeżanie: 165 Hz";Dell P2723DE to monitor z oferty TechStore. Produkt dostarczany jest w oryginalnym opakowaniu producenta i objęty pełną obsługą serwisową.;produkt.html?id=1370
1371;DRU-65510;Epson EcoTank L3270 + kabel USB;Drukarki;Epson;2139.99;PLN;2139.99;2393.99;True;;1621;Dostępny;6;11.85;srebrny;44,5 × 34,8 × 7,9 cm;tworzywo sztuczne;2025-03-05;2023-08-05;24;24 mies.;24 h;0.0;TechStore;5907829846084;EPECOTANKL-768;Malezja;drukarka, startowy materiał eksploatacyjny, kabel zasilający;Technologia druku: atramentowa kolor | Prędkość druku: 30 str./min | Łączność: USB;Epson EcoTank L3270 to drukarka z oferty TechStore. Produkt dostarczany jest w oryginalnym opakowaniu producenta i objęty pełną obsługą serwisową.;produkt.html?id=1371
1372;AKC-20832;SteelSeries Aerox 5 biały;Akcesoria;SteelSeries;569.99;PLN;569.99;636.99;True;4.8;341;Dostępny;43;0.56;biały;33,5 × 35,1 × 11,5 cm;aluminium;2026-07-23;2025-08-27;24;24 mies.;24 h;0.0;Partner: ElektroHurt;5908945508384;STAEROX5-485;Wietnam;urządzenie, odbiornik/kabel, instrukcja;Łączność: bezprzewodowa 2,4 GHz | Zasilanie: z kabla USB | Kompatybilność: Windows, macOS;SteelSeries Aerox 5 to akcesorium komputerowe z oferty TechStore. Produkt dostarczany jest w oryginalnym opakowaniu producenta i objęty pełną obsługą serwisową.;produkt.html?id=1372
1373;LAP-74813;HP Pavilion 15 8/256 GB;Laptopy;HP;5091.16;EUR;1183.99;1325.99;True;5.0;1728;Na zamówienie;0;1.44;niebieski;57,3 × 3,4 × 18,0 cm;aluminium i tworzywo;2025-06-01;2024-12-01;24;24 mies.;do 14 dni;0.0;TechStore Outlet;5906622229350;HPPAVILION-517;Tajwan;laptop, zasilacz, instrukcja;"Procesor: AMD Ryzen 5 7530U | Ekran: 14"" 1920×1200 | System operacyjny: bez systemu";HP Pavilion 15 to laptop z oferty TechStore. Produkt dostarczany jest w oryginalnym opakowaniu producenta i objęty pełną obsługą serwisową.;produkt.html?id=1373
1374;SMA-10306;Samsung Galaxy A55 8/128 GB;Smartfony;Samsung;2989.99;PLN;2989.99;;False;;1146;Niedostępny;0;0.2;szary;49,2 × 30,6 × 3,3 cm;aluminium;2025-05-06;2024-03-29;36;36 mies.;brak terminu;0.0;TechStore;5901615126098;SAGALAXYA5-646;Indie;telefon, kabel USB-C, kluczyk do karty SIM;"Przekątna ekranu: 6,7"" | Aparat główny: 50 Mpx | Bateria: 5000 mAh";Samsung Galaxy A55 to smartfon z oferty TechStore. Produkt dostarczany jest w oryginalnym opakowaniu producenta i objęty pełną obsługą serwisową.;produkt.html?id=1374
1375;SLU-91088;Sennheiser Accentum białe;Słuchawki;Sennheiser;1739.99;PLN;1739.99;;False;3.9;1733;Dostępny;55;0.33;białe;44,4 × 3,4 × 11,3 cm;stal i tworzywo;2026-03-27;2024-12-27;12;12 mies.;24 h;0.0;TechStore;5906613626911;SEACCENTUM-627;Indie;słuchawki, etui, kabel USB-C;Typ: nauszne | Łączność: Bluetooth 5.3 + jack 3,5 mm | Czas pracy: 30 h;Sennheiser Accentum to słuchawki z oferty TechStore. Produkt dostarczany jest w oryginalnym opakowaniu producenta i objęty pełną obsługą serwisową.;produkt.html?id=1375
1376;MON-46496;LG 27GP850 + uchwyt VESA;Monitory;LG;629.99;PLN;629.99;;False;3.3;1509;Dostępny;70;4.76;biały;58,5 × 37,3 × 15,0 cm;aluminium;2024-02-01;2023-09-23;36;36 mies.;24 h;0.0;Partner: ElektroHurt;5905205148324;LG27GP850-585;Indie;monitor, podstawa, kabel zasilający, kabel HDMI;"Przekątna: 31,5"" | Rozdzielczość: 3840×2160 | Odświeżanie: 75 Hz";LG 27GP850 to monitor z oferty TechStore. Produkt dostarczany jest w oryginalnym opakowaniu producenta i objęty pełną obsługą serwisową.;produkt.html?id=1376
1377;DRU-42278;Brother MFC-L2800DW;Drukarki;Brother;459.99;PLN;459.99;;False;;900;Na zamówienie;0;12.05;szary;34,8 × 29,6 × 18,0 cm;aluminium i tworzywo;2025-12-10;2025-07-10;24;24 mies.;do 14 dni;0.0;Partner: ElektroHurt;5906513240648;BRMFCL2800-589;Tajlandia;drukarka, startowy materiał eksploatacyjny, kabel zasilający;Technologia druku: laserowa mono | Prędkość druku: 20 str./min | Łączność: Wi-Fi, USB;Brother MFC-L2800DW to drukarka z oferty TechStore. Produkt dostarczany jest w oryginalnym opakowaniu producenta i objęty pełną obsługą serwisową.;produkt.html?id=1377
1378;AKC-96334;Razer Basilisk V3 biały;Akcesoria;Razer;369.99;PLN;369.99;;False;;459;Ostatnie sztuki;2;0.56;biały;18,0 × 38,9 × 2,8 cm;tworzywo sztuczne;2025-12-21;2024-05-18;36;36 mies.;1–2 dni robocze;0.0;TechStore Outlet;5901236417816;RABASILISK-509;Indie;urządzenie, odbiornik/kabel, instrukcja;Łączność: Bluetooth | Zasilanie: bateria AA | Kompatybilność: Windows, macOS, Linux;Razer Basilisk V3 to akcesorium komputerowe z oferty TechStore. Produkt dostarczany jest w oryginalnym opakowaniu producenta i objęty pełną obsługą serwisową.;produkt.html?id=1378
1379;LAP-13527;Dell Vostro 3520 16/512 GB;Laptopy;Dell;7659.99;PLN;7659.99;;False;3.2;1427;Dostępny;59;1.89;grafitowy;15,8 × 6,9 × 13,5 cm;aluminium;2026-06-10;2026-01-06;36;36 mies.;24 h;0.0;TechStore;5901349133643;DEVOSTRO35-114;Malezja;laptop, zasilacz, instrukcja;"Procesor: Intel Core i7-1355U | Ekran: 15,6"" 1920×1080 | System operacyjny: Windows 11 Pro";Dell Vostro 3520 to laptop z oferty TechStore. Produkt dostarczany jest w oryginalnym opakowaniu producenta i objęty pełną obsługą serwisową.;produkt.html?id=1379
1381;SLU-15313;Logitech G435 czarne;Słuchawki;Logitech;1599.99;PLN;1599.99;;False;3.2;275;Dostępny;57;0.15;czarne;15,5 × 10,9 × 17,8 cm;aluminium i tworzywo;2024-07-06;2024-03-18;24;24 mies.;24 h;0.0;TechStore;5900274291653;LOG435-309;Tajwan;słuchawki, etui, kabel USB-C;Typ: douszne | Łączność: Bluetooth 5.3 | Czas pracy: 50 h;Logitech G435 to słuchawki z oferty TechStore. Produkt dostarczany jest w oryginalnym opakowaniu producenta i objęty pełną obsługą serwisową.;produkt.html?id=1381
1382;MON-55198;BenQ MOBIUZ EX2710Q;Monitory;BenQ;849.99;PLN;849.99;;False;4.6;2025;Dostępny;56;3.58;szary;17,2 × 19,5 × 15,8 cm;tworzywo sztuczne;2025-08-20;2025-04-22;48;48 mies.;24 h;0.0;TechStore;5905693629597;BEMOBIUZEX-499;Wietnam;monitor, podstawa, kabel zasilający, kabel HDMI;"Przekątna: 31,5"" | Rozdzielczość: 2560×1440 | Odświeżanie: 180 Hz";BenQ MOBIUZ EX2710Q to monitor z oferty TechStore. Produkt dostarczany jest w oryginalnym opakowaniu producenta i objęty pełną obsługą serwisową.;produkt.html?id=1382
1383;DRU-77821;Epson EcoTank L8050 + ryza papieru A4;Drukarki;Epson;889.99;PLN;889.99;;False;4.4;415;Dostępny;105;10.12;biały;34,2 × 15,7 × 13,2 cm;tworzywo sztuczne;2026-06-21;2025-02-07;24;24 mies.;24 h;0.0;Partner: ElektroHurt;5908921838021;EPECOTANKL-151;Tajlandia;drukarka, startowy materiał eksploatacyjny, kabel zasilający;Technologia druku: laserowa kolor | Prędkość druku: 34 str./min | Łączność: Wi-Fi, USB;Epson EcoTank L8050 to drukarka z oferty TechStore. Produkt dostarczany jest w oryginalnym opakowaniu producenta i objęty pełną obsługą serwisową.;produkt.html?id=1383
1384;AKC-70621;Razer Basilisk V3 grafitowy;Akcesoria;Razer;399.99;PLN;399.99;;False;;1538;Na zamówienie;0;0.79;grafitowy;19,8 × 15,9 × 16,5 cm;aluminium i tworzywo;2025-11-10;2025-09-17;;brak;do 14 dni;0.0;Partner: ElektroHurt;5909557176267;RABASILISK-397;Chiny;urządzenie, odbiornik/kabel, instrukcja;Łączność: bezprzewodowa 2,4 GHz | Zasilanie: akumulator | Kompatybilność: Windows, macOS, Linux;Razer Basilisk V3 to akcesorium komputerowe z oferty TechStore. Produkt dostarczany jest w oryginalnym opakowaniu producenta i objęty pełną obsługą serwisową.;produkt.html?id=1384
1385;LAP-51597;HP EliteBook 840 16/1 TB;Laptopy;HP;5069.99;PLN;5069.99;;False;4.3;2119;Niedostępny;0;2.19;grafitowy;14,2 × 10,9 × 4,6 cm;aluminium;2026-08-24;2024-10-02;;brak;brak terminu;0.0;TechStore;5902205897818;HPELITEBOO-627;Chiny;laptop, zasilacz, instrukcja;"Procesor: AMD Ryzen 5 7530U | Ekran: 15,6"" 1920×1080 | System operacyjny: Windows 11 Pro";HP EliteBook 840 to laptop z oferty TechStore. Produkt dostarczany jest w oryginalnym opakowaniu producenta i objęty pełną obsługą serwisową.;produkt.html?id=1385
1386;SMA-98045;Motorola Moto G84 6/128 GB;Smartfony;Motorola;4369.99;PLN;4369.99;5003.99;True;3.2;1853;Dostępny;105;0.2;srebrny;21,9 × 27,1 × 9,7 cm;aluminium i tworzywo;2024-02-21;2022-08-05;24;24 mies.;24 h;0.0;TechStore Outlet;5906587748238;MOMOTOG84-771;Indie;telefon, kabel USB-C, kluczyk do karty SIM;"Przekątna ekranu: 6,1"" | Aparat główny: 64 Mpx | Bateria: 4500 mAh";Motorola Moto G84 to smartfon z oferty TechStore. Produkt dostarczany jest w oryginalnym opakowaniu producenta i objęty pełną obsługą serwisową.;produkt.html?id=1386
1387;SLU-95524;JBL Tune 760NC beżowe;Słuchawki;JBL;187.96;USD;46.99;;False;4.8;977;Ostatnie sztuki;1;0.06;beżowe;17,0 × 21,8 × 24,2 cm;aluminium i tworzywo;2026-03-07;2024-06-21;12;12 mies.;1–2 dni robocze;14.99;TechStore;5905364042208;JBTUNE760N-293;Tajwan;słuchawki, etui, kabel USB-C;Typ: nauszne | Łączność: Bluetooth 5.3 | Czas pracy: 60 h;JBL Tune 760NC to słuchawki z oferty TechStore. Produkt dostarczany jest w oryginalnym opakowaniu producenta i objęty pełną obsługą serwisową.;produkt.html?id=1387
1388;MON-47328;LG 27GP850 + głośniki USB;Monitory;LG;2309.99;PLN;2309.99;;False;4.3;873;Dostępny;105;4.38;grafitowy;19,7 × 35,0 × 8,4 cm;stal i tworzywo;2024-07-31;2024-01-17;36;36 mies.;24 h;0.0;TechStore;5900905251951;LG27GP850-739;Indie;monitor, podstawa, kabel zasilający, kabel HDMI;"Przekątna: 23,8"" | Rozdzielczość: 1920×1080 | Odświeżanie: 165 Hz";LG 27GP850 to monitor z oferty TechStore. Produkt dostarczany jest w oryginalnym opakowaniu producenta i objęty pełną obsługą serwisową.;produkt.html?id=1388
1389;DRU-74494;Epson EcoTank L3270;Drukarki;Epson;389.99;PLN;389.99;;False;3.2;1350;Ostatnie sztuki;3;11.63;czarny;12,6 × 11,2 × 2,0 cm;aluminium;2026-01-19;2025-08-18;24;24 mies.;1–2 dni robocze;0.0;TechStore;5900502210891;EPECOTANKL-761;Malezja;drukarka, startowy materiał eksploatacyjny, kabel zasilający;Technologia druku: laserowa mono | Prędkość druku: 30 str./min | Łączność: USB;Epson EcoTank L3270 to drukarka z oferty TechStore. Produkt dostarczany jest w oryginalnym opakowaniu producenta i objęty pełną obsługą serwisową.;produkt.html?id=1389
1391;LAP-95290;Acer Nitro V15 16/512 GB;Laptopy;Acer;7719.99;PLN;7719.99;;False;3.9;2317;Dostępny;104;2.17;czarny;22,4 × 40,1 × 11,9 cm;stal i tworzywo;2024-07-06;2023-06-14;24;24 mies.;24 h;0.0;TechStore Outlet;5900994454317;ACNITROV15-102;Tajwan;laptop, zasilacz, instrukcja;"Procesor: Intel Core i5-1335U | Ekran: 16"" 2560×1600 | System operacyjny: Windows 11 Pro";Acer Nitro V15 to laptop z oferty TechStore. Produkt dostarczany jest w oryginalnym opakowaniu producenta i objęty pełną obsługą serwisową.;produkt.html?id=1391
1392;SMA-93333;Google Pixel 9 8/256 GB;Smartfony;Google;1379.99;PLN;1379.99;1785.99;True;3.5;460;Dostępny;91;0.19;biały;10,9 × 7,7 × 6,5 cm;aluminium;2024-05-12;2023-07-10;36;36 mies.;24 h;0.0;TechStore;5901755685264;GOPIXEL9-583;Malezja;telefon, kabel USB-C, kluczyk do karty SIM;"Przekątna ekranu: 6,1"" | Aparat główny: 64 Mpx | Bateria: 4500 mAh";Google Pixel 9 to smartfon z oferty TechStore. Produkt dostarczany jest w oryginalnym opakowaniu producenta i objęty pełną obsługą serwisową.;produkt.html?id=1392
1393;SLU-66811;Sennheiser HD 450BT białe;Słuchawki;Sennheiser;1489.99;PLN;1489.99;;False;3.1;1123;Dostępny;64;0.27;białe;58,9 × 15,2 × 21,1 cm;stal i tworzywo;2024-06-10;2023-09-20;12;12 mies.;24 h;0.0;TechStore;5904760884973;SEHD450BT-136;Tajwan;słuchawki, etui, kabel USB-C;Typ: douszne | Łączność: Bluetooth 5.3 | Czas pracy: 60 h;Sennheiser HD 450BT to słuchawki z oferty TechStore. Produkt dostarczany jest w oryginalnym opakowaniu producenta i objęty pełną obsługą serwisową.;produkt.html?id=1393
1394;MON-40470;AOC Q27G3XMN;Monitory;AOC;1589.99;PLN;1589.99;;False;;148;Dostępny;58;4.23;niebieski;19,3 × 4,1 × 17,0 cm;aluminium;2025-11-03;2023-12-13;48;48 mies.;24 h;0.0;TechStore;5901211153527;AOQ27G3XMN-633;Malezja;monitor, podstawa, kabel zasilający, kabel HDMI;"Przekątna: 31,5"" | Rozdzielczość: 3840×2160 | Odświeżanie: 75 Hz";AOC Q27G3XMN to monitor z oferty TechStore. Produkt dostarczany jest w oryginalnym opakowaniu producenta i objęty pełną obsługą serwisową.;produkt.html?id=1394
1395;DRU-91656;Canon PIXMA G650;Drukarki;Canon;2349.99;PLN;2349.99;;False;3.6;1667;Dostępny;7;8.53;czarny;51,4 × 30,3 × 4,2 cm;stal i tworzywo;2026-01-24;2025-07-19;36;36 mies.;24 h;0.0;TechStore Outlet;5905669610444;CAPIXMAG65-100;Wietnam;drukarka, startowy materiał eksploatacyjny, kabel zasilający;Technologia druku: laserowa mono | Prędkość druku: 34 str./min | Łączność: Wi-Fi, USB;Canon PIXMA G650 to drukarka z oferty TechStore. Produkt dostarczany jest w oryginalnym opakowaniu producenta i objęty pełną obsługą serwisową.;produkt.html?id=1395
1396;AKC-32628;Razer Basilisk V3 różowy;Akcesoria;Razer;169.99;PLN;169.99;;False;4.0;2238;Dostępny;79;0.11;różowy;31,8 × 39,8 × 12,7 cm;tworzywo sztuczne;2025-04-27;2024-09-02;24;24 mies.;24 h;14.99;TechStore Outlet;5901531014504;RABASILISK-664;Wietnam;urządzenie, odbiornik/kabel, instrukcja;Łączność: Bluetooth | Zasilanie: akumulator | Kompatybilność: Windows;Razer Basilisk V3 to akcesorium komputerowe z oferty TechStore. Produkt dostarczany jest w oryginalnym opakowaniu producenta i objęty pełną obsługą serwisową.;produkt.html?id=1396
1397;LAP-30664;HP Pavilion 15 32/2 TB;Laptopy;HP;5749.99;PLN;5749.99;6717.99;True;4.8;2220;Na zamówienie;0;1.65;czarny;39,6 × 32,8 × 7,1 cm;aluminium;2025-09-26;2024-04-30;24;24 mies.;do 14 dni;0.0;TechStore;5905181289048;HPPAVILION-925;Tajwan;laptop, zasilacz, instrukcja;"Procesor: AMD Ryzen 7 7735HS | Ekran: 15,6"" 1920×1080 | System operacyjny: bez systemu";HP Pavilion 15 to laptop z oferty TechStore. Produkt dostarczany jest w oryginalnym opakowaniu producenta i objęty pełną obsługą serwisową.;produkt.html?id=1397
1398;SMA-19407;Xiaomi Poco X6 8/128 GB;Smartfony;Xiaomi;2809.99;PLN;2809.99;;False;4.7;2243;Niedostępny;0;0.18;czarny;34,0 × 6,5 × 5,6 cm;aluminium;2024-12-04;2024-05-30;24;24 mies.;brak terminu;0.0;Partner: ElektroHurt;5906125392462;XIPOCOX6-601;Wietnam;telefon, kabel USB-C, kluczyk do karty SIM;"Przekątna ekranu: 6,7"" | Aparat główny: 64 Mpx | Bateria: 4500 mAh";Xiaomi Poco X6 to smartfon z oferty TechStore. Produkt dostarczany jest w oryginalnym opakowaniu producenta i objęty pełną obsługą serwisową.;produkt.html?id=1398
1399;SLU-34692;Sennheiser Accentum beżowe;Słuchawki;Sennheiser;1789.99;PLN;1789.99;;False;4.5;717;Dostępny;35;0.09;beżowe;35,4 × 27,1 × 12,7 cm;aluminium i tworzywo;2025-12-05;2024-04-12;12;12 mies.;24 h;0.0;Partner: ElektroHurt;5904297040990;SEACCENTUM-339;Tajlandia;słuchawki, etui, kabel USB-C;Typ: nauszne | Łączność: Bluetooth 5.2 | Czas pracy: 30 h;Sennheiser Accentum to słuchawki z oferty TechStore. Produkt dostarczany jest w oryginalnym opakowaniu producenta i objęty pełną obsługą serwisową.;produkt.html?id=1399
1400;MON-43313;iiyama ProLite XUB2493 + uchwyt VESA;Monitory;iiyama;869.99;PLN;869.99;;False;3.4;2100;Dostępny;63;4.93;grafitowy;31,7 × 38,4 × 16,9 cm;stal i tworzywo;2024-10-18;2023-07-03;48;48 mies.;24 h;0.0;TechStore Outlet;5909419235172;IIPROLITEX-842;Malezja;monitor, podstawa, kabel zasilający, kabel HDMI;"Przekątna: 31,5"" | Rozdzielczość: 3840×2160 | Odświeżanie: 75 Hz";iiyama ProLite XUB2493 to monitor z oferty TechStore. Produkt dostarczany jest w oryginalnym opakowaniu producenta i objęty pełną obsługą serwisową.;produkt.html?id=1400
1401;DRU-63781;Brother HL-L2445DW + etui na dokumenty;Drukarki;Brother;439.99;PLN;439.99;;False;3.1;122;Na zamówienie;0;11.82;grafitowy;43,8 × 33,0 × 23,7 cm;tworzywo sztuczne;2024-10-14;2023-11-03;24;24 mies.;do 14 dni;0.0;TechStore;5904354496823;BRHLL2445D-377;Indie;drukarka, startowy materiał eksploatacyjny, kabel zasilający;Technologia druku: atramentowa kolor | Prędkość druku: 20 str./min | Łączność: Wi-Fi, LAN, USB;Brother HL-L2445DW to drukarka z oferty TechStore. Produkt dostarczany jest w oryginalnym opakowaniu producenta i objęty pełną obsługą serwisową.;produkt.html?id=1401
1402;AKC-43616;Trust Ozaa różowy;Akcesoria;Trust;419.99;PLN;419.99;516.99;True;4.0;2245;Niedostępny;0;0.25;różowy;9,6 × 35,4 × 24,3 cm;aluminium i tworzywo;2026-06-30;2026-02-25;24;24 mies.;brak terminu;0.0;Partner: ElektroHurt;5905093941618;TROZAA-633;Tajlandia;urządzenie, odbiornik/kabel, instrukcja;Łączność: bezprzewodowa 2,4 GHz | Zasilanie: bateria AA | Kompatybilność: Windows, macOS;Trust Ozaa to akcesorium komputerowe z oferty TechStore. Produkt dostarczany jest w oryginalnym opakowaniu producenta i objęty pełną obsługą serwisową.;produkt.html?id=1402
1403;LAP-80749;HP EliteBook 840 32/1 TB;Laptopy;HP;4239.96;USD;1059.99;;False;;1613;Niedostępny;0;1.92;niebieski;48,7 × 24,5 × 1,3 cm;stal i tworzywo;2026-07-09;2025-06-11;24;24 mies.;brak terminu;0.0;TechStore Outlet;5906072061877;HPELITEBOO-298;Tajwan;laptop, zasilacz, instrukcja;"Procesor: AMD Ryzen 5 7530U | Ekran: 14"" 1920×1200 | System operacyjny: bez systemu";HP EliteBook 840 to laptop z oferty TechStore. Produkt dostarczany jest w oryginalnym opakowaniu producenta i objęty pełną obsługą serwisową.;produkt.html?id=1403
1404;SMA-32091;Google Pixel 8a 6/128 GB;Smartfony;Google;1689.99;PLN;1689.99;2160.99;True;3.7;1437;Ostatnie sztuki;4;0.2;grafitowy;18,2 × 42,0 × 7,6 cm;aluminium;2026-08-22;2024-10-19;24;24 mies.;1–2 dni robocze;0.0;TechStore;5900551631005;GOPIXEL8A-566;Indie;telefon, kabel USB-C, kluczyk do karty SIM;"Przekątna ekranu: 6,1"" | Aparat główny: 64 Mpx | Bateria: 4500 mAh";Google Pixel 8a to smartfon z oferty TechStore. Produkt dostarczany jest w oryginalnym opakowaniu producenta i objęty pełną obsługą serwisową.;produkt.html?id=1404
1405;SLU-66645;Logitech G435 niebieskie;Słuchawki;Logitech;1459.99;PLN;1459.99;;False;3.6;1857;Ostatnie sztuki;1;0.14;niebieskie;25,0 × 5,1 × 19,6 cm;stal i tworzywo;2026-04-05;2025-05-27;12;12 mies.;1–2 dni robocze;0.0;Partner: ElektroHurt;5902531796179;LOG435-179;Chiny;słuchawki, etui, kabel USB-C;Typ: douszne | Łączność: Bluetooth 5.2 | Czas pracy: 30 h;Logitech G435 to słuchawki z oferty TechStore. Produkt dostarczany jest w oryginalnym opakowaniu producenta i objęty pełną obsługą serwisową.;produkt.html?id=1405
1406;MON-42672;LG 32UN650 + uchwyt VESA;Monitory;LG;2979.96;USD;744.99;;False;4.3;2073;Na zamówienie;0;5.55;biały;26,0 × 27,3 × 3,8 cm;aluminium;2026-02-06;2025-12-13;48;48 mies.;do 14 dni;0.0;TechStore;5903073258491;LG32UN650-372;Indie;monitor, podstawa, kabel zasilający, kabel HDMI;"Przekątna: 31,5"" | Rozdzielczość: 1920×1080 | Odświeżanie: 75 Hz";LG 32UN650 to monitor z oferty TechStore. Produkt dostarczany jest w oryginalnym opakowaniu producenta i objęty pełną obsługą serwisową.;produkt.html?id=1406
1407;DRU-72420;Canon PIXMA G650 + etui na dokumenty;Drukarki;Canon;1569.99;PLN;1569.99;;False;3.9;232;Niedostępny;0;13.58;srebrny;5,3 × 27,6 × 19,8 cm;tworzywo sztuczne;2024-04-19;2022-08-22;24;24 mies.;brak terminu;0.0;TechStore Outlet;5908830677555;CAPIXMAG65-380;Chiny;drukarka, startowy materiał eksploatacyjny, kabel zasilający;Technologia druku: laserowa kolor | Prędkość druku: 20 str./min | Łączność: Wi-Fi, USB;Canon PIXMA G650 to drukarka z oferty TechStore. Produkt dostarczany jest w oryginalnym opakowaniu producenta i objęty pełną obsługą serwisową.;produkt.html?id=1407
1408;AKC-94673;Trust GXT 922 Ybar różowy;Akcesoria;Trust;489.99;PLN;489.99;;False;3.1;1522;Niedostępny;0;0.17;różowy;25,4 × 32,4 × 6,4 cm;tworzywo sztuczne;2024-04-08;2023-11-11;24;24 mies.;brak terminu;0.0;TechStore Outlet;5900458864846;TRGXT922YB-504;Chiny;urządzenie, odbiornik/kabel, instrukcja;Łączność: przewodowa USB | Zasilanie: z kabla USB | Kompatybilność: Windows, macOS;Trust GXT 922 Ybar to akcesorium komputerowe z oferty TechStore. Produkt dostarczany jest w oryginalnym opakowaniu producenta i objęty pełną obsługą serwisową.;produkt.html?id=1408
1409;LAP-39000;HP EliteBook 840 32/2 TB;Laptopy;HP;6439.99;PLN;6439.99;;False;4.6;91;Dostępny;52;1.29;srebrny;14,7 × 17,3 × 19,6 cm;tworzywo sztuczne;2025-06-03;2024-03-05;36;36 mies.;24 h;0.0;TechStore Outlet;5908712916094;HPELITEBOO-230;Indie;laptop, zasilacz, instrukcja;"Procesor: AMD Ryzen 5 7530U | Ekran: 14"" 1920×1200 | System operacyjny: Windows 11 Home";HP EliteBook 840 to laptop z oferty TechStore. Produkt dostarczany jest w oryginalnym opakowaniu producenta i objęty pełną obsługą serwisową.;produkt.html?id=1409
1410;SMA-73601;Xiaomi Poco X6 8/256 GB;Smartfony;Xiaomi;2949.99;PLN;2949.99;;False;4.2;449;Niedostępny;0;0.19;niebieski;7,3 × 23,6 × 12,3 cm;tworzywo sztuczne;2024-06-29;2023-04-05;24;24 mies.;brak terminu;0.0;TechStore;5900358243424;XIPOCOX6-585;Wietnam;telefon, kabel USB-C, kluczyk do karty SIM;"Przekątna ekranu: 6,1"" | Aparat główny: 108 Mpx | Bateria: 5500 mAh";Xiaomi Poco X6 to smartfon z oferty TechStore. Produkt dostarczany jest w oryginalnym opakowaniu producenta i objęty pełną obsługą serwisową.;produkt.html?id=1410
1411;SLU-35545;Sony WH-CH720N białe;Słuchawki;Sony;1409.99;PLN;1409.99;;False;4.3;546;Dostępny;17;0.12;białe;39,3 × 27,5 × 13,7 cm;aluminium i tworzywo;2025-06-04;2024-06-13;;brak;24 h;0.0;TechStore Outlet;5904842571618;SOWHCH720N-265;Indie;słuchawki, etui, kabel USB-C;Typ: dokanałowe | Łączność: Bluetooth 5.2 | Czas pracy: 60 h;Sony WH-CH720N to słuchawki z oferty TechStore. Produkt dostarczany jest w oryginalnym opakowaniu producenta i objęty pełną obsługą serwisową.;produkt.html?id=1411
1412;MON-39440;AOC Q27G3XMN + uchwyt VESA;Monitory;AOC;759.99;PLN;759.99;;False;4.4;865;Na zamówienie;0;6.28;niebieski;6,4 × 3,6 × 7,9 cm;aluminium i tworzywo;2024-08-28;2023-07-15;48;48 mies.;do 14 dni;0.0;Partner: ElektroHurt;5905811185213;AOQ27G3XMN-580;Indie;monitor, podstawa, kabel zasilający, kabel HDMI;"Przekątna: 23,8"" | Rozdzielczość: 3840×2160 | Odświeżanie: 165 Hz";AOC Q27G3XMN to monitor z oferty TechStore. Produkt dostarczany jest w oryginalnym opakowaniu producenta i objęty pełną obsługą serwisową.;produkt.html?id=1412
1413;DRU-10274;Brother DCP-L2620DW + etui na dokumenty;Drukarki;Brother;1329.99;PLN;1329.99;;False;3.3;1778;Dostępny;41;11.43;grafitowy;21,7 × 10,5 × 3,4 cm;tworzywo sztuczne;2024-06-26;2022-09-14;24;24 mies.;24 h;0.0;Partner: ElektroHurt;5906147652755;BRDCPL2620-936;Chiny;drukarka, startowy materiał eksploatacyjny, kabel zasilający;Technologia druku: atramentowa kolor | Prędkość druku: 30 str./min | Łączność: Wi-Fi, LAN, USB;Brother DCP-L2620DW to drukarka z oferty TechStore. Produkt dostarczany jest w oryginalnym opakowaniu producenta i objęty pełną obsługą serwisową.;produkt.html?id=1413
1414;AKC-37155;Logitech MX Keys S grafitowy;Akcesoria;Logitech;379.99;PLN;379.99;;False;3.2;207;Ostatnie sztuki;3;0.24;grafitowy;15,9 × 14,7 × 19,7 cm;tworzywo sztuczne;2025-03-15;2024-09-25;;brak;1–2 dni robocze;0.0;Partner: ElektroHurt;5907619576457;LOMXKEYSS-852;Tajwan;urządzenie, odbiornik/kabel, instrukcja;Łączność: przewodowa USB | Zasilanie: akumulator | Kompatybilność: Windows, macOS, Linux;Logitech MX Keys S to akcesorium komputerowe z oferty TechStore. Produkt dostarczany jest w oryginalnym opakowaniu producenta i objęty pełną obsługą serwisową.;produkt.html?id=1414
1415;LAP-51966;Acer Swift Go 14 32/1 TB;Laptopy;Acer;4419.99;PLN;4419.99;;False;4.5;1581;Dostępny;42;2.32;grafitowy;13,6 × 29,7 × 22,9 cm;aluminium;2024-10-02;2024-08-06;24;24 mies.;24 h;0.0;TechStore Outlet;5907996733923;ACSWIFTGO1-608;Tajlandia;laptop, zasilacz, instrukcja;"Procesor: Intel Core i5-1335U | Ekran: 15,6"" 1920×1080 | System operacyjny: bez systemu";Acer Swift Go 14 to laptop z oferty TechStore. Produkt dostarczany jest w oryginalnym opakowaniu producenta i objęty pełną obsługą serwisową.;produkt.html?id=1415
1416;SMA-26293;Samsung Galaxy A35 6/128 GB;Smartfony;Samsung;1709.99;PLN;1709.99;;False;4.4;1721;Dostępny;17;0.18;srebrny;8,2 × 3,9 × 2,1 cm;aluminium i tworzywo;2025-06-07;2024-02-27;24;24 mies.;24 h;0.0;TechStore;5908844244432;SAGALAXYA3-742;Malezja;telefon, kabel USB-C, kluczyk do karty SIM;"Przekątna ekranu: 6,6"" | Aparat główny: 108 Mpx | Bateria: 4500 mAh";Samsung Galaxy A35 to smartfon z oferty TechStore. Produkt dostarczany jest w oryginalnym opakowaniu producenta i objęty pełną obsługą serwisową.;produkt.html?id=1416
1417;SLU-70381;Jabra Elite 85t niebieskie;Słuchawki;Jabra;1789.99;PLN;1789.99;;False;4.4;1629;Dostępny;82;0.17;niebieskie;14,7 × 15,8 × 13,9 cm;stal i tworzywo;2024-04-06;2023-11-07;;brak;24 h;0.0;Partner: ElektroHurt;5900309685604;JAELITE85T-890;Malezja;słuchawki, etui, kabel USB-C;Typ: nauszne | Łączność: Bluetooth 5.2 | Czas pracy: 50 h;Jabra Elite 85t to słuchawki z oferty TechStore. Produkt dostarczany jest w oryginalnym opakowaniu producenta i objęty pełną obsługą serwisową.;produkt.html?id=1417
1418;MON-19305;BenQ GW2785TC;Monitory;BenQ;529.99;PLN;529.99;;False;3.8;2294;Niedostępny;0;6.86;grafitowy;55,6 × 22,5 × 12,6 cm;stal i tworzywo;2026-01-17;2025-07-18;36;36 mies.;brak terminu;0.0;Partner: ElektroHurt;5908209522232;BEGW2785TC-735;Tajlandia;monitor, podstawa, kabel zasilający, kabel HDMI;"Przekątna: 31,5"" | Rozdzielczość: 1920×1080 | Odświeżanie: 75 Hz";BenQ GW2785TC to monitor z oferty TechStore. Produkt dostarczany jest w oryginalnym opakowaniu producenta i objęty pełną obsługą serwisową.;produkt.html?id=1418
1419;DRU-22702;HP LaserJet M110we + kabel USB;Drukarki;HP;1728.56;EUR;401.99;518.99;True;3.3;45;Na zamówienie;0;6.33;niebieski;41,8 × 32,4 × 11,9 cm;aluminium i tworzywo;2024-06-11;2022-07-15;24;24 mies.;do 14 dni;0.0;TechStore;5907893637923;HPLASERJET-739;Tajwan;drukarka, startowy materiał eksploatacyjny, kabel zasilający;Technologia druku: laserowa mono | Prędkość druku: 34 str./min | Łączność: Wi-Fi, USB;HP LaserJet M110we to drukarka z oferty TechStore. Produkt dostarczany jest w oryginalnym opakowaniu producenta i objęty pełną obsługą serwisową.;produkt.html?id=1419
1420;AKC-57877;Razer DeathAdder V3 grafitowy;Akcesoria;Razer;599.99;PLN;599.99;;False;3.6;343;Dostępny;15;0.86;grafitowy;18,6 × 34,0 × 3,8 cm;aluminium;2026-08-17;2025-09-16;24;24 mies.;24 h;0.0;TechStore;5906312173602;RADEATHADD-666;Malezja;urządzenie, odbiornik/kabel, instrukcja;Łączność: bezprzewodowa 2,4 GHz | Zasilanie: bateria AA | Kompatybilność: Windows, macOS;Razer DeathAdder V3 to akcesorium komputerowe z oferty TechStore. Produkt dostarczany jest w oryginalnym opakowaniu producenta i objęty pełną obsługą serwisową.;produkt.html?id=1420
